Workbook

Sheet 갑지
A2: 견 적 서
A5: 수신인 : | B5: 주식회사 에스엔아이 코퍼레이션 | F5: 등록번호 | G5: 513-81-40808
F6: 상 호
A7: 공사명 : | B7: 사택 9동303호 난방분배기교체 작업 외 3개소 | F7: 대표 이사 | G7: 이 성 철
F8: 사업장 | G8: 경북 칠곡군 석적읍 동중리1길(중리 97-2)
A9: 견적일 : | B9: 2025 년 01 월 07 일 | F9: 업 태 | G9: 건설업/제조업/도매및소매업
F10: 종 목 | G10: 기계설비공사/플랜트구조물,철구조물/금속구조물,창호
F11: TEL, FAX | G11: ☏(054)977-8100 FAX(054)977-8102
A12: 금액: | B12: =NUMBERSTRING(F31,1) -> 일백사십삼만삼천 | D12: 원정
A14: NO | B14: 품명 | C14: 규격 | D14: 수량 | E14: 단위 | F14: 금액 | G14: 비고
B15: 직접비
B16: 재료비 | F16: ='내역서(표준단가)'!O15 -> 450386.56
B17: 노무비 | F17: ='내역서(표준단가)'!Q15 -> 793490
B18: 기계/기타경비 | F18: ='내역서(표준단가)'!S15+'내역서(표준단가)'!U15 -> 0
B19: 소계 | F19: =F16+F17+F18 -> 1243876.6
B20: 간접비
B21: 국민연금 | C21: 노무비*4.5% | D21: 1 | E21: 식 | F21: =F17*4.5% -> 35707.05 | G21: 모든공사에 적용
B22: 건강보험료 | C22: 노무비*3.545% | D22: 1 | E22: 식 | F22: =F17*3.545% -> 28129.221 | G22: 모든공사에 적용
B23: 장기요양보험료 | C23: 건강보험료*12.95% | D23: 1 | E23: 식 | F23: =F22*12.95% -> 3642.7341 | G23: 모든공사에 적용
B24: 고용보험료 | C24: 노무비*1.01% | D24: 1 | E24: 식 | F24: =F17*1.01% -> 8014.249 | G24: 모든공사에 적용
B25: 산재보험료 | C25: 노무비*3.56% | D25: 1 | E25: 식 | F25: =F17*3.56% -> 28248.244 | G25: 모든공사에 적용
B26: 산업안전보건관리비 | C26: (재료비+노무비)*3.11% | D26: 1 | E26: 식 | F26: =(F16+F17)*3.11% -> 38684.561 | G26: 모든공사에 적용
B27: 일반관리비/이윤 | C27: (노무비+간접공사비)*5% | D27: 1 | E27: 식 | F27: =SUM(F17+F21+F22+F23+F24+F25+F26)*5% -> 46795.803
B28: 소계 | F28: =F21+F22+F23+F24+F25+F26+F27 -> 189221.86
F30: =F19+F28+F29 -> 1433098.4
B31: 합계(단수조정) | F31: =ROUNDDOWN(F30,-3) -> 1433000
B32: VAT별도

Sheet 내역서(표준단가)
O1: ▼낙찰율 | Q1: ▼낙찰율 | S1: ▼낙찰율 | U1: ▼낙찰율
O2: 0.88 | Q2: 0.78 | S2: 1 | U2: 1
F3: ▶ 표준 Code(표준단가/품셈/물정/노임) 순서별 입력(Upload 자동반영) | J3: 주요내역 | L3: 단위 | M3: 수량 | N3: 재료비 | P3: 노무비 | R3: 기계경비 | T3: 기타경비(부자재비) | V3: 합계 | W3: 노무비 할증 | X3: 할증기준
A4: 합계 | F4: 표준단가 D | G4: 표준품셈 E | H4: 물가정보 M | I4: 노임단가 L | J4: 품목 | K4: 규격 | N4: 품셈/표단 | O4: 금액 | P4: 단가 | Q4: 금액 | R4: 단가 | S4: 금액 | T4: 단가 | U4: 금액
A5: =F5&G5&H5&I5 | J5: =갑지!B7 -> 사택 9동303호 난방분배기교체 작업 외 3개소 | O5: =SUM(N5:N5)*M5*$O$2 -> 0 | Q5: =(P5*M5*W5)*$Q$2 -> 0 | S5: =R5*M5*$S$2 -> 0 | U5: =T5*M5*$U$2 -> 0 | V5: =SUM(O5+Q5)+S5+U5 -> 0
A6: =F6&G6&H6&I6 -> E999999 | H6: E999999 | J6: STS온수분배기 | K6: 4구 (2동 203호) | L6: 개 | M6: 1 | N6: 62000 | O6: =SUM(N6:N6)*M6*1 -> 62000 | Q6: =(P6*M6*W6)*$Q$2 -> 0 | S6: =R6*M6*$S$2 -> 0 | U6: =T6*M6*$U$2 -> 0 | V6: =SUM(O6+Q6)+S6+U6 -> 62000
A7: =F7&G7&H7&I7 -> E999999 | H7: E999999 | J7: STS온수분배기 | K7: 5구 (8동 206호 / 9동 303호, 503호) | L7: 개 | M7: 3 | N7: 92000 | O7: =SUM(N7:N7)*M7*1 -> 276000 | Q7: =(P7*M7*W7)*$Q$2 -> 0 | S7: =R7*M7*$S$2 -> 0 | U7: =T7*M7*$U$2 -> 0 | V7: =SUM(O7+Q7)+S7+U7 -> 276000
A8: =F8&G8&H8&I8 -> E999999 | H8: E999999 | J8: XL온돌파이프 | K8: ø15 | L8: m | M8: =2*4 -> 8 | N8: 470 | O8: =SUM(N8:N8)*M8*$O$2 -> 3308.8 | Q8: =(P8*M8*W8)*$Q$2 -> 0 | S8: =R8*M8*$S$2 -> 0 | U8: =T8*M8*$U$2 -> 0 | V8: =SUM(O8+Q8)+S8+U8 -> 3308.8 | X8: 물정24년 12월 P.708
A9: =F9&G9&H9&I9 -> M02502Q710020103 | H9: M02502Q710020103 | J9: XL온돌파이프이음관 | K9: 유니온, ø15 | L9: 개 | M9: =8*1+10*3 -> 38 | N9: 3000 | O9: =SUM(N9:N9)*M9*$O$2 -> 100320 | Q9: =(P9*M9*W9)*$Q$2 -> 0 | S9: =R9*M9*$S$2 -> 0 | U9: =T9*M9*$U$2 -> 0 | V9: =SUM(O9+Q9)+S9+U9 -> 100320
A10: =F10&G10&H10&I10 -> M025805910020112 | H10: M025805910020112 | J10: 가교발포폴리에틸렌보온재 | K10: 카이론, 강관 15, 동관 20, 20T(난연)색상보온재 | L10: m | M10: =1*4 -> 4 | N10: 1788 | O10: =SUM(N10:N10)*M10*$O$2 -> 6293.76 | Q10: =(P10*M10*W10)*$Q$2 -> 0 | S10: =R10*M10*$S$2 -> 0 | U10: =T10*M10*$U$2 -> 0 | V10: =SUM(O10+Q10)+S10+U10 -> 6293.76
A11: =F11&G11&H11&I11 -> M030752111710101 | H11: M030752111710101 | J11: 은박테이프 | K11: 50M/M | L11: R/L | M11: =0.1*4 -> 0.4 | N11: 7000 | O11: =SUM(N11:N11)*M11*$O$2 -> 2464 | Q11: =(P11*M11*W11)*$Q$2 -> 0 | S11: =R11*M11*$S$2 -> 0 | U11: =T11*M11*$U$2 -> 0 | V11: =SUM(O11+Q11)+S11+U11 -> 2464
A12: =F12&G12&H12&I12 -> L039 | I12: L039 | J12: 배관공 | K12: 최소인건비 | L12: 인 | M12: 2 | O12: =ROUND(N12*100%*M12,0) -> 0 | P12: 229664 | Q12: =ROUND(P12*M12*W12,0) -> 459328 | S12: =ROUND(R12*S$2*M12,0) -> 0 | U12: =ROUND(T12*U$2*M12,0) -> 0 | V12: =U12+S12+Q12+O12 -> 459328 | W12: 1
A13: =F13&G13&H13&I13 -> L002 | I13: L002 | J13: 보통인부 | K13: 최소인건비 | L13: 인 | M13: 2 | O13: =ROUND(N13*100%*M13,0) -> 0 | P13: 167081 | Q13: =ROUND(P13*M13*W13,0) -> 334162 | S13: =ROUND(R13*S$2*M13,0) -> 0 | U13: =ROUND(T13*U$2*M13,0) -> 0 | V13: =U13+S13+Q13+O13 -> 334162 | W13: 1
A14: =F14&G14&H14&I14 | O14: =SUM(N14:N14)*M14*$O$2 -> 0 | Q14: =(P14*M14)*$Q$2 -> 0 | S14: =R14*M14*$S$2 -> 0 | U14: =T14*M14*$U$2 -> 0 | V14: =SUM(O14+Q14)+S14+U14 -> 0
O15: =SUM(O5:O14) -> 450386.56 | Q15: =SUM(Q5:Q14) -> 793490 | S15: =SUM(S5:S14) -> 0 | U15: =SUM(U5:U14) -> 0 | V15: 0

Sheet 시중가 근거서류

Sheet Upload
A1: 표준내역코드 | B1: 세부공종 | C1: 품명 | D1: 규격 | E1: 단위 | F1: 수량 | G1: 재료비단가 | H1: 재료비소계 | I1: 노무비단가 | J1: 노무비소계 | K1: 기계경비단가 | L1: 기계경비소계 | M1: 기타경비단가 | N1: 기타경비소계 | O1: 할증코드 | P1: 재료비할증율 | Q1: 노무비할증율 | R1: 할증내용
A2: 999999 | C2: STS온수분배기 | D2: 5구 | E2: 개 | F2: 1 | G2: 62000 | H2: =F2*G2 -> 62000
A3: 999999 | C3: STS온수분배기 | D3: 5구 | E3: 개 | F3: 3 | G3: 92000 | H3: =F3*G3 -> 276000
A4: 999999 | C4: XL온돌파이프 | D4: ø15 | E4: m | F4: 8 | G4: 470 | H4: =F4*G4 -> 3760
A5: 999999
A6: 999999

Sheet Upload-rs
A1: 구분 | B1: 표준단가 | C1: 표준품셈 | D1: 물가정보 | E1: 노임단가 | F1: 수량
A2: ='내역서(표준단가)'!A5 | B2: ='내역서(표준단가)'!F5 -> 0 | C2: ='내역서(표준단가)'!G5 -> 0 | D2: ='내역서(표준단가)'!H5 -> 0 | E2: ='내역서(표준단가)'!I5 -> 0 | F2: ='내역서(표준단가)'!M5 -> 0
A3: ='내역서(표준단가)'!A6 -> E999999 | B3: ='내역서(표준단가)'!F6 -> 0 | C3: ='내역서(표준단가)'!G6 -> 0 | D3: ='내역서(표준단가)'!H6 -> E999999 | E3: ='내역서(표준단가)'!I6 | F3: ='내역서(표준단가)'!M6 -> 1
A4: ='내역서(표준단가)'!A7 -> E999999 | B4: ='내역서(표준단가)'!F7 -> 0 | C4: ='내역서(표준단가)'!G7 -> 0 | D4: ='내역서(표준단가)'!H7 -> E999999 | E4: ='내역서(표준단가)'!I7 | F4: ='내역서(표준단가)'!M7 -> 3
A5: ='내역서(표준단가)'!A8 -> E999999 | B5: ='내역서(표준단가)'!F8 -> 0 | C5: ='내역서(표준단가)'!G8 -> 0 | D5: ='내역서(표준단가)'!H8 -> E999999 | E5: ='내역서(표준단가)'!I8 | F5: ='내역서(표준단가)'!M8 -> 8
A6: ='내역서(표준단가)'!A9 -> M02502Q710020103 | B6: ='내역서(표준단가)'!F9 -> 0 | C6: ='내역서(표준단가)'!G9 -> 0 | D6: ='내역서(표준단가)'!H9 -> M02502Q710020103 | E6: ='내역서(표준단가)'!I9 | F6: ='내역서(표준단가)'!M9 -> 38
A7: ='내역서(표준단가)'!A10 -> M025805910020112 | B7: ='내역서(표준단가)'!F10 -> 0 | C7: ='내역서(표준단가)'!G10 -> 0 | D7: ='내역서(표준단가)'!H10 -> M025805910020112 | E7: ='내역서(표준단가)'!I10 | F7: ='내역서(표준단가)'!M10 -> 4
A8: ='내역서(표준단가)'!A11 -> M030752111710101 | B8: ='내역서(표준단가)'!F11 -> 0 | C8: ='내역서(표준단가)'!G11 -> 0 | D8: ='내역서(표준단가)'!H11 -> M030752111710101 | E8: ='내역서(표준단가)'!I11 | F8: ='내역서(표준단가)'!M11 -> 0.4
A9: ='내역서(표준단가)'!A12 -> L039 | B9: ='내역서(표준단가)'!F12 -> 0 | C9: ='내역서(표준단가)'!G12 -> 0 | D9: ='내역서(표준단가)'!H12 -> 0 | E9: ='내역서(표준단가)'!I12 -> L039 | F9: ='내역서(표준단가)'!M12 -> 2
A10: ='내역서(표준단가)'!A13 -> L002 | B10: ='내역서(표준단가)'!F13 -> 0 | C10: ='내역서(표준단가)'!G13 -> 0 | D10: ='내역서(표준단가)'!H13 -> 0 | E10: ='내역서(표준단가)'!I13 -> L002 | F10: ='내역서(표준단가)'!M13 -> 2
A11: ='내역서(표준단가)'!A14 | B11: ='내역서(표준단가)'!F14 -> 0 | C11: ='내역서(표준단가)'!G14 -> 0 | D11: ='내역서(표준단가)'!H14 -> 0 | E11: ='내역서(표준단가)'!I14 -> 0 | F11: ='내역서(표준단가)'!M14 -> 0
A12: ='내역서(표준단가)'!A15 -> 0 | B12: ='내역서(표준단가)'!F15 -> 0 | C12: ='내역서(표준단가)'!G15 -> 0 | D12: ='내역서(표준단가)'!H15 -> 0 | E12: ='내역서(표준단가)'!I15 -> 0 | F12: ='내역서(표준단가)'!M15 -> 0
A13: ='내역서(표준단가)'!A16 -> 0 | B13: ='내역서(표준단가)'!F16 -> 0 | C13: ='내역서(표준단가)'!G16 -> 0 | D13: ='내역서(표준단가)'!H16 -> 0 | E13: ='내역서(표준단가)'!I16 -> 0 | F13: ='내역서(표준단가)'!M16 -> 0
... A15: ='내역서(표준단가)'!A18 -> 0 | B15: ='내역서(표준단가)'!F18 -> 0 | C15: ='내역서(표준단가)'!G18 -> 0 | D15: ='내역서(표준단가)'!H18 -> 0 | E15: ='내역서(표준단가)'!I18 -> 0 | F15: ='내역서(표준단가)'!M18 -> 0
A16: ='내역서(표준단가)'!A18 -> 0 | B16: ='내역서(표준단가)'!F18 -> 0 | C16: ='내역서(표준단가)'!G18 -> 0 | D16: ='내역서(표준단가)'!H18 -> 0 | E16: ='내역서(표준단가)'!I18 -> 0 | F16: ='내역서(표준단가)'!M18 -> 0

Sheet 공사수립계획서
B1: 공사수립계획서
B4: 업 체 명 | C4: ㈜아트이엔지 | D4: 견적일시 | E4: =갑지!B9 -> 2025 년 01 월 07 일
B5: 공 사 명 | C5: =갑지!B7 -> 사택 9동303호 난방분배기교체 작업 외 3개소
B6: 공사 업체 | C6: ■ 공사기간 : 입찰시스템 계약기간에 준함
C7: ■ 인원투입계획 : 총 0 명(주말 : 0 명)
C8: ■ 시공방법
C9: -. 난방분배기 교체 위치 확인 및 빨래건조대 교체 위치 확인
C10: -. 난방분배기 철거 및 엑셀관 절단 작업
C11: -. 엑셀관 연장작업 및 신규 난방분배기 설치 연결작업
C12: -. 난방 공급,환수배관 연결 및 보온 마감작업
C13: -. 작업장 정리정돈 및 자재 반출
C18: ■ 위험작업 유무 : 무( 일반작업(중량물 작업) )
C19: ■ 안전확보 방안 :
C20: -. 작업전 작업내용 숙지 및 작업 순서 확인.
C21: -. 개인 안전보호구 착용 철저
C22: -. 작업에 사용되는 공도구 사전점검 실시 및 절단,회전공구 사용 시 손베임장갑 착용 철저
... C31: -
B34: ㈜아트이엔지 | C34: 성명 : 김 영 배 | D34: (인감/서명)
B35: ㈜ S&I | C35: 성명 : 이 종 근 | D35: 서명
