Workbook

Sheet 갑지
A2: 견 적 서
A5: 수신인 : 주식회사 에스엔아이 코퍼레이션 | F5: 등록번호 | G5: 314-86-35718
F6: 상 호 | G6: ㈜일성건축
A7: 공사명 : 임차사택 수장공사-황현태책임 | F7: 대표 이사 | G7: 상 석 희
F8: 사업장 | G8: 대전 서구 도마6길 107 (도마동)
A9: 견적일 : 2024 년 12월 30일 | F9: 업 태 | G9: 건설업
F10: 종 목 | G10: 실내건축,인테리어공사
F11: TEL, FAX | G11: 042)527-0995, 042)527-0996
A12: 금액: | B12: =NUMBERSTRING(F31,1) -> 일백칠십만육천 | D12: 원정
A14: NO | B14: 품명 | C14: 규격 | D14: 수량 | E14: 단위 | F14: 금액 | G14: 비고
B15: 직접비
B16: 재료비 | F16: ='내역서(표준단가)'!O10 -> 199732
B17: 노무비 | F17: ='내역서(표준단가)'!Q10 -> 1231883.8
B18: 기계/기타경비 | F18: ='내역서(표준단가)'!S10+'내역서(표준단가)'!U10 -> 0
B19: 소계 | F19: =F16+F17+F18 -> 1431615.8
B20: 간접비
B21: 국민연금 | C21: 노무비*4.5% | D21: 1 | E21: 식 | F21: =F17*4.5% -> 55434.773 | G21: 모든공사에 적용
B22: 건강보험료 | C22: 노무비*3.545% | D22: 1 | E22: 식 | F22: =F17*3.545% -> 43670.282 | G22: 모든공사에 적용
B23: 장기요양보험료 | C23: 건강보험료*12.95% | D23: 1 | E23: 식 | F23: =F22*12.95% -> 5655.3016 | G23: 모든공사에 적용
B24: 고용보험료 | C24: 노무비*1.01% | D24: 1 | E24: 식 | F24: =F17*1.01% -> 12442.027 | G24: 모든공사에 적용
B25: 산재보험료 | C25: 노무비*3.56% | D25: 1 | E25: 식 | F25: =F17*3.56% -> 43855.065 | G25: 모든공사에 적용
B26: 산업안전보건관리비 | C26: (재료비+노무비)*2.93% | D26: 1 | E26: 식 | F26: =(F16+F17)*2.93% -> 41946.344 | G26: 모든공사에 적용
B27: 일반관리비/이윤 | C27: (노무비+간접공사비)*5% | D27: 1 | E27: 식 | F27: =SUM(F17+F21+F22+F23+F24+F25+F26)*5% -> 71744.382
B28: 소계 | F28: =F21+F22+F23+F24+F25+F26+F27 -> 274748.18
F30: =F19+F28+F29 -> 1706364
B31: 합계(단수조정) | F31: =ROUNDDOWN(F30,-3) -> 1706000
B32: VAT별도

Sheet 내역서(표준단가)
O1: ▼낙찰율 | Q1: ▼낙찰율 | S1: ▼낙찰율 | U1: ▼낙찰율
O2: 0.835 | Q2: 0.835 | S2: 0.835 | U2: 0.835
F3: ▶ 표준 Code(표준단가/품셈/물정/노임) 순서별 입력(Upload 자동반영) | J3: 주요내역 | L3: 단위 | M3: 수량 | N3: 재료비 | P3: 노무비 | R3: 기계경비 | T3: 기타경비(부자재비) | V3: 합계 | W3: 노무비 할증 | X3: 할증기준
A4: 합계 | F4: 표준단가 D | G4: 표준품셈 E | H4: 물가정보 M | I4: 노임단가 L | J4: 품목 | K4: 규격 | N4: 품셈/표단 | O4: 금액 | P4: 단가 | Q4: 금액 | R4: 단가 | S4: 금액 | T4: 단가 | U4: 금액
A5: =F5&G5&H5&I5 -> D02641 | F5: D02641 | J5: 제 1호표 도배바름(벽면) | K5: 합판·석고보드면 | L5: ㎡ | M5: 122 | O5: =SUM(N5:N5)*M5*$O$2 -> 0 | P5: 6691 | Q5: =(P5*M5)*$Q$2 -> 681612.17 | S5: =R5*M5*$S$2 -> 0 | U5: =T5*M5*$U$2 -> 0 | V5: =SUM(O5+Q5)+S5+U5 -> 681612.17
A6: =F6&G6&H6&I6 -> D02642 | F6: D02642 | J6: 제 1호표 도배바름(천장) | K6: 합판·석고보드면 | L6: ㎡ | M6: 62 | O6: =SUM(N6:N6)*M6*$O$2 -> 0 | P6: 8698 | Q6: =(P6*M6)*$Q$2 -> 450295.46 | S6: =R6*M6*$S$2 -> 0 | U6: =T6*M6*$U$2 -> 0 | V6: =SUM(O6+Q6)+S6+U6 -> 450295.46
A7: =F7&G7&H7&I7 -> D02873 | F7: D02873 | J7: 제 6호표 건축물 구조체별 철거(벽) | K7: 벽지떼어내기 | L7: ㎡ | M7: 74 | O7: =SUM(N7:N7)*M7*$O$2 -> 0 | P7: 1618 | Q7: =(P7*M7)*$Q$2 -> 99976.22 | S7: =R7*M7*$S$2 -> 0 | U7: =T7*M7*$U$2 -> 0 | V7: =SUM(O7+Q7)+S7+U7 -> 99976.22
J8: ="시중가_"&K8&")" -> 시중가_합지벽지(LG하우시스 휘앙세)) | K8: 합지벽지(LG하우시스 휘앙세) | L8: ㎡ | M8: 184 | N8: 1300 | O8: =SUM(N8:N8)*M8*$O$2 -> 199732 | Q8: =(P8*M8)*$Q$2 -> 0 | S8: =R8*M8*$S$2 -> 0 | U8: =T8*M8*$U$2 -> 0 | V8: =SUM(O8+Q8)+S8+U8 -> 199732
A9: =F9&G9&H9&I9 | O9: =SUM(N9:N9)*M9*$O$2 -> 0 | Q9: =(P9*M9)*$Q$2 -> 0 | S9: =R9*M9*$S$2 -> 0 | U9: =T9*M9*$U$2 -> 0 | V9: =SUM(O9+Q9)+S9+U9 -> 0
O10: =SUM(O5:O9) -> 199732 | Q10: =SUM(Q5:Q9) -> 1231883.8 | S10: =SUM(S5:S9) -> 0 | U10: =SUM(U5:U9) -> 0 | V10: =SUM(V5:V9) -> 1431615.8

Sheet 상세내역
A1: 내 역 서
A2: 품 명 | B2: 규 격 | C2: 단위 | D2: 수 량 | E2: 재 료 비 | G2: 노 무 비 | I2: 기계경비 | K2: 기타경비(부자재비) | M2: 합 계 | O2: 비 고
E3: 단 가 | F3: 금 액 | G3: 단 가 | H3: 금 액 | K3: 단 가 | L3: 금 액 | M3: 단 가 | N3: 금 액
A4: 임차사택 수장공사-황현태책임
A5: 1.도배 | B5: 거실 벽면 | C5: ㎡ | D5: 40 | E5: 1086 | F5: =D5*E5 -> 43440 | G5: 5587 | H5: =D5*G5 -> 223480 | N5: =F5+H5+J5+L5 -> 266920 | O5: 광폭합지 벽지(LX하우시스, 휘앙세), 23년 11월 물가자료
B6: 거실 천정 | C6: ㎡ | D6: 24 | E6: 1086 | F6: =D6*E6 -> 26064 | G6: 7263 | H6: =D6*G6 -> 174312 | N6: =F6+H6+J6+L6 -> 200376
B7: 방A 벽면 | C7: ㎡ | D7: 32 | E7: 1086 | F7: =D7*E7 -> 34752 | G7: 5587 | H7: =D7*G7 -> 178784 | N7: =F7+H7+J7+L7 -> 213536
B8: 방A 천정 | C8: ㎡ | D8: 16 | E8: 1086 | F8: =D8*E8 -> 17376 | G8: 7263 | H8: =D8*G8 -> 116208 | N8: =F8+H8+J8+L8 -> 133584
B9: 방B 벽면 | C9: ㎡ | D9: 25 | E9: 1086 | F9: =D9*E9 -> 27150 | G9: 5587 | H9: =D9*G9 -> 139675 | N9: =F9+H9+J9+L9 -> 166825
B10: 방B 천정 | C10: ㎡ | D10: 11 | E10: 1086 | F10: =D10*E10 -> 11946 | G10: 7263 | H10: =D10*G10 -> 79893 | N10: =F10+H10+J10+L10 -> 91839
B11: 방C 벽면 | C11: ㎡ | D11: 25 | E11: 1086 | F11: =D11*E11 -> 27150 | G11: 5587 | H11: =D11*G11 -> 139675 | N11: =F11+H11+J11+L11 -> 166825
B12: 방C 천정 | C12: ㎡ | D12: 11 | E12: 1086 | F12: =D12*E12 -> 11946 | G12: 7263 | H12: =D12*G12 -> 79893 | N12: =F12+H12+J12+L12 -> 91839
B13: 벽지 떼어내기 40% 적용 | C13: ㎡ | D13: =SUM(D5:D12)*40% -> 73.6 | G13: 1351 | H13: =D13*G13 -> 99433.6 | N13: =F13+H13+J13+L13 -> 99433.6
A14: 소 계 | D14: =SUM(D5:D12) -> 184 | F14: =SUM(F5:F13) -> 199824 | H14: =SUM(H5:H13) -> 1231353.6 | J14: =SUM(J5:J13) -> 0 | L14: =SUM(L5:L13) -> 0 | N14: =SUM(N5:N13) -> 1431177.6
A15: 2.바닥재 | B15: 거실 바닥 철거 | C15: ㎡ | O15: LX하우시스, 청맥 1.8T
B16: 방A 바닥 철거 | C16: ㎡
B17: 방B 바닥 철거 | C17: ㎡
B18: 방C 바닥 철거 | C18: ㎡
B19: 접착제(부분접착) | C19: kg
B20: 거실 바닥 | C20: ㎡
B21: 방A 바닥 | C21: ㎡
B22: 방B 바닥 | C22: ㎡
B23: 방C 바닥 | C23: ㎡
A24: 소 계 | D24: =SUM(D20:D23) -> 0 | F24: =SUM(F15:F23) -> 0 | H24: =SUM(H15:H23) -> 0 | J24: =SUM(J15:J23) -> 0 | L24: =SUM(L15:L23) -> 0 | N24: =SUM(N15:N23) -> 0
A25: 합 계 | F25: =F14+F24 -> 199824 | H25: =H14+H24 -> 1231353.6 | J25: =J15+J24+#REF!+#REF!+#REF!+#REF!+#REF!+#REF!+#REF! -> #REF! | N25: =N14+N24 -> 1431177.6

Sheet 시중가 근거서류
A2: ■ 벽지 자재비 근거서류(999999)
A3: 코드 | B3: 품목 | C3: 규격 | D3: 단가(m2) | E3: 적용기준
A4: 999999 | B4: 벽지(LG 휘앙세) | C4: 장폭합지 | D4: 1300 | E4: 물가자료 2023.11

Sheet Upload
A1: 표준내역코드 | B1: 세부공종 | C1: 품명 | D1: 규격 | E1: 단위 | F1: 수량 | G1: 재료비단가 | H1: 재료비소계 | I1: 노무비단가 | J1: 노무비소계 | K1: 기계경비단가 | L1: 기계경비소계 | M1: 기타경비단가 | N1: 기타경비소계 | O1: 할증코드 | P1: 재료비할증율 | Q1: 노무비할증율 | R1: 할증내용
A2: 999999 | B2: 영선,건축 | C2: 합지벽지, 23년 11월 물가자료 | D2: LX하우시스, 휘앙세 93*17.75, M2당 | E2: ㎡ | F2: 184 | G2: 1086

Sheet Upload-rs
A1: 구분 | B1: 표준단가 | C1: 표준품셈 | D1: 물가정보 | E1: 노임단가 | F1: 수량
A2: ='내역서(표준단가)'!A5 -> D02641 | B2: ='내역서(표준단가)'!F5 -> D02641 | C2: ='내역서(표준단가)'!G5 -> 0 | D2: ='내역서(표준단가)'!H5 -> 0 | E2: ='내역서(표준단가)'!I5 -> 0 | F2: ='내역서(표준단가)'!M5 -> 122
A3: ='내역서(표준단가)'!A6 -> D02642 | B3: ='내역서(표준단가)'!F6 -> D02642 | C3: ='내역서(표준단가)'!G6 -> 0 | D3: ='내역서(표준단가)'!H6 -> 0 | E3: ='내역서(표준단가)'!I6 -> 0 | F3: ='내역서(표준단가)'!M6 -> 62
A4: ='내역서(표준단가)'!A7 -> D02873 | B4: ='내역서(표준단가)'!F7 -> D02873 | C4: ='내역서(표준단가)'!G7 -> 0 | D4: ='내역서(표준단가)'!H7 -> 0 | E4: ='내역서(표준단가)'!I7 -> 0 | F4: ='내역서(표준단가)'!M7 -> 74
