Workbook

Sheet 갑지
A2: 견 적 서
A5: 수신인 : 주식회사 에스엔아이 코퍼레이션 | F5: 등록번호 | G5: 314-86-35718
F6: 상 호 | G6: ㈜일성건축
A7: 공사명 : 사택 2-203 수장공사 | F7: 대표 이사 | G7: 상 석 희
F8: 사업장 | G8: 대전 서구 도마6길 107 (도마동)
A9: 견적일 : 2025년 01월 06일 | F9: 업 태 | G9: 건설업
F10: 종 목 | G10: 실내건축,인테리어공사
F11: TEL, FAX | G11: 042)527-0995, 042)527-0996
A12: 금액: | B12: =NUMBERSTRING(F31,1) -> 이백오십팔만오천 | D12: 원정
A14: NO | B14: 품명 | C14: 규격 | D14: 수량 | E14: 단위 | F14: 금액 | G14: 비고
B15: 직접비
B16: 재료비 | F16: ='내역서(표준단가)'!O20 -> 612383.99
B17: 노무비 | F17: ='내역서(표준단가)'!Q20 -> 1601337.1
B18: 기계/기타경비 | F18: ='내역서(표준단가)'!S20+'내역서(표준단가)'!U20 -> 0
B19: 소계 | F19: =F16+F17+F18 -> 2213721.1
B20: 간접비
B21: 국민연금 | C21: 노무비*4.5% | D21: 1 | E21: 식 | F21: =F17*4.5% -> 72060.17 | G21: 모든공사에 적용
B22: 건강보험료 | C22: 노무비*3.545% | D22: 1 | E22: 식 | F22: =F17*3.545% -> 56767.401 | G22: 모든공사에 적용
B23: 장기요양보험료 | C23: 건강보험료*12.95% | D23: 1 | E23: 식 | F23: =F22*12.95% -> 7351.3784 | G23: 모든공사에 적용
B24: 고용보험료 | C24: 노무비*1.01% | D24: 1 | E24: 식 | F24: =F17*1.01% -> 16173.505 | G24: 모든공사에 적용
B25: 산재보험료 | C25: 노무비*3.56% | D25: 1 | E25: 식 | F25: =F17*3.56% -> 57007.601 | G25: 모든공사에 적용
B26: 산업안전보건관리비 | C26: (재료비+노무비)*3.11% | D26: 1 | E26: 식 | F26: =(F16+F17)*3.11% -> 68846.726 | G26: 모든공사에 적용
B27: 일반관리비/이윤 | C27: (노무비+간접공사비)*5% | D27: 1 | E27: 식 | F27: =SUM(F17+F21+F22+F23+F24+F25+F26)*5% -> 93977.195
B28: 소계 | F28: =F21+F22+F23+F24+F25+F26+F27 -> 372183.98
F30: =F19+F28+F29 -> 2585905.1
B31: 합계(단수조정) | F31: =ROUNDDOWN(F30,-3) -> 2585000
B32: VAT별도

Sheet 내역서(표준단가)
O1: ▼낙찰율 | Q1: ▼낙찰율 | S1: ▼낙찰율 | U1: ▼낙찰율
O2: 0.835 | Q2: 0.835 | S2: 0.835 | U2: 0.835
F3: ▶ 표준 Code(표준단가/품셈/물정/노임) 순서별 입력(Upload 자동반영) | J3: 주요내역 | L3: 단위 | M3: 수량 | N3: 재료비 | P3: 노무비 | R3: 기계경비 | T3: 기타경비(부자재비) | V3: 합계 | W3: 노무비 할증 | X3: 할증기준
A4: 합계 | F4: 표준단가 D | G4: 표준품셈 E | H4: 물가정보 M | I4: 노임단가 L | J4: 품목 | K4: 규격 | N4: 품셈/표단 | O4: 금액 | P4: 단가 | Q4: 금액 | R4: 단가 | S4: 금액 | T4: 단가 | U4: 금액
A5: =F5&G5&H5&I5 -> D02641 | F5: D02641 | J5: 제 1호표 도배바름(벽면) | K5: 합판·석고보드면 | L5: ㎡ | M5: 105 | O5: =SUM(N5:N5)*M5*$O$2 -> 0 | P5: 6691 | Q5: =(P5*M5)*$Q$2 -> 586633.42 | S5: =R5*M5*$S$2 -> 0 | U5: =T5*M5*$U$2 -> 0 | V5: =SUM(O5+Q5)+S5+U5 -> 586633.42
A6: =F6&G6&H6&I6 -> D02873 | F6: D02873 | J6: 제 6호표 건축물 구조체별 철거(벽) | K6: 벽지떼어내기 | L6: ㎡ | M6: 53 | O6: =SUM(N6:N6)*M6*$O$2 -> 0 | P6: 1618 | Q6: =(P6*M6)*$Q$2 -> 71604.59 | S6: =R6*M6*$S$2 -> 0 | U6: =T6*M6*$U$2 -> 0 | V6: =SUM(O6+Q6)+S6+U6 -> 71604.59
A7: =F7&G7&H7&I7 -> D02859 | F7: D02859 | J7: 제 3호표 건축물 구조체별 철거(바닥 및 수장부분) | K7: 리노륨 | L7: ㎡ | M7: 34 | O7: =SUM(N7:N7)*M7*$O$2 -> 0 | P7: 4855 | Q7: =(P7*M7)*$Q$2 -> 137833.45 | S7: =R7*M7*$S$2 -> 0 | U7: =T7*M7*$U$2 -> 0 | V7: =SUM(O7+Q7)+S7+U7 -> 137833.45
A8: =F8&G8&H8&I8 -> D02558 | F8: D02558 | J8: 제 3호표 PVC계 바닥재 설치(바닥 깔기) | K8: 시트(부분접합 방식) | L8: ㎡ | M8: 34 | O8: =SUM(N8:N8)*M8*$O$2 -> 0 | P8: 4453 | Q8: =(P8*M8)*$Q$2 -> 126420.67 | S8: =R8*M8*$S$2 -> 0 | U8: =T8*M8*$U$2 -> 0 | V8: =SUM(O8+Q8)+S8+U8 -> 126420.67
A9: =F9&G9&H9&I9 -> D02825 | F9: D02825 | J9: 제 2호표 석고보드면 바탕만들기 | K9: 벽체(줄퍼티) | L9: ㎡ | M9: 20 | N9: 528 | O9: =SUM(N9:N9)*M9*$O$2 -> 8817.6 | P9: 10367 | Q9: =(P9*M9)*$Q$2 -> 173128.9 | S9: =R9*M9*$S$2 -> 0 | U9: =T9*M9*$U$2 -> 0 | V9: =SUM(O9+Q9)+S9+U9 -> 181946.5
A10: =F10&G10&H10&I10 -> D02832 | F10: D02832 | J10: 제 1호표 수성페인트 붓칠 | K10: 내벽 | L10: ㎡ | M10: 20 | N10: 461 | O10: =SUM(N10:N10)*M10*$O$2 -> 7698.7 | P10: 6146 | Q10: =(P10*M10)*$Q$2 -> 102638.2 | S10: =R10*M10*$S$2 -> 0 | U10: =T10*M10*$U$2 -> 0 | V10: =SUM(O10+Q10)+S10+U10 -> 110336.9
A11: =F11&G11&H11&I11 -> D02830 | F11: D02830 | J11: 제 2호표 기존 건축물의 바탕만들기(재도장시) | K11: 철재면청소(휘발유사용) | L11: ㎡ | M11: 10 | O11: =SUM(N11:N11)*M11*$O$2 -> 0 | P11: 10426 | Q11: =(P11*M11)*$Q$2 -> 87057.1 | S11: =R11*M11*$S$2 -> 0 | U11: =T11*M11*$U$2 -> 0 | V11: =SUM(O11+Q11)+S11+U11 -> 87057.1
A12: =F12&G12&H12&I12 -> D02836 | F12: D02836 | J12: 제 1호표 유성페인트칠 롤러칠(석고보드면) | K12: 벽체 | L12: ㎡ | M12: 10 | N12: 611 | O12: =SUM(N12:N12)*M12*$O$2 -> 5101.85 | P12: 3735 | Q12: =(P12*M12)*$Q$2 -> 31187.25 | S12: =R12*M12*$S$2 -> 0 | U12: =T12*M12*$U$2 -> 0 | V12: =SUM(O12+Q12)+S12+U12 -> 36289.1
A13: =F13&G13&H13&I13 -> D02830 | F13: D02830 | J13: 제 2호표 기존 건축물의 바탕만들기(재도장시) | K13: 철재면청소(휘발유사용) | L13: ㎡ | M13: 2 | O13: =SUM(N13:N13)*M13*$O$2 -> 0 | P13: 10426 | Q13: =(P13*M13)*$Q$2 -> 17411.42 | S13: =R13*M13*$S$2 -> 0 | U13: =T13*M13*$U$2 -> 0 | V13: =SUM(O13+Q13)+S13+U13 -> 17411.42
A14: =F14&G14&H14&I14 -> D02835 | F14: D02835 | J14: 제 1호표 유성페인트칠 롤러칠(철재면) | K14: 벽체 | L14: ㎡ | M14: 2 | N14: 502 | O14: =SUM(N14:N14)*M14*$O$2 -> 838.34 | P14: 3073 | Q14: =(P14*M14)*$Q$2 -> 5131.91 | S14: =R14*M14*$S$2 -> 0 | U14: =T14*M14*$U$2 -> 0 | V14: =SUM(O14+Q14)+S14+U14 -> 5970.25
A15: =F15&G15&H15&I15 -> M012003400500101 | H15: M012003400500101 | J15: 진양륨펫트 72″ | K15: 주택용 바닥재 1.6T×1,830㎜ | L15: ㎡ | M15: 34 | N15: 15000 | O15: =SUM(N15:N15)*M15*$O$2 -> 425850 | Q15: =(P15*M15)*$Q$2 -> 0 | S15: =R15*M15*$S$2 -> 0 | U15: =T15*M15*$U$2 -> 0 | V15: =SUM(O15+Q15)+S15+U15 -> 425850
A16: =F16&G16&H16&I16 -> M010602702400101 | H16: M010602702400101 | J16: IPALG 조인트용 접착제(TB-100) | K16: 시트용 접착제, | L16: ㎏ | M16: 4 | N16: 15000 | O16: =SUM(N16:N16)*M16*$O$2 -> 50100 | Q16: =(P16*M16)*$Q$2 -> 0 | S16: =R16*M16*$S$2 -> 0 | U16: =T16*M16*$U$2 -> 0 | V16: =SUM(O16+Q16)+S16+U16 -> 50100
J17: ="시중가_"&K17&")" -> 시중가_합지벽지(LG하우시스 휘앙세)) | K17: 합지벽지(LG하우시스 휘앙세) | L17: ㎡ | M17: 105 | N17: 1300 | O17: =SUM(N17:N17)*M17*$O$2 -> 113977.5 | Q17: =(P17*M17)*$Q$2 -> 0 | S17: =R17*M17*$S$2 -> 0 | U17: =T17*M17*$U$2 -> 0 | V17: =SUM(O17+Q17)+S17+U17 -> 113977.5
J18: ="시중가_"&K18&"" -> 시중가_청소, 실내건축 일위대가 적용 | K18: 청소, 실내건축 일위대가 적용 | L18: ㎡ | M18: 40 | O18: =SUM(N18:N18)*M18*$O$2 -> 0 | P18: 7853 | Q18: =(P18*M18)*$Q$2 -> 262290.2 | S18: =R18*M18*$S$2 -> 0 | U18: =T18*M18*$U$2 -> 0 | V18: =SUM(O18+Q18)+S18+U18 -> 262290.2
A19: =F19&G19&H19&I19 | O19: =SUM(N19:N19)*M19*$O$2 -> 0 | Q19: =(P19*M19)*$Q$2 -> 0 | S19: =R19*M19*$S$2 -> 0 | U19: =T19*M19*$U$2 -> 0 | V19: =SUM(O19+Q19)+S19+U19 -> 0
O20: =SUM(O5:O19) -> 612383.99 | Q20: =SUM(Q5:Q19) -> 1601337.1 | S20: =SUM(S5:S19) -> 0 | U20: =SUM(U5:U19) -> 0 | V20: =SUM(V5:V19) -> 2213721.1

Sheet 상세내역
A1: 내 역 서
A2: 품 명 | B2: 규 격 | C2: 단위 | D2: 수 량 | E2: 재 료 비 | G2: 노 무 비 | I2: 기계경비 | K2: 기타경비(부자재비) | M2: 합 계 | O2: 비 고
E3: 단 가 | F3: 금 액 | G3: 단 가 | H3: 금 액 | K3: 단 가 | L3: 금 액 | M3: 단 가 | N3: 금 액
A4: 사택 2-203 수장공사
A5: 1.도배 | B5: 거실 벽면 | C5: ㎡ | D5: 55 | E5: 1086 | F5: =D5*E5 -> 59730 | G5: 5587 | H5: =D5*G5 -> 307285 | N5: =F5+H5+J5+L5 -> 367015 | O5: 광폭합지 벽지(LX하우시스, 휘앙세), 23년 11월 물가자료
B6: 거실 천정 | C6: ㎡
B7: 방A 벽면 | C7: ㎡ | D7: 30 | E7: 1086 | F7: =D7*E7 -> 32580 | G7: 5587 | H7: =D7*G7 -> 167610 | N7: =F7+H7+J7+L7 -> 200190
B8: 방A 천정 | C8: ㎡
B9: 방B 벽면 | C9: ㎡ | D9: 20 | E9: 1086 | F9: =D9*E9 -> 21720 | G9: 5587 | H9: =D9*G9 -> 111740 | N9: =F9+H9+J9+L9 -> 133460
B10: 방B 천정 | C10: ㎡
B11: 벽지 떼어내기 50% 적용 | C11: ㎡ | D11: =SUM(D5:D10)*50% -> 52.5 | G11: 1351 | H11: =D11*G11 -> 70927.5 | N11: =F11+H11+J11+L11 -> 70927.5
A12: 소 계 | D12: =SUM(D5:D10) -> 105 | F12: =SUM(F5:F11) -> 114030 | H12: =SUM(H5:H11) -> 657562.5 | J12: =SUM(J5:J11) -> 0 | L12: =SUM(L5:L11) -> 0 | N12: =SUM(N5:N11) -> 771592.5
A13: 2.바닥재 | B13: 거실 바닥 철거 | C13: ㎡ | D13: 18 | G13: 4054 | H13: =D13*G13 -> 72972 | N13: =F13+H13+J13+L13 -> 72972 | O13: LX하우시스, 청맥 1.8T
B14: 방A 바닥 철거 | C14: ㎡ | D14: 9 | G14: 4054 | H14: =D14*G14 -> 36486 | N14: =F14+H14+J14+L14 -> 36486
B15: 방B 바닥 철거 | C15: ㎡ | D15: 7 | G15: 4054 | H15: =D15*G15 -> 28378 | N15: =F15+H15+J15+L15 -> 28378
B16: 접착제(부분접착) | C16: kg | D16: 4 | E16: 12525 | F16: =D16*E16 -> 50100 | N16: =F16+H16+J16+L16 -> 50100
B17: 거실 바닥 | C17: ㎡ | D17: 18 | E17: 12525 | F17: =D17*E17 -> 225450 | G17: 3718 | H17: =D17*G17 -> 66924 | N17: =F17+H17+J17+L17 -> 292374
B18: 방A 바닥 | C18: ㎡ | D18: 9 | E18: 12525 | F18: =D18*E18 -> 112725 | G18: 3718 | H18: =D18*G18 -> 33462 | N18: =F18+H18+J18+L18 -> 146187
B19: 방B 바닥 | C19: ㎡ | D19: 7 | E19: 12525 | F19: =D19*E19 -> 87675 | G19: 3718 | H19: =D19*G19 -> 26026 | N19: =F19+H19+J19+L19 -> 113701
A20: 소 계 | D20: =SUM(D17:D19) -> 34 | F20: =SUM(F13:F19) -> 475950 | H20: =SUM(H13:H19) -> 264248 | J20: =SUM(J13:J19) -> 0 | L20: =SUM(L13:L19) -> 0 | N20: =SUM(N13:N19) -> 740198
A21: 3.도장
A22: 베란다 수성페인트(전면) | B22: 석고보드면 바탕만들기(줄퍼티) | C22: ㎡
B23: 붓칠,내벽 | C23: ㎡ | D23: 20 | E23: 385 | F23: =D23*E23 -> 7700 | G23: 5132 | H23: =D23*G23 -> 102640 | N23: =F23+H23+J23+L23 -> 110340 | O23: 앞뒤베란다 걸레받이 보수. 뒤 베란다 벽면 크랙보수
A24: 베란다 수성페인트(후면) | B24: 석고보드면 바탕만들기(줄퍼티) | C24: ㎡ | D24: 20 | E24: 441 | F24: =D24*E24 -> 8820 | G24: 8656 | H24: =D24*G24 -> 173120 | N24: =F24+H24+J24+L24 -> 181940
B25: 붓칠,내벽 | C25: ㎡
A26: 내부(문,틀,몰딩,기타) | B26: 철재면 청소(휘발유사용) | C26: ㎡ | D26: 10 | F26: =D26*E26 -> 0 | G26: 8706 | H26: =D26*G26 -> 87060 | N26: =F26+H26+J26+L26 -> 87060
B27: 유성페인트 롤러칠(석고보드면) | C27: ㎡ | D27: 10 | E27: 510 | F27: =D27*E27 -> 5100 | G27: 3119 | H27: =D27*G27 -> 31190 | N27: =F27+H27+J27+L27 -> 36290
A28: 방화도어 내부 | B28: 철재면 청소(휘발유사용) | C28: ㎡ | D28: 2 | F28: =D28*E28 -> 0 | G28: 8706 | H28: =D28*G28 -> 17412 | N28: =F28+H28+J28+L28 -> 17412
B29: 유성페인트 롤러칠(철재면) | C29: ㎡ | D29: 2 | E29: 419 | F29: =D29*E29 -> 838 | G29: 2566 | H29: =D29*G29 -> 5132 | N29: =F29+H29+J29+L29 -> 5970
A30: 소 계 | F30: =SUM(F21:F29) -> 22458 | H30: =SUM(H21:H29) -> 416554 | J30: =SUM(J21:J29) -> 0 | L30: =SUM(L21:L29) -> 0 | N30: =SUM(N21:N29) -> 439012
A31: 4.청소 | B31: 준공청소(특별인부) | C31: ㎡ | D31: 40 | G31: 6557 | H31: =D31*G31 -> 262280 | N31: =F31+H31+J31+L31 -> 262280 | O31: 2023년 실내건축 일위대가
A32: 소 계 | H32: =SUM(H31:H31) -> 262280 | J32: =SUM(J31:J31) -> 0 | L32: =SUM(L31:L31) -> 0 | N32: =SUM(N31:N31) -> 262280
A33: 합 계 | F33: =F12+F20+F30+F32 -> 612438 | H33: =H12+H20+H30+H32 -> 1600644.5 | J33: =J12+J20+J30+J32 -> 0 | L33: =L12+L20+L30+L32 -> 0 | N33: =N12+N20+N30+N32 -> 2213082.5

Sheet 시중가 근거서류
A2: ■ 벽지 자재비 근거서류(999999)
A3: 코드 | B3: 품목 | C3: 규격 | D3: 단가(m2) | E3: 적용기준
A4: 999999 | B4: 벽지(LG 휘앙세) | C4: 장폭합지 | D4: 1300 | E4: 물가자료 2023.11

Sheet Upload
A1: 표준내역코드 | B1: 세부공종 | C1: 품명 | D1: 규격 | E1: 단위 | F1: 수량 | G1: 재료비단가 | H1: 재료비소계 | I1: 노무비단가 | J1: 노무비소계 | K1: 기계경비단가 | L1: 기계경비소계 | M1: 기타경비단가 | N1: 기타경비소계 | O1: 할증코드 | P1: 재료비할증율 | Q1: 노무비할증율 | R1: 할증내용
A2: 999999 | B2: 영선,건축 | C2: 합지벽지, 23년 11월 물가자료 | D2: LX하우시스, 휘앙세 93*17.75, M2당 | E2: ㎡ | F2: 105 | G2: 1086
A3: 999999 | B3: 영선,건축 | C3: 청소 | D3: 2023년 실내건축 일위대가 적용 | E3: ㎡ | F3: 40 | I3: 6557

Sheet Upload-OO
A1: 구분 | B1: 표준단가 | C1: 표준품셈 | D1: 물가정보 | E1: 노임단가 | F1: 수량
A2: ='내역서(표준단가)'!A5 -> D02641 | B2: ='내역서(표준단가)'!F5 -> D02641 | C2: ='내역서(표준단가)'!G5 -> 0 | D2: ='내역서(표준단가)'!H5 -> 0 | E2: ='내역서(표준단가)'!I5 -> 0 | F2: ='내역서(표준단가)'!M5 -> 105
A3: ='내역서(표준단가)'!A6 -> D02873 | B3: ='내역서(표준단가)'!F6 -> D02873 | C3: ='내역서(표준단가)'!G6 -> 0 | D3: ='내역서(표준단가)'!H6 -> 0 | E3: ='내역서(표준단가)'!I6 -> 0 | F3: ='내역서(표준단가)'!M6 -> 53
A4: ='내역서(표준단가)'!A7 -> D02859 | B4: ='내역서(표준단가)'!F7 -> D02859 | C4: ='내역서(표준단가)'!G7 -> 0 | D4: ='내역서(표준단가)'!H7 -> 0 | E4: ='내역서(표준단가)'!I7 -> 0 | F4: ='내역서(표준단가)'!M7 -> 34
A5: ='내역서(표준단가)'!A8 -> D02558 | B5: ='내역서(표준단가)'!F8 -> D02558 | C5: ='내역서(표준단가)'!G8 -> 0 | D5: ='내역서(표준단가)'!H8 -> 0 | E5: ='내역서(표준단가)'!I8 -> 0 | F5: ='내역서(표준단가)'!M8 -> 34
A6: ='내역서(표준단가)'!A9 -> D02825 | B6: ='내역서(표준단가)'!F9 -> D02825 | C6: ='내역서(표준단가)'!G9 -> 0 | D6: ='내역서(표준단가)'!H9 -> 0 | E6: ='내역서(표준단가)'!I9 -> 0 | F6: ='내역서(표준단가)'!M9 -> 20
A7: ='내역서(표준단가)'!A10 -> D02832 | B7: ='내역서(표준단가)'!F10 -> D02832 | C7: ='내역서(표준단가)'!G10 -> 0 | D7: ='내역서(표준단가)'!H10 -> 0 | E7: ='내역서(표준단가)'!I10 -> 0 | F7: ='내역서(표준단가)'!M10 -> 20
A8: ='내역서(표준단가)'!A11 -> D02830 | B8: ='내역서(표준단가)'!F11 -> D02830 | C8: ='내역서(표준단가)'!G11 -> 0 | D8: ='내역서(표준단가)'!H11 -> 0 | E8: ='내역서(표준단가)'!I11 -> 0 | F8: ='내역서(표준단가)'!M11 -> 10
A9: ='내역서(표준단가)'!A12 -> D02836 | B9: ='내역서(표준단가)'!F12 -> D02836 | C9: ='내역서(표준단가)'!G12 -> 0 | D9: ='내역서(표준단가)'!H12 -> 0 | E9: ='내역서(표준단가)'!I12 -> 0 | F9: ='내역서(표준단가)'!M12 -> 10
A10: ='내역서(표준단가)'!A13 -> D02830 | B10: ='내역서(표준단가)'!F13 -> D02830 | C10: ='내역서(표준단가)'!G13 -> 0 | D10: ='내역서(표준단가)'!H13 -> 0 | E10: ='내역서(표준단가)'!I13 -> 0 | F10: ='내역서(표준단가)'!M13 -> 2
A11: ='내역서(표준단가)'!A14 -> D02835 | B11: ='내역서(표준단가)'!F14 -> D02835 | C11: ='내역서(표준단가)'!G14 -> 0 | D11: ='내역서(표준단가)'!H14 -> 0 | E11: ='내역서(표준단가)'!I14 -> 0 | F11: ='내역서(표준단가)'!M14 -> 2
A12: ='내역서(표준단가)'!A15 -> M012003400500101 | B12: ='내역서(표준단가)'!F15 -> 0 | C12: ='내역서(표준단가)'!G15 -> 0 | D12: ='내역서(표준단가)'!H15 -> M012003400500101 | E12: ='내역서(표준단가)'!I15 -> 0 | F12: ='내역서(표준단가)'!M15 -> 34
A13: ='내역서(표준단가)'!A16 -> M010602702400101 | B13: ='내역서(표준단가)'!F16 -> 0 | C13: ='내역서(표준단가)'!G16 -> 0 | D13: ='내역서(표준단가)'!H16 -> M010602702400101 | E13: ='내역서(표준단가)'!I16 -> 0 | F13: ='내역서(표준단가)'!M16 -> 4
