Workbook

Sheet PR당사안
A3: 見 積 書
A4: 수 신: LG에너지솔루션
B5: 대전 업무지원팀 / 김규환님 귀하
A7: 견 적 일 자 | D7: 2026 | E7: 년 | F7: 6 | G7: 월 | H7: 23 | I7: 일 | K7: 공 급 자 | L7: 등록번호 | M7: 707-86-02-404 | N7: 전 화 | O7: 02-6924-5539
A8: 견 적 담 당 | D8: 이종근 | H8: 파트너 | L8: 상 호 | M8: ㈜에스앤아이코퍼레이션 | N8: 대 표 | O8: 서 현
A9: 견적유효기간 | D9: 견적 제출 후 30일 까지 | L9: 주 소 | M9: 서울특별시 강서구 마곡중앙로150
A10: 납 기 | D10: 발주 후 개별 협의 | L10: 업 태 | M10: 부동산, 서비스 | N10: 종 목 | O10: 임대 및 관리
B13: 사택 102-405 수장작업 | N13: 견적을 제출 합니다
B15: ="견 적 금 액 : 一金"&NUMBERSTRING(M32,1) & "원정""(\"& TEXT(M32,"#,###")&"원) [VAT 별도]" -> 견 적 금 액 : 一金사백삼만구천팔백오십원정"(\4,039,850원) [VAT 별도]
A17: NO | B17: 구 분 | H17: 수량 | I17: 단위 | J17: 금 액 | N17: 비 고
A18: 1 | B18: 재료비 | H18: 1 | I18: 식 | J18: =IFERROR(LOOKUP(2, 1/(TRIM('내역서(표준단가)'!K4:K100)<>""), '내역서(표준단가)'!K4:K100), "-") -> 817260.43
A19: 2 | B19: 노무비 | H19: 1 | I19: 식 | J19: =IFERROR(LOOKUP(2, 1/(TRIM('내역서(표준단가)'!M4:M100)<>""), '내역서(표준단가)'!M4:M100), "-") -> 2382756.9
A20: 3 | B20: 경 비 | H20: 1 | I20: 식 | J20: =IFERROR(SUM(J21:M29),"-") -> 418509.32
C21: 기계 및 기타경비 | H21: 1 | I21: 식 | J21: =IFERROR(LOOKUP(2, 1/(TRIM('내역서(표준단가)'!O4:O100)<>""), '내역서(표준단가)'!O4:O100) + LOOKUP(2, 1/(TRIM('내역서(표준단가)'!Q4:Q100)<>""), '내역서(표준단가)'!Q4:Q100), "-") -> 0 | N21: 중장비 사용 등
C22: 안전관리비 | H22: 3.11 | I22: % | J22: =IFERROR((J18+J19)*H22%,"-") -> 99520.537 | N22: (재료비+노무비)*3.11%
C23: 산재 보험료 | H23: 3.56 | I23: % | J23: =IFERROR(J19*H23%,"-") -> 84826.144 | N23: 노무비*3.56%
C24: 고용보험료 | H24: 1.01 | I24: % | J24: =IFERROR(J19*H24%,"-") -> 24065.844 | N24: 노무비*1.01%
C25: 국민건강 보험료 | H25: 3.595 | I25: % | J25: =IFERROR(J19*H25%,"-") -> 85660.109 | N25: 노무비*3.595%
C26: 국민연금 보험료 | H26: 4.75 | I26: % | J26: =IFERROR(J19*H26%,"-") -> 113180.95 | N26: 노무비*4.75%
C27: 노인장기요양 보험료 | H27: 13.14 | I27: % | J27: =IFERROR($H$27*J25%,"-") -> 11255.738 | N27: 건강보험료*13.14%
C28: 하도급대금지급보증증권 | H28: 0.081 | I28: % | J28: =IFERROR(IF(SUM(J21:J27,J18:J19)>=10000000,SUM(J21:J27,J18:J19)*H28%,"-"),"-") -> - | N28: 1천만원 이상 공사시 적용
C29: 폐기물처리 부담금 | H29: 1 | I29: 식 | J29: =34*0 -> 0 | N29: 폐기물발생 시 적용 (kg당 34원)
A30: 4 | C30: 일반관리비 | H30: 5 | I30: % | J30: =IFERROR(IF(ISNUMBER(H30), SUM(J18:M20) * (H30 / 100), "-"), "-") -> 180926.33 | N30: (재료비 + 노무비 + 경비)*5%
A31: 5 | C31: 이 윤 | H31: 7.5 | I31: % | J31: =IFERROR(SUM(J18:M20, J30) * (H31 / 100), "-")+-44561 -> 240397.97 | N31: (재료비+노무비+경비+일반관리비)*7.5%
A32: 공사금액 | M32: =IFERROR(ROUNDDOWN(SUM(J18:M20)+J30+J31,0),"-") -> 4039850
A33: *유첨 : 견적서 내역서 1부 ─ 끝 ─

Sheet 내역서(표준단가)
K1: ▼낙찰율 | M1: ▼낙찰율 | O1: ▼낙찰율 | Q1: ▼낙찰율
K2: 0.835 | M2: 0.835 | O2: 0.835 | Q2: 0.835
B3: ▶ 표준 Code(표준단가/품셈/물정/노임) 순서별 입력(Upload 자동반영) | F3: 주요내역 | H3: 단위 | I3: 수량 | J3: 재료비 | L3: 노무비 | N3: 기계경비 | P3: 기타경비(부자재비) | R3: 합계 | S3: 노무비 할증 | T3: 할증기준
A4: 합계 | B4: 표준단가 D | C4: 표준품셈 E | D4: 물가정보 M | E4: 노임단가 L | F4: 품목 | G4: 규격 | J4: 품셈/표단 | K4: 금액 | L4: 단가 | M4: 금액 | N4: 단가 | O4: 금액 | P4: 단가 | Q4: 금액
A5: =B5&C5&D5&E5 -> M020853710050101 | D5: M020853710050101 | F5: 아이리스 | G5: 합지벽지 1R/L=93㎝(고정)×17.75m=16.51㎡, 소요량123/16.51=7.45R/L | H5: R/L | I5: 7.45 | J5: 20900 | K5: =SUM(J5:J5)*I5*$K$2 -> 130013.67 | M5: =(L5*I5)*$M$2 -> 0 | O5: =N5*I5*$O$2 -> 0 | Q5: =P5*I5*$Q$2 -> 0 | R5: =SUM(K5+M5)+O5+Q5 -> 130013.67
A6: =B6&C6&D6&E6 -> E00000803071260301 | C6: E00000803071260301 | F6: 도배 교체(벽) | G6: 일당 시공량-벽 46㎡, 적산정보 500p 참조,시공총량123/일당46=2.673 | H6: (일당) | I6: 2.673 | K6: =SUM(J6:J6)*I6*$K$2 -> 0 | L6: 510462 | M6: =(L6*I6)*$M$2 -> 1139328.2 | O6: =N6*I6*$O$2 -> 0 | Q6: =P6*I6*$Q$2 -> 0 | R6: =SUM(K6+M6)+O6+Q6 -> 1139328.2
A7: =B7&C7&D7&E7 -> M020809012520101 | D7: M020809012520101 | F7: 비닐시트바닥재 | G7: 데코리아 다솜(륨) 1.8T×1,830㎜ | H7: ㎡ | I7: 61.8 | J7: 13000 | K7: =SUM(J7:J7)*I7*$K$2 -> 670839 | M7: =(L7*I7)*$M$2 -> 0 | O7: =N7*I7*$O$2 -> 0 | Q7: =P7*I7*$Q$2 -> 0 | R7: =SUM(K7+M7)+O7+Q7 -> 670839
A8: =B8&C8&D8&E8 -> E00000803071260401 | C8: E00000803071260401 | F8: PVC계바닥재 교체 | G8: 일당 시공량-61㎡ 적산정보 500p 참조,시공총량61.8/일당61=0.0.8196, | H8: (일당) | I8: 1.0132 | K8: =SUM(J8:J8)*I8*$K$2 -> 0 | L8: 510462 | M8: =(L8*I8)*$M$2 -> 431862.08 | O8: =N8*I8*$O$2 -> 0 | Q8: =P8*I8*$Q$2 -> 0 | R8: =SUM(K8+M8)+O8+Q8 -> 431862.08
A9: =B9&C9&D9&E9 -> M020412614110102 | D9: M020412614110102 | F9: 합성수지에멀션페인트 | G9: KSM-6010 내부용, 2급, 백색 | H9: 18ℓ | I9: 0.3 | J9: 65500 | K9: =SUM(J9:J9)*I9*$K$2 -> 16407.75 | R9: =SUM(K9+M9)+O9+Q9 -> 16407.75
A10: =B10&C10&D10&E10 -> E00000803061120402 | C10: E00000803061120402 | F10: 석고보드면 바탕만들기 | G10: 줄퍼티 | H10: (㎡ 당) | I10: 28 | K10: =SUM(J10:J10)*I10*$K$2 -> 0 | L10: 10752 | M10: =(L10*I10)*$M$2 -> 251381.76 | O10: =N10*I10*$O$2 -> 0 | Q10: =P10*I10*$Q$2 -> 0 | R10: =SUM(K10+M10)+O10+Q10 -> 251381.76
A11: =B11&C11&D11&E11 -> E00000803061300201 | C11: E00000803061300201 | F11: 수성페인트 붓칠 | G11: 1회칠 | H11: (㎡ 당) | I11: 28 | K11: =SUM(J11:J11)*I11*$K$2 -> 0 | L11: 6368 | M11: =(L11*I11)*$M$2 -> 148883.84 | O11: =N11*I11*$O$2 -> 0 | Q11: =P11*I11*$Q$2 -> 0 | R11: =SUM(K11+M11)+O11+Q11 -> 148883.84
A12: =B12&C12&D12&E12 -> E00000801011510701 | C12: E00000801011510701 | F12: 입주청소 | G12: 전체면적 | H12: (바닥면적 ㎡당) | I12: 96 | K12: =SUM(J12:J12)*I12*$K$2 -> 0 | L12: 5131 | M12: =(L12*I12)*$M$2 -> 411300.96 | O12: =N12*I12*$O$2 -> 0 | Q12: =P12*I12*$Q$2 -> 0 | R12: =SUM(K12+M12)+O12+Q12 -> 411300.96
K13: =SUM(K5:K12) -> 817260.43 | M13: =SUM(M5:M12) -> 2382756.9 | O13: =SUM(O5:O12) -> 0 | Q13: =SUM(Q5:Q12) -> 0 | R13: =SUM(R5:R12) -> 3200017.3

Sheet 상세내역
A1: 내 역 서
A2: 품 명 | B2: 규 격 | C2: 단위 | D2: 수 량 | E2: 재 료 비 | G2: 노 무 비 | I2: 기계경비 | K2: 기타경비(부자재비) | M2: 합 계 | O2: 비 고
E3: 단 가 | F3: 금 액 | G3: 단 가 | H3: 금 액 | K3: 단 가 | L3: 금 액 | M3: 단 가 | N3: 금 액
A4: 공사명 : 사택 102-405 수장공사
A5: 1.도배 | B5: 거실 벽면 | C5: ㎡ | D5: 85 | E5: 1057 | F5: =D5*E5 -> 89845 | G5: 9266 | H5: =D5*G5 -> 787610 | N5: =F5+H5+J5+L5 -> 877455 | O5: 광폭합지 벽지(LX하우시스, 휘앙세), 24년 12월 물가자료 | P5: 벽 | Q5: =D5+D7+D9+D11 -> 123
B6: 거실 천정 | C6: ㎡ | P6: 천정 | Q6: =D6+D8+D10+D12 -> 0
B7: 방A 벽면 | C7: ㎡ | D7: 38 | E7: 1057 | F7: =D7*E7 -> 40166 | G7: 9266 | H7: =D7*G7 -> 352108 | N7: =F7+H7+J7+L7 -> 392274
B8: 방A 천정 | C8: ㎡
B9: 방B 벽면 | C9: ㎡
B10: 방B 천정 | C10: ㎡
B11: 방C 벽면 | C11: ㎡
B12: 방C 천정 | C12: ㎡
A13: 소 계 | F13: =SUM(F5:F12) -> 130011 | H13: =SUM(H5:H12) -> 1139718 | J13: =SUM(J5:J12) -> 0 | L13: =SUM(L5:L12) -> 0 | N13: =SUM(N5:N12) -> 1269729
A14: 2.바닥재 | B14: 거실 바닥 | C14: ㎡ | D14: 33.2 | E14: 10855 | F14: =D14*E14 -> 360386 | G14: 6987 | H14: =D14*G14 -> 231968.4 | N14: =F14+H14+J14+L14 -> 592354.4
B15: 방A 바닥 | C15: ㎡ | D15: 11.7 | E15: 10855 | F15: =D15*E15 -> 127003.5 | G15: 6987 | H15: =D15*G15 -> 81747.9 | N15: =F15+H15+J15+L15 -> 208751.4
B16: 방B 바닥 | C16: ㎡ | D16: 8.5 | E16: 10855 | F16: =D16*E16 -> 92267.5 | G16: 6987 | H16: =D16*G16 -> 59389.5 | N16: =F16+H16+J16+L16 -> 151657
B17: 방C 바닥 | C17: ㎡ | D17: 8.4 | E17: 10855 | F17: =D17*E17 -> 91182 | G17: 6987 | H17: =D17*G17 -> 58690.8 | N17: =F17+H17+J17+L17 -> 149872.8
A18: 소 계 | D18: =SUM(D14:D17) -> 61.8 | F18: =SUM(F14:F17) -> 670839 | H18: =SUM(H14:H17) -> 431796.6 | J18: =SUM(J14:J17) -> 0 | L18: =SUM(L14:L17) -> 0 | N18: =SUM(N14:N17) -> 1102635.6
A19: 3.도장
A20: 수성페인트 | B20: KSM-6010 내부용, 2급, 백색 | C20: 18ℓ | D20: 0.3 | E20: 54693 | F20: =D20*E20 -> 16407.9 | N20: =F20+H20+J20+L20 -> 16407.9
A21: 베란다 수성페인트(전면) | B21: 석고보드면 바탕만들기(줄퍼티) | C21: ㎡ | D21: 17 | F21: =D21*E21 -> 0 | G21: 8978 | H21: =D21*G21 -> 152626 | N21: =F21+H21+J21+L21 -> 152626
B22: 붓칠,내벽 | C22: ㎡ | D22: 17 | F22: =D22*E22 -> 0 | G22: 5317 | H22: =D22*G22 -> 90389 | N22: =F22+H22+J22+L22 -> 90389
A23: 베란다 수성페인트(후면) | B23: 석고보드면 바탕만들기(줄퍼티) | C23: ㎡ | D23: 11 | F23: =D23*E23 -> 0 | G23: 8978 | H23: =D23*G23 -> 98758 | N23: =F23+H23+J23+L23 -> 98758
B24: 붓칠,내벽 | C24: ㎡ | D24: 11 | F24: =D24*E24 -> 0 | G24: 5317 | H24: =D24*G24 -> 58487 | N24: =F24+H24+J24+L24 -> 58487
A25: 소 계 | F25: =SUM(F19:F24) -> 16407.9 | H25: =SUM(H19:H24) -> 400260 | J25: =SUM(J19:J24) -> 0 | L25: =SUM(L19:L24) -> 0 | N25: =SUM(N19:N24) -> 416667.9
A26: 4.청소 | B26: 준공청소(특별인부), | C26: ㎡ | D26: 96 | G26: 4284 | H26: =D26*G26 -> 411264 | N26: =F26+H26+J26+L26 -> 411264 | O26: 2023년 실내건축 일위대가
A27: 소 계 | H27: =SUM(H26:H26) -> 411264 | J27: =SUM(J26:J26) -> 0 | L27: =SUM(L26:L26) -> 0 | N27: =SUM(N26:N26) -> 411264
A28: 합 계 | F28: =F13+F18+F25+F27 -> 817257.9 | H28: =H13+H18+H25+H27 -> 2383038.6 | J28: =J13+J18+J25+J27 -> 0 | L28: =L13+L18+L25+L27 -> 0 | N28: =N13+N18+N25+N27 -> 3200296.5

Sheet Upload
A1: 구분 | B1: 표준단가 | C1: 표준품셈 | D1: 물가정보 | E1: 노임단가 | F1: 수량
A2: ='내역서(표준단가)'!A5 -> M020853710050101 | B2: ='내역서(표준단가)'!B5 -> 0 | C2: ='내역서(표준단가)'!C5 -> 0 | D2: ='내역서(표준단가)'!D5 -> M020853710050101 | E2: ='내역서(표준단가)'!E5 -> 0 | F2: ='내역서(표준단가)'!I5 -> 7.45
A3: ='내역서(표준단가)'!A6 -> E00000803071260301 | B3: ='내역서(표준단가)'!B6 -> 0 | C3: ='내역서(표준단가)'!C6 -> E00000803071260301 | D3: ='내역서(표준단가)'!D6 -> 0 | E3: ='내역서(표준단가)'!E6 -> 0 | F3: ='내역서(표준단가)'!I6 -> 2.673
A4: ='내역서(표준단가)'!A7 -> M020809012520101 | B4: ='내역서(표준단가)'!B7 -> 0 | C4: ='내역서(표준단가)'!C7 -> 0 | D4: ='내역서(표준단가)'!D7 -> M020809012520101 | E4: ='내역서(표준단가)'!E7 -> 0 | F4: ='내역서(표준단가)'!I7 -> 61.8
A5: ='내역서(표준단가)'!A8 -> E00000803071260401 | B5: ='내역서(표준단가)'!B8 -> 0 | C5: ='내역서(표준단가)'!C8 -> E00000803071260401 | D5: ='내역서(표준단가)'!D8 -> 0 | E5: ='내역서(표준단가)'!E8 -> 0 | F5: ='내역서(표준단가)'!I8 -> 1.0132
A6: ='내역서(표준단가)'!A9 -> M020412614110102 | B6: ='내역서(표준단가)'!B9 -> 0 | C6: ='내역서(표준단가)'!C9 -> 0 | D6: ='내역서(표준단가)'!D9 -> M020412614110102 | E6: ='내역서(표준단가)'!E9 -> 0 | F6: ='내역서(표준단가)'!I9 -> 0.3
A7: ='내역서(표준단가)'!A10 -> E00000803061120402 | B7: ='내역서(표준단가)'!B10 -> 0 | C7: ='내역서(표준단가)'!C10 -> E00000803061120402 | D7: ='내역서(표준단가)'!D10 -> 0 | E7: ='내역서(표준단가)'!E10 -> 0 | F7: ='내역서(표준단가)'!I10 -> 28
A8: ='내역서(표준단가)'!A11 -> E00000803061300201 | B8: ='내역서(표준단가)'!B11 -> 0 | C8: ='내역서(표준단가)'!C11 -> E00000803061300201 | D8: ='내역서(표준단가)'!D11 -> 0 | E8: ='내역서(표준단가)'!E11 -> 0 | F8: ='내역서(표준단가)'!I11 -> 28
A9: ='내역서(표준단가)'!A12 -> E00000801011510701 | B9: ='내역서(표준단가)'!B12 -> 0 | C9: ='내역서(표준단가)'!C12 -> E00000801011510701 | D9: ='내역서(표준단가)'!D12 -> 0 | E9: ='내역서(표준단가)'!E12 -> 0 | F9: ='내역서(표준단가)'!I12 -> 96

Sheet 도면
