Workbook

Sheet 갑지
A2: 견 적 서
A5: 수신인 : 주식회사 에스엔아이 코퍼레이션 | F5: 등록번호 | G5: 314-86-35718
F6: 상 호 | G6: ㈜일성건축
A7: 공사명 : 기숙사 및 사택 긴급 보수작업(건축) | F7: 대표 이사 | G7: 상 석 희
F8: 사업장 | G8: 대전 서구 도마6길 107 (도마동)
A9: 견적일 : 2025년 04월 08일 | F9: 업 태 | G9: 건설업
F10: 종 목 | G10: 실내건축,인테리어공사
F11: TEL, FAX | G11: 042)527-0995, 042)527-0996
A12: 금액: | B12: =NUMBERSTRING(F31,1) -> 육백삼십삼만이천 | D12: 원정
A14: NO | B14: 품명 | C14: 규격 | D14: 수량 | E14: 단위 | F14: 금액 | G14: 비고
B15: 직접비
B16: 재료비 | F16: ='내역서(표준단가)'!O14 -> 1805776.5
B17: 노무비 | F17: ='내역서(표준단가)'!Q14 -> 3662660.7
B18: 기계/기타경비 | F18: ='내역서(표준단가)'!S14+'내역서(표준단가)'!U14 -> 0
B19: 소계 | F19: =F16+F17+F18 -> 5468437.2
B20: 간접비
B21: 국민연금 | C21: 노무비*4.5% | D21: 1 | E21: 식 | F21: =F17*4.5% -> 164819.73 | G21: 모든공사에 적용
B22: 건강보험료 | C22: 노무비*3.545% | D22: 1 | E22: 식 | F22: =F17*3.545% -> 129841.32 | G22: 모든공사에 적용
B23: 장기요양보험료 | C23: 건강보험료*12.95% | D23: 1 | E23: 식 | F23: =F22*12.95% -> 16814.451 | G23: 모든공사에 적용
B24: 고용보험료 | C24: 노무비*1.01% | D24: 1 | E24: 식 | F24: =F17*1.01% -> 36992.873 | G24: 모든공사에 적용
B25: 산재보험료 | C25: 노무비*3.56% | D25: 1 | E25: 식 | F25: =F17*3.56% -> 130390.72 | G25: 모든공사에 적용
B26: 산업안전보건관리비 | C26: (재료비+노무비)*3.11% | D26: 1 | E26: 식 | F26: =(F16+F17)*3.11% -> 170068.4 | G26: 모든공사에 적용
B27: 일반관리비/이윤 | C27: (노무비+간접공사비)*5% | D27: 1 | E27: 식 | F27: =SUM(F17+F21+F22+F23+F24+F25+F26)*5% -> 215579.41
B28: 소계 | F28: =F21+F22+F23+F24+F25+F26+F27 -> 864506.91
F30: =F19+F28+F29 -> 6332944.1
B31: 합계(단수조정) | F31: =ROUNDDOWN(F30,-3) -> 6332000
B32: VAT별도

Sheet 내역서(표준단가)
O1: ▼낙찰율 | Q1: ▼낙찰율 | S1: ▼낙찰율 | U1: ▼낙찰율
O2: 0.835 | Q2: 0.835 | S2: 0.835 | U2: 0.835
F3: ▶ 표준 Code(표준단가/품셈/물정/노임) 순서별 입력(Upload 자동반영) | J3: 주요내역 | L3: 단위 | M3: 수량 | N3: 재료비 | P3: 노무비 | R3: 기계경비 | T3: 기타경비(부자재비) | V3: 합계 | W3: 노무비 할증 | X3: 할증기준
A4: 합계 | F4: 표준단가 D | G4: 표준품셈 E | H4: 물가정보 M | I4: 노임단가 L | J4: 품목 | K4: 규격 | N4: 품셈/표단 | O4: 금액 | P4: 단가 | Q4: 금액 | R4: 단가 | S4: 금액 | T4: 단가 | U4: 금액
A5: =F5&G5&H5&I5 -> L003 | I5: L003 | J5: 긴급보수 대응 | K5: 특별인부 | L5: M/D | M5: 20 | O5: =SUM(N5:N5)*M5*$O$2 -> 0 | P5: 219321 | Q5: =(P5*M5)*$Q$2 -> 3662660.7 | S5: =R5*M5*$S$2 -> 0 | U5: =T5*M5*$U$2 -> 0 | V5: =SUM(O5+Q5)+S5+U5 -> 3662660.7
A6: =F6&G6&H6&I6 -> M020450310340103 | H6: M020450310340103 | J6: 방충망 AL | K6: MFA, 1,000×1,000㎜, AL도장 | L6: ㎡ | M6: 41 | N6: 36500 | O6: =SUM(N6:N6)*M6*$O$2 -> 1249577.5 | Q6: =(P6*M6)*$Q$2 -> 0 | S6: =R6*M6*$S$2 -> 0 | U6: =T6*M6*$U$2 -> 0 | V6: =SUM(O6+Q6)+S6+U6 -> 1249577.5
A7: =F7&G7&H7&I7 -> M020251411670101 | H7: M020251411670101 | J7: 다우실 1000 | K7: 1액형 실리콘, 발코니 창호 주위 조인트용(창틀용) | L7: 270㎖ | M7: 14 | N7: 5000 | O7: =SUM(N7:N7)*M7*$O$2 -> 58450 | Q7: =(P7*M7)*$Q$2 -> 0 | S7: =R7*M7*$S$2 -> 0 | U7: =T7*M7*$U$2 -> 0 | V7: =SUM(O7+Q7)+S7+U7 -> 58450
A8: =F8&G8&H8&I8 -> M020533113070101 | H8: M020533113070101 | J8: 걸레받이 | K8: SHWB-100, W:100×2T | L8: m | M8: 6 | N8: 3400 | O8: =SUM(N8:N8)*M8*$O$2 -> 17034 | Q8: =(P8*M8)*$Q$2 -> 0 | S8: =R8*M8*$S$2 -> 0 | U8: =T8*M8*$U$2 -> 0 | V8: =SUM(O8+Q8)+S8+U8 -> 17034
A9: =F9&G9&H9&I9 -> M020852810150101 | H9: M020852810150101 | J9: 롤스크린(단면암막) | K9: 방염, 기본면적: 2㎡ | L9: ㎡ | M9: 5 | N9: 55000 | O9: =SUM(N9:N9)*M9*$O$2 -> 229625 | Q9: =(P9*M9)*$Q$2 -> 0 | S9: =R9*M9*$S$2 -> 0 | U9: =T9*M9*$U$2 -> 0 | V9: =SUM(O9+Q9)+S9+U9 -> 229625
A10: 999999 | J10: 8-206호 베란다 창고문 도어틀 및 도어교체,환기 타공도어+도어록+경첩, 02/04,06일 작업 | K10: 비규격, 주문제작 | L10: SET | M10: 1 | N10: 194000 | O10: =M10*N10 -> 194000 | Q10: =(P10*M10)*$Q$2 -> 0 | S10: =R10*M10*$S$2 -> 0 | U10: =T10*M10*$U$2 -> 0 | V10: =SUM(O10+Q10)+S10+U10 -> 194000
A11: 999999 | J11: 현관 도어 가스켓 | K11: 발포 PVC | L11: SET | M11: 1 | N11: 36000 | O11: =M11*N11 -> 36000 | Q11: =(P11*M11)*$Q$2 -> 0 | S11: =R11*M11*$S$2 -> 0 | U11: =T11*M11*$U$2 -> 0 | V11: =SUM(O11+Q11)+S11+U11 -> 36000
A12: 999999 | J12: 도어보수용 대패날 | K12: 도어보수용 대패날 | L12: SET | M12: 1 | N12: 12000 | O12: =M12*N12 -> 12000 | Q12: =(P12*M12)*$Q$2 -> 0 | S12: =R12*M12*$S$2 -> 0 | U12: =T12*M12*$U$2 -> 0 | V12: =SUM(O12+Q12)+S12+U12 -> 12000
A13: 999999 | J13: 도어보수용, 도어 엣지 필름 | K13: 도어보수용 도어 엣지 필름 | L13: SET | M13: 1 | N13: 9090 | O13: =M13*N13 -> 9090 | Q13: =(P13*M13)*$Q$2 -> 0 | S13: =R13*M13*$S$2 -> 0 | U13: =T13*M13*$U$2 -> 0 | V13: =SUM(O13+Q13)+S13+U13 -> 9090
O14: =SUM(O5:O13) -> 1805776.5 | Q14: =SUM(Q5:Q13) -> 3662660.7 | S14: =SUM(S5:S13) -> 0 | U14: =SUM(U5:U13) -> 0 | V14: =SUM(V5:V13) -> 5468437.2

Sheet 관리소 접수 입력
B2: 샘플> | C2: 일성 | D2: 3 (관리제외) | E2: 1월1일 | F2: 14시30분 | G2: 1월2일 | H2: 15시30분 | K2: 사택 5동 | L2: 201 | M2: 관리소 담당자 | N2: - 문끌림 4개소/ 방충망 7개소/ 신발장 시트지 1개소 - 빨래건조 4개소 / 누수 천장 임시 철거 및 보수
B3: 건수 | C3: 업체명 | D3: 근로자 (직접 서명) | E3: 시작 | G3: 종료 | I3: 작업시간(인당) | J3: 전체 시간 | K3: 건물동 | L3: 호실 | M3: 작업지시 | N3: 보수 내용 | O3: 특별인부 (시공사 입력) | P3: 자재 내역 | T3: 비고
E4: 일자 | F4: 시간 | G4: 일자 | H4: 시간 | I4: (종료-시간) | J4: (인원*작업시간) | P4: 방충망 (개) | Q4: 코킹재 (개) | R4: 걸레받이 (m) | S4: 블라인드 개소당 (5㎡)
B6: 1 | C6: 일성건축 | D6: 2 | E6: 45679 | F6: 0.375 | G6: 45679 | H6: 0.69444444 | I6: =H6-F6 -> 0.31944444 | J6: =I6*D6 -> 0.63888889 | K6: 8 9 | L6: 206 303 | M6: 남해원 | N6: 뒤베란다 창고 누수점검 및 실리콘 작업 완료 뒤베란다 창고문 철거 완료 화장실 우측방 입구 바닥 평탄작업 완료 화장실문 시트지 보수 1개소 완료 | O6: 2 | Q6: 4
B7: 2 | C7: 일성건축 | D7: 2 | E7: 45680 | F7: 0.375 | G7: 45680 | H7: 0.6875 | I7: =H7-F7 -> 0.3125 | J7: =I7*D7 -> 0.625 | K7: 9 102 | L7: 303 201 | M7: 남해원 | N7: 화장실문 시트지 보수 1개소 완료 안방 걸레받이 들뜸 보수 완료 문보수1개소 완료 거실 걸레받이 2개소 교체 완료 | O7: 2 | Q7: 2 | R7: 3 | T7: 문보수용 엣지 필름 구매(10매) 전동 대패날 교체(1set)
B8: 3 | C8: 일성건축 | D8: 2 | E8: 45681 | F8: 0.375 | G8: 45681 | H8: 0.69444444 | I8: =H8-F8 -> 0.31944444 | J8: =I8*D8 -> 0.63888889 | K8: A | L8: 401-6 503-4 504-2 504-5 | M8: 남해원 | N8: 화장실 도어 보수완료 방 도어 보수완료 화장실 도어 , 방 도어보수2개소 완료 화장실 도어 , 방 도어보수2개소 완료 | O8: 2
B9: 4 | C9: 일성건축 | D9: 2 | E9: 45691 | F9: 0.375 | G9: 45691 | H9: 0.6875 | I9: =H9-F9 -> 0.3125 | J9: =I9*D9 -> 0.625 | K9: A B | L9: 703-3 703-4 902-3 | M9: 남해원 | N9: 화장실 도어 , 방 도어보수2개소 완료 화장실 도어 , 방 도어보수2개소 완료 방 도어 보수완료 | O9: 2
B10: 5 | C10: 일성건축 | D10: 2 | E10: 45692 | F10: 0.375 | G10: 45692 | H10: 0.6875 | I10: =H10-F10 -> 0.3125 | J10: =I10*D10 -> 0.625 | K10: A B 8 | L10: 503-4 702-1 206 | M10: 남해원 | N10: 블라인드 설치 완료 방도어 보수완료 뒤베란다 창고 문틀 설치작업 방충망7개소 완료 | O10: 1.5 | P10: 7 | S10: 1
B11: 6 | C11: 일성건축 | D11: 2 | E11: 45694 | F11: 0.375 | G11: 45694 | H11: 0.6875 | I11: =H11-F11 -> 0.3125 | J11: =I11*D11 -> 0.625 | K11: 8 | L11: 206 703-4 902-3 | M11: 남해원 | N11: 뒤베란다 창고문 재설치 완료 방충망7개소 완료 앞베란다 내.외부 실리콘 제거 및 재시공 완료 | O11: 1.5 | P11: 7 | Q11: 7
B12: 7 | C12: 일성건축 | D12: 2 | E12: 45695 | F12: 0.375 | G12: 45695 | H12: 0.6875 | I12: =H12-F12 -> 0.3125 | J12: =I12*D12 -> 0.625 | K12: 8 9 | L12: 501 401 303 | M12: 남해원 | N12: 현관문 도어 가스켓 교체 완료 현관문 도어 가스켓 교체 완료 방충망 7개소 완료 | O12: 1.5 | P12: 7 | T12: 방화문 가스켓 구매 (3세대)
B13: 8 | C13: 일성건축 | D13: 2 | E13: 45698 | F13: 0.54166667 | G13: 45698 | H13: 0.6875 | I13: =H13-F13 -> 0.14583333 | J13: =I13*D13 -> 0.29166667 | K13: 8 5 | L13: 503 501 | M13: 남해원 | N13: 문보수 1개소 완료, 방충망 7개소 완료 뒤베란다 천장 패임 보수 작업 완료 문보수 1개소 완료 | O13: 1.5 | P13: 7
B14: 9 | C14: 일성건축 | D14: 2 | E14: 45699 | F14: 0.375 | G14: 45699 | H14: 0.67361111 | I14: =H14-F14 -> 0.29861111 | J14: =I14*D14 -> 0.59722222 | K14: 2 | L14: 203 | M14: 남해원 | N14: 방충망 3개소 완료 화장실문 시트지 교체 완료 뒤베란다 벽면 및 바닥 크렉보수,실리콘 작업 문보수 1개소 완료 | O14: 2 | P14: 3
B15: 10 | C15: 일성건축 | D15: 2 | E15: 45701 | F15: 0.375 | G15: 45701 | H15: 0.6875 | I15: =H15-F15 -> 0.3125 | J15: =I15*D15 -> 0.625 | K15: 102 | L15: 205 | M15: 남해원 | N15: 걸레받이 파손 2개소 교체 완료 도어보수 2개소 보수완료 안방 문틀 보수 완료 방충망 3개소 교체 완료 | O15: 2 | P15: 3 | Q15: 1 | R15: 3
B16: 11 | C16: 일성건축 | D16: 2 | E16: 45702 | F16: 0.375 | G16: 45702 | H16: 0.5 | I16: =H16-F16 -> 0.125 | J16: =I16*D16 -> 0.25 | K16: 5 | L16: 301 | M16: 남해원 | N16: 누수 탐지(미래설비) 대기 인원 (일성건축) → 씽크대 철거,원복 하지 않음 | O16: 2
B17: 12 | C17: 일성건축 | D17: 1 | E17: 45707 | F17: 0.54166667 | G17: 45692 | H17: 0.64583333 | I17: =H17-F17 -> 0.10416667 | J17: =I17*D17 -> 0.10416667 | K17: 5 | L17: 501 | M17: 남해원 | N17: 방충망 7개소 완료 | P17: 7
B18: 합 계 | D18: =SUM(D6:D17) -> 23 | I18: =SUM(I6:I17) -> 3.1875 | J18: =SUM(J6:J17) -> 6.2708333 | O18: =SUM(O6:O17) -> 20 | P18: =SUM(P6:P17) -> 41 | Q18: =SUM(Q6:Q17) -> 14 | R18: =SUM(R6:R17) -> 6 | S18: =SUM(S6:S17) -> 1
O19: =O18-D18 -> -3 | P19: 절감

Sheet 시중가 근거서류

Sheet Upload
A1: 구분 | B1: 표준단가 | C1: 표준품셈 | D1: 물가정보 | E1: 노임단가 | F1: 수량
A2: ='내역서(표준단가)'!A5 -> L003 | B2: ='내역서(표준단가)'!F5 -> 0 | C2: ='내역서(표준단가)'!G5 -> 0 | D2: ='내역서(표준단가)'!H5 -> 0 | E2: ='내역서(표준단가)'!I5 -> L003 | F2: ='내역서(표준단가)'!M5 -> 20
A3: ='내역서(표준단가)'!A6 -> M020450310340103 | B3: ='내역서(표준단가)'!F6 -> 0 | C3: ='내역서(표준단가)'!G6 -> 0 | D3: ='내역서(표준단가)'!H6 -> M020450310340103 | E3: ='내역서(표준단가)'!I6 -> 0 | F3: ='내역서(표준단가)'!M6 -> 41
A4: ='내역서(표준단가)'!A7 -> M020251411670101 | B4: ='내역서(표준단가)'!F7 -> 0 | C4: ='내역서(표준단가)'!G7 -> 0 | D4: ='내역서(표준단가)'!H7 -> M020251411670101 | E4: ='내역서(표준단가)'!I7 -> 0 | F4: ='내역서(표준단가)'!M7 -> 14
A5: ='내역서(표준단가)'!A8 -> M020533113070101 | B5: ='내역서(표준단가)'!F8 -> 0 | C5: ='내역서(표준단가)'!G8 -> 0 | D5: ='내역서(표준단가)'!H8 -> M020533113070101 | E5: ='내역서(표준단가)'!I8 -> 0 | F5: ='내역서(표준단가)'!M8 -> 6
A6: ='내역서(표준단가)'!A9 -> M020852810150101 | B6: ='내역서(표준단가)'!F9 -> 0 | C6: ='내역서(표준단가)'!G9 -> 0 | D6: ='내역서(표준단가)'!H9 -> M020852810150101 | E6: ='내역서(표준단가)'!I9 -> 0 | F6: ='내역서(표준단가)'!M9 -> 5

Sheet Upload(시중가)-별도입력
A1: 표준내역코드 | B1: 세부공종 | C1: 품명 | D1: 규격 | E1: 단위 | F1: 수량 | G1: 재료비단가 | H1: 재료비소계 | I1: 노무비단가 | J1: 노무비소계 | K1: 기계경비단가 | L1: 기계경비소계 | M1: 기타경비단가 | N1: 기타경비소계 | O1: 할증코드 | P1: 재료비할증율 | Q1: 노무비할증율 | R1: 할증내용
A2: 999999 | B2: 영선,건축 | C2: 8-206호 베란다 창고문 도어틀 및 도어교체,환기 타공도어+도어록+경첩, 02/04,06일 작업 | D2: 비규격 | E2: SET | F2: 1 | G2: 194000
A3: 999999 | B3: 영선,건축 | C3: 현관 도어 가스켓 | D3: 발포 PVC | E3: SET | F3: 1 | G3: 36000
A4: 999999 | B4: 영선,건축 | C4: 도어보수용 대패날 | D4: 도어보수용 대패날 | E4: SET | F4: 1 | G4: 12000
A5: 999999 | B5: 영선,건축 | C5: 도어보수용 도어 엣지 필름 | D5: 도어보수용 도어 엣지 필름 | E5: SET | F5: 1 | G5: 9090
