Workbook

Sheet 갑지
A2: 견 적 서
A5: 수신인 : 주식회사 에스엔아이 코퍼레이션 | F5: 등록번호 | G5: 314-86-35718
F6: 상 호 | G6: ㈜일성건축
A7: 공사명 : 사택 103-106 단열작업(거실, 방1,2,3) | F7: 대표 이사 | G7: 상 석 희
F8: 사업장 | G8: 대전 서구 도마6길 107 (도마동)
A9: 견적일 : 2026년 03월 17일 | F9: 업 태 | G9: 건설업
F10: 종 목 | G10: 실내건축,인테리어공사
F11: TEL, FAX | G11: 042)527-0995, 042)527-0996
A12: 금액: | B12: =NUMBERSTRING(F31,1) -> 삼백육십사만육천 | D12: 원정
A14: NO | B14: 품명 | C14: 규격 | D14: 수량 | E14: 단위 | F14: 금액 | G14: 비고
B15: 직접비
B16: 재료비 | F16: ='내역서(표준단가)'!K13 -> 945437.1
B17: 노무비 | F17: ='내역서(표준단가)'!M13 -> 2183089.9
B18: 기계/기타경비 | F18: ='내역서(표준단가)'!O13+'내역서(표준단가)'!Q13 -> 0
B19: 소계 | F19: =F16+F17+F18 -> 3128527
B20: 간접비
B21: 국민연금 | C21: 노무비*4.75% | D21: 1 | E21: 식 | F21: =F17*4.75% -> 103696.77 | G21: 모든공사에 적용
B22: 건강보험료 | C22: 노무비*3.595% | D22: 1 | E22: 식 | F22: =F17*3.595% -> 78482.081 | G22: 모든공사에 적용
B23: 장기요양보험료 | C23: 건강보험료*12.95% | D23: 1 | E23: 식 | F23: =F22*12.95% -> 10163.43 | G23: 모든공사에 적용
B24: 고용보험료 | C24: 노무비*1.01% | D24: 1 | E24: 식 | F24: =F17*1.01% -> 22049.208 | G24: 모든공사에 적용
B25: 산재보험료 | C25: 노무비*3.56% | D25: 1 | E25: 식 | F25: =F17*3.56% -> 77718 | G25: 모든공사에 적용
B26: 산업안전보건관리비 | C26: (재료비+노무비)*3.11% | D26: 1 | E26: 식 | F26: =(F16+F17)*3.11% -> 97297.189 | G26: 모든공사에 적용
B27: 일반관리비/이윤 | C27: (노무비+간접공사비)*5% | D27: 1 | E27: 식 | F27: =SUM(F17+F21+F22+F23+F24+F25+F26)*5% -> 128624.83
B28: 소계 | F28: =F21+F22+F23+F24+F25+F26+F27 -> 518031.5
F30: =F19+F28+F29 -> 3646558.5
B31: 합계(단수조정) | F31: =ROUNDDOWN(F30,-3) -> 3646000
B32: VAT별도

Sheet 내역서(표준단가)
K1: ▼낙찰율 | M1: ▼낙찰율 | O1: ▼낙찰율 | Q1: ▼낙찰율
K2: 0.835 | M2: 0.835 | O2: 0.835 | Q2: 0.835
B3: ▶ 표준 Code(표준단가/품셈/물정/노임) 순서별 입력(Upload 자동반영) | F3: 주요내역 | H3: 단위 | I3: 수량 | J3: 재료비 | L3: 노무비 | N3: 기계경비 | P3: 기타경비(부자재비) | R3: 합계 | S3: 노무비 할증 | T3: 할증기준
A4: 합계 | B4: 표준단가 D | C4: 표준품셈 E | D4: 물가정보 M | E4: 노임단가 L | F4: 품목 | G4: 규격 | J4: 품셈/표단 | K4: 금액 | L4: 단가 | M4: 금액 | N4: 단가 | O4: 금액 | P4: 단가 | Q4: 금액
A5: =B5&C5&D5&E5 -> L002 | E5: L002 | F5: 자재 반입 및 폐기물 반출 및 현장정리 | G5: 보통인부, 시중노임단가 | H5: 인 | I5: 1 | K5: =SUM(J5:J5)*I5*$K$2 -> 0 | L5: 171037 | M5: =I5*L5 -> 171037 | O5: =N5*I5*$O$2 -> 0 | Q5: =P5*I5*$Q$2 -> 0 | R5: =SUM(K5+M5)+O5+Q5 -> 171037
A6: =B6&C6&D6&E6 -> M020750510120102 | D6: M020750510120102 | F6: 에너폴(태화론 TW-06, 6㎜×1M×50M단면-점착 대체), 열반사 단열재 6t, | G6: (4.6m)*2.4=11.04㎡, 900 X 1800X40, 3호(비중0.020) | H6: 매 | I6: 57 | J6: 6400 | K6: =SUM(J6:J6)*I6*$K$2 -> 304608 | M6: =(L6*I6)*$M$2 -> 0 | O6: =N6*I6*$O$2 -> 0 | Q6: =P6*I6*$Q$2 -> 0 | R6: =SUM(K6+M6)+O6+Q6 -> 304608
A7: =B7&C7&D7&E7 -> M020750510130102 | D7: M020750510130102 | F7: 에너폴(이보드, 1000*1000*13T, 대체) | G7: 900 X 1800X50, 3호(비중0.020) | H7: 매 | I7: 57 | J7: 8000 | K7: =SUM(J7:J7)*I7*$K$2 -> 380760 | M7: =(L7*I7)*$M$2 -> 0 | O7: =N7*I7*$O$2 -> 0 | Q7: =P7*I7*$Q$2 -> 0 | R7: =SUM(K7+M7)+O7+Q7 -> 380760
A8: =B8&C8&D8&E8 -> E00000803066470202 | C8: E00000803066470202 | F8: 석고판 설치(나사 고정) | G8: 바탕용(2겹) (시공량:24㎡),시공총량 114/일당35=3.2571 | H8: (일당) | I8: 3.2571 | K8: =SUM(J8:J8)*I8*$K$2 -> 0 | L8: 681499 | M8: =(L8*I8)*$M$2 -> 1853458.2 | O8: =N8*I8*$O$2 -> 0 | Q8: =P8*I8*$Q$2 -> 0 | R8: =SUM(K8+M8)+O8+Q8 -> 1853458.2
A9: =B9&C9&D9&E9 -> M020531910380101 | D9: M020531910380101 | F9: 연질/러버베이스 적용 (합성수지류,걸레받이 대체) | G9: 100h, 2.5t | H9: m | I9: 46 | J9: 3510 | K9: =SUM(J9:J9)*I9*$K$2 -> 134819.1 | M9: =(L9*I9)*$M$2 -> 0 | O9: =N9*I9*$O$2 -> 0 | Q9: =P9*I9*$Q$2 -> 0 | R9: =SUM(K9+M9)+O9+Q9 -> 134819.1
A10: =B10&C10&D10&E10 -> E00000803066520502 | C10: E00000803066520502 | F10: 걸레받이 설치, 종합적산정보 389p | G10: 중밀도섬유판(시공량 : 165m), 설치수량 48m, 46/165=0.2787 | H10: (일당) | I10: 0.2787 | K10: =SUM(J10:J10)*I10*$K$2 -> 0 | L10: 681499 | M10: =(L10*I10)*$M$2 -> 158594.7 | O10: =N10*I10*$O$2 -> 0 | Q10: =P10*I10*$Q$2 -> 0 | R10: =SUM(K10+M10)+O10+Q10 -> 158594.7
A11: =B11&C11&D11&E11 -> M020806810430101 | D11: M020806810430101 | F11: 산업폐기물처리비=내부창호폐기물 적용(1세대) | G11: STEEL CONCORE PANEL 기준, (소운반비별도), 적용 | H11: TON | I11: 1 | J11: 150000 | K11: =SUM(J11:J11)*I11*$K$2 -> 125250 | Q11: =P11*I11*$Q$2 -> 0 | R11: =SUM(K11+M11)+O11+Q11 -> 125250
K13: =SUM(K5:K12) -> 945437.1 | M13: =SUM(M5:M12) -> 2183089.9 | O13: =SUM(O5:O12) -> 0 | Q13: =SUM(Q5:Q12) -> 0 | R13: =SUM(R5:R12) -> 3128527

Sheet 상세내역
A1: 내 역 서
A2: 품 명 | B2: 규 격 | C2: 단위 | D2: 수 량 | E2: 재 료 비 | G2: 노 무 비 | I2: 기계경비 | K2: 기타경비 | M2: 합 계
E3: 단 가 | F3: 금 액 | G3: 단 가 | H3: 금 액 | I3: 단 가 | J3: 금 액 | K3: 단 가 | L3: 금 액 | M3: 단 가 | N3: 금 액
A4: 사택 103-106 단열작업(거실, 방1,2,3) | N4: =F4+H4+J4+L4 -> 0
A5: 1.건축물 현장정리 | B5: 자재 반입 및 폐기물 반출 및 현장정리, 보통인부 | C5: 인 | D5: 1 | F5: =D5*E5 -> 0 | G5: 171037 | H5: =D5*G5 -> 171037 | N5: =F5+H5+J5+L5 -> 171037
A6: 2.거실벽 | B6: (0.3+4.38*h:2.5)-(창호면적 1.6*2.3)=8.77 | F6: =D6*E6 -> 0 | N6: =F6+H6+J6+L6 -> 0
A7: 열반사 단열재 | B7: 단면접착, 6*1000*1000 | C7: M2 | D7: 9 | E7: 5344 | F7: =D7*E7 -> 48096 | N7: =F7+H7+J7+L7 -> 48096 | O7: =D7+D12+D17+D22 -> 57
A8: 이보드 | B8: 이보드13t*2700*h:2400 | C8: M2 | D8: 9 | E8: 6680 | F8: =D8*E8 -> 60120 | H8: =D8*G8 -> 0 | N8: =F8+H8+J8+L8 -> 60120 | O8: =D8+D13+D18+D23 -> 57
A9: 석고판 나사고정 | B9: 바탕용*2겹 | C9: M2 | D9: 18 | F9: =D9*E9 -> 0 | G9: 16218 | H9: =D9*G9 -> 291924 | N9: =F9+H9+J9+L9 -> 291924 | O9: =D9+D14+D19+D24 -> 114
A10: 조이너 및 몰딩 | B10: 몰딩 | C10: m | D10: 10 | E10: 2931 | F10: =D10*E10 -> 29310 | G10: 3414 | H10: =D10*G10 -> 34140 | N10: =F10+H10+J10+L10 -> 63450 | O10: =D10+D15+D20+D25 -> 46
A11: 3.안방 | B11: (4.37+1.5)*h:2.5=14.675 | F11: =D11*E11 -> 0 | N11: =F11+H11+J11+L11 -> 0
A12: 열반사 단열재 | B12: 단면접착, 6*1000*1000 | C12: M2 | D12: 15 | E12: 5344 | F12: =D12*E12 -> 80160 | N12: =F12+H12+J12+L12 -> 80160
A13: 이보드 | B13: 이보드13t*2700*h:2400 | C13: M2 | D13: 15 | E13: 6680 | F13: =D13*E13 -> 100200 | H13: =D13*G13 -> 0 | N13: =F13+H13+J13+L13 -> 100200
A14: 석고판 나사고정 | B14: 바탕용*2겹 | C14: M2 | D14: 30 | F14: =D14*E14 -> 0 | G14: 16218 | H14: =D14*G14 -> 486540 | N14: =F14+H14+J14+L14 -> 486540
A15: 조이너 및 몰딩 | B15: 몰딩 | C15: m | D15: 12 | E15: 2931 | F15: =D15*E15 -> 35172 | G15: 3414 | H15: =D15*G15 -> 40968 | N15: =F15+H15+J15+L15 -> 76140
A16: 4.작은방1 | B16: (3.2+2.85)*h:2.5=15.125 | F16: =D16*E16 -> 0 | N16: =F16+H16+J16+L16 -> 0
A17: 열반사 단열재 | B17: 단면접착, 6*1000*1000 | C17: M2 | D17: 16 | E17: 5344 | F17: =D17*E17 -> 85504 | N17: =F17+H17+J17+L17 -> 85504
A18: 이보드 | B18: 이보드13t*2700*h:2400 | C18: M2 | D18: 16 | E18: 6680 | F18: =D18*E18 -> 106880 | H18: =D18*G18 -> 0 | N18: =F18+H18+J18+L18 -> 106880
A19: 석고판 나사고정 | B19: 바탕용*2겹 | C19: M2 | D19: 32 | F19: =D19*E19 -> 0 | G19: 16218 | H19: =D19*G19 -> 518976 | N19: =F19+H19+J19+L19 -> 518976
A20: 조이너 및 몰딩 | B20: 몰딩 | C20: m | D20: 12 | E20: 2931 | F20: =D20*E20 -> 35172 | G20: 3414 | H20: =D20*G20 -> 40968 | N20: =F20+H20+J20+L20 -> 76140
A21: 5.작은방2 | B21: (0.3+2.8+3.35)*h:2.5=16.125 | F21: =D21*E21 -> 0 | N21: =F21+H21+J21+L21 -> 0
A22: 열반사 단열재 | B22: 단면접착, 6*1000*1000 | C22: M2 | D22: 17 | E22: 5344 | F22: =D22*E22 -> 90848 | N22: =F22+H22+J22+L22 -> 90848
A23: 이보드 | B23: 이보드13t*2700*h:2400 | C23: M2 | D23: 17 | E23: 6680 | F23: =D23*E23 -> 113560 | H23: =D23*G23 -> 0 | N23: =F23+H23+J23+L23 -> 113560
A24: 석고판 나사고정 | B24: 바탕용*2겹 | C24: M2 | D24: 34 | F24: =D24*E24 -> 0 | G24: 16218 | H24: =D24*G24 -> 551412 | N24: =F24+H24+J24+L24 -> 551412
A25: 조이너 및 몰딩 | B25: 몰딩 | C25: m | D25: 12 | E25: 2931 | F25: =D25*E25 -> 35172 | G25: 3414 | H25: =D25*G25 -> 40968 | N25: =F25+H25+J25+L25 -> 76140
A26: 5.폐기물 처리 | B26: 혼합건설 폐기물, 운반비 포함 | C26: TON | D26: 1 | E26: 125250 | F26: =D26*E26 -> 125250 | J26: =D26*I26 -> 0 | N26: =F26+H26+J26+L26 -> 125250
A27: 합 계 | F27: =SUM(F5:F26) -> 945444 | H27: =SUM(H5:H26) -> 2176933 | J27: =SUM(J5:J26) -> 0 | L27: =SUM(L5:L26) -> 0 | N27: =SUM(N5:N26) -> 3122377

Sheet Upload
A1: 구분 | B1: 표준단가 | C1: 표준품셈 | D1: 물가정보 | E1: 노임단가 | F1: 수량
A2: ='내역서(표준단가)'!A5 -> L002 | B2: ='내역서(표준단가)'!B5 -> 0 | C2: ='내역서(표준단가)'!C5 -> 0 | D2: ='내역서(표준단가)'!D5 -> 0 | E2: ='내역서(표준단가)'!E5 -> L002 | F2: ='내역서(표준단가)'!I5 -> 1
A3: ='내역서(표준단가)'!A6 -> M020750510120102 | B3: ='내역서(표준단가)'!B6 -> 0 | C3: ='내역서(표준단가)'!C6 -> 0 | D3: ='내역서(표준단가)'!D6 -> M020750510120102 | E3: ='내역서(표준단가)'!E6 -> 0 | F3: ='내역서(표준단가)'!I6 -> 57
A4: ='내역서(표준단가)'!A7 -> M020750510130102 | B4: ='내역서(표준단가)'!B7 -> 0 | C4: ='내역서(표준단가)'!C7 -> 0 | D4: ='내역서(표준단가)'!D7 -> M020750510130102 | E4: ='내역서(표준단가)'!E7 -> 0 | F4: ='내역서(표준단가)'!I7 -> 57
A5: ='내역서(표준단가)'!A8 -> E00000803066470202 | B5: ='내역서(표준단가)'!B8 -> 0 | C5: ='내역서(표준단가)'!C8 -> E00000803066470202 | D5: ='내역서(표준단가)'!D8 -> 0 | E5: ='내역서(표준단가)'!E8 -> 0 | F5: ='내역서(표준단가)'!I8 -> 3.2571
A6: ='내역서(표준단가)'!A9 -> M020531910380101 | B6: ='내역서(표준단가)'!B9 -> 0 | C6: ='내역서(표준단가)'!C9 -> 0 | D6: ='내역서(표준단가)'!D9 -> M020531910380101 | E6: ='내역서(표준단가)'!E9 -> 0 | F6: ='내역서(표준단가)'!I9 -> 46
A7: ='내역서(표준단가)'!A10 -> E00000803066520502 | B7: ='내역서(표준단가)'!B10 -> 0 | C7: ='내역서(표준단가)'!C10 -> E00000803066520502 | D7: ='내역서(표준단가)'!D10 -> 0 | E7: ='내역서(표준단가)'!E10 -> 0 | F7: ='내역서(표준단가)'!I10 -> 0.2787
A8: ='내역서(표준단가)'!A11 -> M020806810430101 | B8: ='내역서(표준단가)'!B11 -> 0 | C8: ='내역서(표준단가)'!C11 -> 0 | D8: ='내역서(표준단가)'!D11 -> M020806810430101 | E8: ='내역서(표준단가)'!E11 -> 0 | F8: ='내역서(표준단가)'!I11 -> 1
