Workbook

Sheet 갑지
A2: 견 적 서
A5: 수신인: | B5: (주)에스앤아이코퍼레이션 | F5: 주 식 회 사 대 양 이 엔 씨 대 표 박 찬 현
A7: 공사명: | B7: 기숙사 및 사택 비상 발전기 소모품 교체 | F7: 대전광역시 대덕구 아리랑로 125번길 11
A9: 견적일: | B9: 2025년 08월 일 | F9: 전화 : 042-628-8301 /FAX : 042-628-8304
A12: 금액: | B12: =NUMBERSTRING(F31,1) -> 삼백삼십구만칠천 | D12: 원정
A14: NO | B14: 품명 | C14: 규격 | D14: 수량 | E14: 단위 | F14: 금액 | G14: 비고
B15: 직접비
B16: 재료비 | F16: ='내역서(표준단가)'!O25 -> 1872500
B17: 노무비 | F17: ='내역서(표준단가)'!Q25 -> 1200000
B18: 기계/기타경비
B19: 소계 | F19: =F16+F17+F18 -> 3072500
B20: 간접비
B21: 안전관리비 | C21: (재료비+노무비)*3.11% | D21: 1 | E21: 식 | F21: =(F16+F17)*3.11% -> 95554.75 | G21: 모든공사에 적용
B22: 산재보험료 | C22: 노무비*3.56% | D22: 1 | E22: 식 | F22: =F17*3.56% -> 42720 | G22: 모든공사에 적용
B23: 고용보험료 | C23: 노무비*1.01% | D23: 1 | E23: 식 | F23: =F17*1.01% -> 12120 | G23: 모든공사에 적용
B24: 국민건강 보험료 | C24: 노무비*3.545% | D24: 1 | E24: 식 | F24: =F17*3.545% -> 42540 | G24: 모든공사에 적용
B25: 국민연금 보험료 | C25: 노무비*4.5% | D25: 1 | E25: 식 | F25: =F17*4.5% -> 54000 | G25: 모든공사에 적용
B26: 노인장기요양 보험료 | C26: 국민건강보험료*12.95% | D26: 1 | E26: 식 | F26: =F24*12.95% -> 5508.93 | G26: 모든공사에 적용
B27: 일반관리비/이윤 | C27: (노무비+간접공사비)*5% | D27: 1 | E27: 식 | F27: =SUM(F17+F21+F22+F23+F24+F25+F26)*5% -> 72622.184
B28: 소계 | F28: =F21+F22+F23+F24+F25+F26+F27 -> 325065.86
F30: =F19+F28+F29 -> 3397565.9
B31: 합계(단수조정) | F31: =ROUNDDOWN(F30,-3) -> 3397000
B32: VAT별도

Sheet 내역서(표준단가)
O2: ▼낙찰율 | Q2: ▼낙찰율 | S2: ▼낙찰율 | U2: ▼낙찰율 | W2: ▼할증율
I3: 공사명: | J3: =갑지!B7 -> 기숙사 및 사택 비상 발전기 소모품 교체 | O3: 0.83 | Q3: 0.4 | S3: 0.6 | U3: 0.6 | W3: 1 | X3: 기본
I4: 표준 Code | J4: 주요내역 | L4: 단위 | M4: 수량 | N4: 재료비 | P4: 노무비 | R4: 기계경비 | T4: 기타경비(부자재비) | V4: 합계 | W4: 비고
J5: 품목 | K5: 규격 | N5: 단가 | O5: 금액 | P5: 단가 | Q5: 금액 | R5: 단가 | S5: 금액 | T5: 단가 | U5: 금액 | W5: 할증율(%) | X5: 기준
J6: 115KW / D1146T ( 기숙사 3동 전기실) | M6: .
I7: E999999 | J7: 엔진오일 | K7: 15W40 | L7: L | M7: 20 | N7: 9500 | O7: =M7*N7 -> 190000 | Q7: =IF(W7="",M7*P7*$Y$3*$AE$3,M7*P7*$Y$3*W7) -> 0 | V7: =SUM(O7+Q7)+S7+U7 -> 190000
I8: E999999 | J8: 오일휠터 | K8: 5020 | L8: EA | M8: 1 | N8: 65000 | O8: =M8*N8 -> 65000 | Q8: =IF(W8="",M8*P8*$Y$3*$AE$3,M8*P8*$Y$3*W8) -> 0 | V8: =SUM(O8+Q8)+S8+U8 -> 65000
I9: E999999 | J9: 연료휠터 | K9: 5018 | L9: EA | M9: 1 | N9: 58000 | O9: =M9*N9 -> 58000 | Q9: =IF(W9="",M9*P9*$Y$3*$AE$3,M9*P9*$Y$3*W9) -> 0 | V9: =SUM(O9+Q9)+S9+U9 -> 58000
I10: E999999 | J10: 에어크리너 | K10: 9053 | L10: EA | M10: 1 | N10: 155000 | O10: =M10*N10 -> 155000 | Q10: =IF(W10="",M10*P10*$Y$3*$AE$3,M10*P10*$Y$3*W10) -> 0 | V10: =SUM(O10+Q10)+S10+U10 -> 155000
I11: E999999 | J11: 부동액 | K11: 사계절 | L11: L | M11: 20 | N11: 9000 | O11: =M11*N11 -> 180000 | Q11: =IF(W11="",M11*P11*$Y$3*$AE$3,M11*P11*$Y$3*W11) -> 0 | V11: =SUM(O11+Q11)+S11+U11 -> 180000
I12: E999999 | J12: 부동액첨가제 | K12: DCA4 | L12: L | M12: 2 | N12: 50000 | O12: =M12*N12 -> 100000 | Q12: =IF(W12="",M12*P12*$Y$3*$AE$3,M12*P12*$Y$3*W12) -> 0 | V12: =SUM(O12+Q12)+S12+U12 -> 100000
I13: E999999 | J13: 휀밸트 | K13: A59 | L13: EA | M13: 2 | N13: 55000 | O13: =M13*N13 -> 110000 | Q13: =IF(W13="",M13*P13*$Y$3*$AE$3,M13*P13*$Y$3*W13) -> 0 | V13: =SUM(O13+Q13)+S13+U13 -> 110000
I14: E999999 | J14: 히터호스 | K14: 15mm | L14: M | M14: 2 | N14: 27500 | O14: =M14*N14 -> 55000 | Q14: =IF(W14="",M14*P14*$Y$3*$AE$3,M14*P14*$Y$3*W14) -> 0 | V14: =SUM(O14+Q14)+S14+U14 -> 55000
J15: 300KW / P126TI-II ( 사택 102동 전기실) | M15: .
I16: E999999 | J16: 엔진오일 | K16: 15W40 | L16: L | M16: 24 | N16: 9500 | O16: =M16*N16 -> 228000 | Q16: =IF(W16="",M16*P16*$Y$3*$AE$3,M16*P16*$Y$3*W16) -> 0 | V16: =SUM(O16+Q16)+S16+U16 -> 228000
I17: E999999 | J17: 오일휠터 | K17: 5020 | L17: EA | M17: 1 | N17: 65000 | O17: =M17*N17 -> 65000 | Q17: =IF(W17="",M17*P17*$Y$3*$AE$3,M17*P17*$Y$3*W17) -> 0 | V17: =SUM(O17+Q17)+S17+U17 -> 65000
I18: E999999 | J18: 연료휠터 | K18: 5018 | L18: EA | M18: 1 | N18: 58000 | O18: =M18*N18 -> 58000 | Q18: =IF(W18="",M18*P18*$Y$3*$AE$3,M18*P18*$Y$3*W18) -> 0 | V18: =SUM(O18+Q18)+S18+U18 -> 58000
I19: E999999 | J19: 에어크리너 | K19: 9053 | L19: EA | M19: 1 | N19: 155000 | O19: =M19*N19 -> 155000 | Q19: =IF(W19="",M19*P19*$Y$3*$AE$3,M19*P19*$Y$3*W19) -> 0 | V19: =SUM(O19+Q19)+S19+U19 -> 155000
I20: E999999 | J20: 부동액 | K20: 사계절 | L20: L | M20: 24 | N20: 9000 | O20: =M20*N20 -> 216000 | Q20: =IF(W20="",M20*P20*$Y$3*$AE$3,M20*P20*$Y$3*W20) -> 0 | V20: =SUM(O20+Q20)+S20+U20 -> 216000
I21: E999999 | J21: 부동액첨가제 | K21: DCA4 | L21: L | M21: 2 | N21: 50000 | O21: =M21*N21 -> 100000 | Q21: =IF(W21="",M21*P21*$Y$3*$AE$3,M21*P21*$Y$3*W21) -> 0 | V21: =SUM(O21+Q21)+S21+U21 -> 100000
I22: E999999 | J22: 휀밸트 | K22: A59 | L22: EA | M22: 2 | N22: 55000 | O22: =M22*N22 -> 110000 | Q22: =IF(W22="",M22*P22*$Y$3*$AE$3,M22*P22*$Y$3*W22) -> 0 | V22: =SUM(O22+Q22)+S22+U22 -> 110000
I23: E999999 | J23: 히터호스 | K23: 15mm | L23: M | M23: 1 | N23: 27500 | O23: =M23*N23 -> 27500 | Q23: =IF(W23="",M23*P23*$Y$3*$AE$3,M23*P23*$Y$3*W23) -> 0 | V23: =SUM(O23+Q23)+S23+U23 -> 27500
I24: E999999 | J24: 시운전 및 출장 공임 | M24: 4 | O24: =M24*N24*$W$3 -> 0 | P24: 300000 | Q24: =M24*P24 -> 1200000 | V24: =SUM(O24+Q24)+S24+U24 -> 1200000
M25: . | O25: =SUM(O6:O24) -> 1872500 | Q25: =SUM(Q6:Q24) -> 1200000 | S25: =SUM(#REF!) -> #REF! | V25: =SUM(V6:V24) -> 3072500

Sheet 공사수립계획서
B1: 공사수립계획서
B4: 업 체 명 | C4: 대양이엔씨 | D4: 일 시 | E4: =갑지!B9 -> 2025년 08월 일
B5: 공 사 명 | C5: =갑지!B7 -> 기숙사 및 사택 비상 발전기 소모품 교체
B6: 공사 업체 | C6: ■ 공사기간 : 입찰시스템 계약기간에 준함
C7: ■ 인원투입계획 : 총 5명(주말 : 명)
C8: ■ 시공방법
C12: 발전기 보수
C20: ■ 위험작업 유무 : 고소작업.전기작업
C21: ■ 안전확보 방안 :
C22: -. 고소작업시 2인1조 작업
C23: -. 천정작업시 안전로프 설치
C24: -. 분전반 결선시 위험표지판 설치 및 차단기 락 설치
C25: ■ 주요 사용물질 :
B29: 대양이엔씨 | C29: 성명 : 홍정운 | D29: (인감/서명)
B30: ㈜ S&I Corp. | C30: 성명 : 김형래 | D30: 서명
