Workbook

Sheet PR당사안
A3: 見 積 書
A4: 수 신: LG화학
B5: CTO.대전.R&D지원팀 / 이영우&강진국 책임 님 귀하
A7: 견 적 일 자 | D7: 2025 | E7: 년 | F7: 2 | G7: 월 | H7: 6 | I7: 일 | K7: 공 급 자 | L7: 등록번호 | M7: 707-86-02-404 | N7: 전 화 | O7: 02-6924-5539
A8: 견 적 담 당 | D8: 이종근 | H8: 파트너 | L8: 상 호 | M8: ㈜에스앤아이코퍼레이션 | N8: 대 표 | O8: 형원준
A9: 견적유효기간 | D9: 견적 제출 후 30일 까지 | L9: 주 소 | M9: 서울특별시 강서구 마곡중앙로150
A10: 납 기 | D10: 발주 후 개별 협의 | L10: 업 태 | M10: 부동산, 서비스 | N10: 종 목 | O10: 임대 및 관리
B13: 사택 104-402 수장공사 | N13: 견적을 제출 합니다
B15: ="견 적 금 액 : 一金"&NUMBERSTRING(M33,1) & "원정""(\"& TEXT(M33,"#,###")&"원) [VAT 별도]" -> 견 적 금 액 : 一金사백칠십구만육천원정"(\4,796,000원) [VAT 별도]
A17: NO | B17: 구 분 | H17: 수량 | I17: 단위 | J17: 금 액 | N17: 비 고
A18: 1 | B18: 재료비 | H18: 1 | I18: 식 | J18: =IFERROR(LOOKUP(2,1/('내역서(표준단가)'!O4:O1048576<>""),'내역서(표준단가)'!O4:O1048576),"-") -> 755780.21
A19: 2 | B19: 노무비 | H19: 1 | I19: 식 | J19: =IFERROR(LOOKUP(2,1/('내역서(표준단가)'!Q4:Q1048576<>""),'내역서(표준단가)'!Q4:Q1048576),"-") -> 3017716.7
A20: 3 | B20: 경 비 | H20: 1 | I20: 식 | J20: =IFERROR(SUM(J21:M29),"-") -> 688374.92
C21: 기계 및 기타경비 | H21: 1 | I21: 식 | J21: =IFERROR(LOOKUP(2,1/('내역서(표준단가)'!S4:S1048576<>""),'내역서(표준단가)'!S4:S1048576)+LOOKUP(2,1/('내역서(표준단가)'!U4:U1048576<>""),'내역서(표준단가)'!U4:U1048576),"-") -> 0 | N21: 중장비 사용 등
C22: 업체 이윤 | H22: 1 | I22: 식 | J22: =IFERROR((J19+J21+J23+J24+J25+J26+J27+J28)*5%,"-") -> 176480.55 | N22: 표준단가는 계약 이윤율 적용
C23: 안전관리비 | H23: 3.11 | I23: % | J23: =IFERROR((J18+J19)*H23%,"-") -> 117355.75 | N23: (재료비+노무비)*3.11%
C24: 산재 보험료 | H24: 3.56 | I24: % | J24: =IFERROR(J19*H24%,"-") -> 107430.71 | N24: 노무비*3.56%
C25: 고용보험료 | H25: 1.01 | I25: % | J25: =IFERROR(J19*H25%,"-") -> 30478.938 | N25: 노무비*1.01%
C26: 국민건강 보험료 | H26: 3.545 | I26: % | J26: =IFERROR(J19*H26%,"-") -> 106978.06 | N26: 노무비*3.545%
C27: 국민연금 보험료 | H27: 4.5 | I27: % | J27: =IFERROR(J19*H27%,"-") -> 135797.25 | N27: 노무비*4.5%
C28: 노인장기요양 보험료 | H28: 12.95 | I28: % | J28: =IFERROR($H$28*J26%,"-") -> 13853.658 | N28: 건강보험료*12.95%
C29: 하도급대금지급보증증권 | H29: 0.081 | I29: % | J29: =IFERROR(IF(SUM(J21:J28,J18:J19)>=10000000,SUM(J21:J28,J18:J19)*H29%,"-"),"-") -> - | N29: 1천만원 이상 공사시 적용
C30: 폐기물처리 부담금 | H30: 1 | I30: 식 | J30: =34*0 -> 0 | N30: 폐기물발생 시 적용 (kg당 34원)
A31: 4 | C31: 일반관리비 | H31: 5 | I31: % | N31: (재료비 + 노무비 + 경비)*5%
A32: 5 | C32: 이 윤 | H32: 7.5 | I32: % | J32: =IFERROR(SUM(J18:M20)*H32%,"-") -> 334640.38 | N32: (재료비 + 노무비 + 경비)*7.5%
A33: 공사금액 | M33: =IFERROR(ROUNDDOWN(SUM(J18:M20)+J31+J32,-3),"-") -> 4796000
A34: *유첨 : 견적서 내역서 1부 ─ 끝 ─

Sheet 내역서(표준단가)
O1: ▼낙찰율 | Q1: ▼낙찰율 | S1: ▼낙찰율 | U1: ▼낙찰율
O2: 0.835 | Q2: 0.835 | S2: 0.835 | U2: 0.835
F3: ▶ 표준 Code(표준단가/품셈/물정/노임 순서별 입력(Upload 자동반영 | J3: 주요내역 | L3: 단위 | M3: 수량 | N3: 재료비 | P3: 노무비 | R3: 기계경비 | T3: 기타경비(부자재비 | V3: 합계 | W3: 노무비 할증 | X3: 할증기준
A4: 합계 | F4: 표준단가 D | G4: 표준품셈 E | H4: 물가정보 M | I4: 노임단가 L | J4: 품목 | K4: 규격 | N4: 품셈/표단 | O4: 금액 | P4: 단가 | Q4: 금액 | R4: 단가 | S4: 금액 | T4: 단가 | U4: 금액
A5: =F5&G5&H5&I5 -> M020853710050101 | H5: M020853710050101 | J5: 아이리스 | K5: 합지벽지 1R/L=93㎝(고정×17.75m=16.51㎡, 20,900원/16.51=1,265.9(㎡당 | L5: ㎡ | M5: 186 | N5: 1266 | O5: {=SUM(N5:N5*M5*$O$2)} -> 196622.46 | Q5: =(P5*M5)*$Q$2 -> 0 | S5: =R5*M5*$S$2 -> 0 | U5: =T5*M5*$U$2 -> 0 | V5: =SUM(O5+Q5)+S5+U5 -> 196622.46
A6: =F6&G6&H6&I6 -> E00000803071260301 | G6: E00000803071260301 | J6: 도배 교체(벽) | K6: 일당 시공량-벽 46㎡, 적산정보 500p 참조,시공총량186/일당46=4.043, | L6: (일당) | M6: 4.043 | O6: =SUM(N6:N6)*M6*$O$2 -> 0 | P6: 487076 | Q6: =(P6*M6)*$Q$2 -> 1644322.3 | S6: =R6*M6*$S$2 -> 0 | U6: =T6*M6*$U$2 -> 0 | V6: =SUM(O6+Q6)+S6+U6 -> 1644322.3
A7: =F7&G7&H7&I7 -> M020809012520101 | H7: M020809012520101 | J7: 비닐시트바닥재 | K7: 데코리아 다솜(륨) 1.8T×1,830㎜ | L7: ㎡ | M7: 50 | N7: 13000 | O7: =SUM(N7:N7)*M7*$O$2 -> 542750 | Q7: =(P7*M7)*$Q$2 -> 0 | S7: =R7*M7*$S$2 -> 0 | U7: =T7*M7*$U$2 -> 0 | V7: =SUM(O7+Q7)+S7+U7 -> 542750
A8: =F8&G8&H8&I8 -> E00000803071260401 | G8: E00000803071260401 | J8: PVC계바닥재 교체 | K8: 일당 시공량-61㎡ 적산정보 500p 참조,시공총량50/일당61=0.0.8196, | L8: (일당) | M8: 0.8195 | O8: =SUM(N8:N8)*M8*$O$2 -> 0 | P8: 487076 | Q8: =(P8*M8)*$Q$2 -> 333297.58 | S8: =R8*M8*$S$2 -> 0 | U8: =T8*M8*$U$2 -> 0 | V8: =SUM(O8+Q8)+S8+U8 -> 333297.58
A9: =F9&G9&H9&I9 -> M020412614110102 | H9: M020412614110102 | J9: 합성수지에멀션페인트 | K9: KSM-6010 내부용, 2급, 백색 | L9: 18ℓ | M9: 0.3 | N9: 65500 | O9: =SUM(N9:N9)*M9*$O$2 -> 16407.75 | V9: =SUM(O9+Q9)+S9+U9 -> 16407.75
A10: =F10&G10&H10&I10 -> E00000803061120402 | G10: E00000803061120402 | J10: 석고보드면 바탕만들기 | K10: 줄퍼티 | L10: (㎡ 당) | M10: 28 | O10: =SUM(N10:N10)*M10*$O$2 -> 0 | P10: 10432 | Q10: =(P10*M10)*$Q$2 -> 243900.16 | S10: =R10*M10*$S$2 -> 0 | U10: =T10*M10*$U$2 -> 0 | V10: =SUM(O10+Q10)+S10+U10 -> 243900.16
A11: =F11&G11&H11&I11 -> E00000803061300201 | G11: E00000803061300201 | J11: 수성페인트 붓칠 | K11: 1회칠 | L11: (㎡ 당) | M11: 28 | O11: =SUM(N11:N11)*M11*$O$2 -> 0 | P11: 6179 | Q11: =(P11*M11)*$Q$2 -> 144465.02 | S11: =R11*M11*$S$2 -> 0 | U11: =T11*M11*$U$2 -> 0 | V11: =SUM(O11+Q11)+S11+U11 -> 144465.02
A12: =F12&G12&H12&I12 -> E00000801011510601 | G12: E00000801011510601 | J12: 준공청소 | K12: 전체면적 | L12: (연면적 ㎡당) | M12: 96 | O12: =SUM(N12:N12)*M12*$O$2 -> 0 | P12: 3310 | Q12: =(P12*M12)*$Q$2 -> 265329.6 | S12: =R12*M12*$S$2 -> 0 | U12: =T12*M12*$U$2 -> 0 | V12: =SUM(O12+Q12)+S12+U12 -> 265329.6
A13: =F13&G13&H13&I13 -> L003 | I13: L003 | J13: 방충망-2개(가운데방, 현관입구방)교체, 걸레받이 교체-3곳(가운데방(1곳), 현관입구방(1곳), 거실(1곳,)문끌림-1개(안방문), 씽크대 상판 전체 실리콘(들뜸) 재코킹작업, 보수 | K13: 시중노임단가, 특별인부, 자재비 포함 | L13: 인 | M13: 1 | O13: =SUM(N13:N13)*M13*$O$2 -> 0 | P13: 219321 | Q13: =M13*P13 -> 219321 | S13: =R13*M13*$S$2 -> 0 | U13: =T13*M13*$U$2 -> 0 | V13: =SUM(O13+Q13)+S13+U13 -> 219321
A14: =F14&G14&H14&I14 -> L002 | I14: L002 | J14: 방충망-2개(가운데방, 현관입구방)교체, 걸레받이 교체-3곳(가운데방(1곳), 현관입구방(1곳), 거실(1곳,)문끌림-1개(안방문), 씽크대 상판 전체 실리콘(들뜸) 재코킹작업, 보수 | K14: 시중노임단가, 보통인부, | L14: 인 | M14: 1 | O14: =SUM(N14:N14)*M14*$O$2 -> 0 | P14: 167081 | Q14: =M14*P14 -> 167081 | S14: =R14*M14*$S$2 -> 0 | U14: =T14*M14*$U$2 -> 0 | V14: =SUM(O14+Q14)+S14+U14 -> 167081
O15: =SUM(N15:N15)*M15*$O$2 -> 0 | Q15: =(P15*M15)*$Q$2 -> 0 | S15: =R15*M15*$S$2 -> 0 | U15: =T15*M15*$U$2 -> 0 | V15: =SUM(O15+Q15)+S15+U15 -> 0
O16: =SUM(O5:O15) -> 755780.21 | Q16: =SUM(Q5:Q15) -> 3017716.7 | S16: =SUM(S5:S15) -> 0 | U16: =SUM(U5:U15) -> 0 | V16: =SUM(V5:V15) -> 3773496.9

Sheet 상세내역
A1: 내 역 서
A2: 품 명 | B2: 규 격 | C2: 단위 | D2: 수 량 | E2: 재 료 비 | G2: 노 무 비 | I2: 기계경비 | K2: 기타경비(부자재비 | M2: 합 계 | O2: 비 고
E3: 단 가 | F3: 금 액 | G3: 단 가 | H3: 금 액 | K3: 단 가 | L3: 금 액 | M3: 단 가 | N3: 금 액
A4: 사택 104-402 수장공사
A5: 1.도배 | B5: 거실 벽면 | C5: ㎡ | D5: 85 | E5: 1057 | F5: =D5*E5 -> 89845 | G5: 8839.9 | H5: =D5*G5 -> 751391.5 | N5: =F5+H5+J5+L5 -> 841236.5 | O5: 광폭합지 벽지(LX하우시스, 휘앙세, 24년 12월 물가자료
B6: 거실 천정 | C6: ㎡
B7: 방A 벽면 | C7: ㎡ | D7: 38 | E7: 1057 | F7: =D7*E7 -> 40166 | G7: 8839.9 | H7: =D7*G7 -> 335916.2 | N7: =F7+H7+J7+L7 -> 376082.2
B8: 방A 천정 | C8: ㎡
B9: 방B 벽면 | C9: ㎡ | D9: 32 | E9: 1057 | F9: =D9*E9 -> 33824 | G9: 8839.9 | H9: =D9*G9 -> 282876.8 | N9: =F9+H9+J9+L9 -> 316700.8
B10: 방B 천정 | C10: ㎡
B11: 방C 벽면 | C11: ㎡ | D11: 31 | E11: 1057 | F11: =D11*E11 -> 32767 | G11: 8839.9 | H11: =D11*G11 -> 274036.9 | N11: =F11+H11+J11+L11 -> 306803.9
B12: 방C 천정 | C12: ㎡
A13: 소 계 | D13: =SUM(D5:D11) -> 186 | F13: =SUM(F5:F12) -> 196602 | H13: =SUM(H5:H12) -> 1644221.4 | J13: =SUM(J5:J12) -> 0 | L13: =SUM(L5:L12) -> 0 | N13: =SUM(N5:N12) -> 1840823.4
A14: 2.바닥재 | B14: 거실 바닥 | C14: ㎡ | D14: 27 | E14: 10855 | F14: =D14*E14 -> 293085 | G14: 6668.1 | H14: =D14*G14 -> 180038.7 | N14: =F14+H14+J14+L14 -> 473123.7
B15: 방A 바닥 | C15: ㎡ | D15: 9 | E15: 10855 | F15: =D15*E15 -> 97695 | G15: 6668.1 | H15: =D15*G15 -> 60012.9 | N15: =F15+H15+J15+L15 -> 157707.9
B16: 방B 바닥 | C16: ㎡ | D16: 7 | E16: 10855 | F16: =D16*E16 -> 75985 | G16: 6668.1 | H16: =D16*G16 -> 46676.7 | N16: =F16+H16+J16+L16 -> 122661.7
B17: 방C 바닥 | C17: ㎡ | D17: 7 | E17: 10855 | F17: =D17*E17 -> 75985 | G17: 6668.1 | H17: =D17*G17 -> 46676.7 | N17: =F17+H17+J17+L17 -> 122661.7
A18: 소 계 | D18: =SUM(D14:D17) -> 50 | F18: =SUM(F14:F17) -> 542750 | H18: =SUM(H14:H17) -> 333405 | J18: =SUM(J14:J17) -> 0 | L18: =SUM(L14:L17) -> 0 | N18: =SUM(N14:N17) -> 876155
A19: 3.도장
A20: 수성페인트 | B20: KSM-6010 내부용, 2급, 백색 | C20: 18ℓ | D20: 0.3 | E20: 54693 | F20: =D20*E20 -> 16407.9 | N20: =F20+H20+J20+L20 -> 16407.9
A21: 베란다 수성페인트(전면 | B21: 석고보드면 바탕만들기(줄퍼티 | C21: ㎡ | D21: 17 | F21: =D21*E21 -> 0 | G21: 8711 | H21: =D21*G21 -> 148087 | N21: =F21+H21+J21+L21 -> 148087
B22: 붓칠,내벽 | C22: ㎡ | D22: 17 | F22: =D22*E22 -> 0 | G22: 5159 | H22: =D22*G22 -> 87703 | N22: =F22+H22+J22+L22 -> 87703
A23: 베란다 수성페인트(후면 | B23: 석고보드면 바탕만들기(줄퍼티 | C23: ㎡ | D23: 11 | F23: =D23*E23 -> 0 | G23: 8711 | H23: =D23*G23 -> 95821 | N23: =F23+H23+J23+L23 -> 95821
B24: 붓칠,내벽 | C24: ㎡ | D24: 11 | F24: =D24*E24 -> 0 | G24: 5159 | H24: =D24*G24 -> 56749 | N24: =F24+H24+J24+L24 -> 56749
A25: 소 계 | F25: =SUM(F19:F24) -> 16407.9 | H25: =SUM(H19:H24) -> 388360 | J25: =SUM(J19:J24) -> 0 | L25: =SUM(L19:L24) -> 0 | N25: =SUM(N19:N24) -> 404767.9
A26: 4.청소 | B26: 준공청소(특별인부, | C26: ㎡ | D26: 96 | G26: 2764 | H26: =D26*G26 -> 265344 | N26: =F26+H26+J26+L26 -> 265344 | O26: 2023년 실내건축 일위대가
A27: 소 계 | H27: =SUM(H26:H26) -> 265344 | J27: =SUM(J26:J26) -> 0 | L27: =SUM(L26:L26) -> 0 | N27: =SUM(N26:N26) -> 265344
A28: 5.기타작업 | B28: 방충망-2개(가운데방, 현관입구방교체, 걸레받이 교체-3곳(가운데방(1곳, 현관입구방(1곳, 거실(1곳,문끌림-1개(안방문, 씽크대 상판 전체 실리콘(들뜸 재코킹작업, 시중노임단가, 특별인부, 자재비 포함 | C28: 인 | D28: 1 | G28: 219321 | H28: =D28*G28 -> 219321 | N28: =F28+H28+J28+L28 -> 219321
B29: 방충망-2개(가운데방, 현관입구방교체, 걸레받이 교체-3곳(가운데방(1곳, 현관입구방(1곳, 거실(1곳,문끌림-1개(안방문, 씽크대 상판 전체 실리콘(들뜸 재코킹작업, 시중노임단가, 보통인부, 자재비 포함 | C29: 인 | D29: 1 | G29: 167081 | H29: =D29*G29 -> 167081 | N29: =F29+H29+J29+L29 -> 167081
A30: 소 계 | F30: =SUM(F28:F29) -> 0 | H30: =SUM(H28:H29) -> 386402 | J30: =SUM(J28:J29) -> 0 | L30: =SUM(L28:L29) -> 0 | N30: =SUM(N28:N29) -> 386402
A31: 합 계 | F31: =F13+F18+F25+F27+F30 -> 755759.9 | H31: =H13+H18+H25+H27+H30 -> 3017732.4 | J31: =J13+J18+J25+J27+J30 -> 0 | L31: =L13+L18+L25+L27+L30 -> 0 | N31: =N13+N18+N25+N27+N30 -> 3773492.3

Sheet Upload
A1: 구분 | B1: 표준단가 | C1: 표준품셈 | D1: 물가정보 | E1: 노임단가 | F1: 수량
A2: #REF! | B2: ='내역서(표준단가)'!F5 -> 0 | C2: ='내역서(표준단가)'!G5 -> 0 | D2: ='내역서(표준단가)'!H5 -> M020853710050101 | E2: ='내역서(표준단가)'!I5 -> 0 | F2: ='내역서(표준단가)'!M5 -> 186
A3: ='내역서(표준단가)'!A6 -> E00000803071260301 | B3: ='내역서(표준단가)'!F6 -> 0 | C3: ='내역서(표준단가)'!G6 -> E00000803071260301 | D3: ='내역서(표준단가)'!H6 -> 0 | E3: ='내역서(표준단가)'!I6 -> 0 | F3: ='내역서(표준단가)'!M6 -> 4.043
A4: ='내역서(표준단가)'!A7 -> M020809012520101 | B4: ='내역서(표준단가)'!F7 -> 0 | C4: ='내역서(표준단가)'!G7 -> 0 | D4: ='내역서(표준단가)'!H7 -> M020809012520101 | E4: ='내역서(표준단가)'!I7 -> 0 | F4: ='내역서(표준단가)'!M7 -> 50
A5: ='내역서(표준단가)'!A8 -> E00000803071260401 | B5: ='내역서(표준단가)'!F8 -> 0 | C5: ='내역서(표준단가)'!G8 -> E00000803071260401 | D5: ='내역서(표준단가)'!H8 -> 0 | E5: ='내역서(표준단가)'!I8 -> 0 | F5: ='내역서(표준단가)'!M8 -> 0.8195
A6: ='내역서(표준단가)'!A9 -> M020412614110102 | B6: ='내역서(표준단가)'!F9 -> 0 | C6: ='내역서(표준단가)'!G9 -> 0 | D6: ='내역서(표준단가)'!H9 -> M020412614110102 | E6: ='내역서(표준단가)'!I9 -> 0 | F6: ='내역서(표준단가)'!M9 -> 0.3
A7: ='내역서(표준단가)'!A10 -> E00000803061120402 | B7: ='내역서(표준단가)'!F10 -> 0 | C7: ='내역서(표준단가)'!G10 -> E00000803061120402 | D7: ='내역서(표준단가)'!H10 -> 0 | E7: ='내역서(표준단가)'!I10 -> 0 | F7: ='내역서(표준단가)'!M10 -> 28
A8: ='내역서(표준단가)'!A11 -> E00000803061300201 | B8: ='내역서(표준단가)'!F11 -> 0 | C8: ='내역서(표준단가)'!G11 -> E00000803061300201 | D8: ='내역서(표준단가)'!H11 -> 0 | E8: ='내역서(표준단가)'!I11 -> 0 | F8: ='내역서(표준단가)'!M11 -> 28
A9: ='내역서(표준단가)'!A12 -> E00000801011510601 | B9: ='내역서(표준단가)'!F12 -> 0 | C9: ='내역서(표준단가)'!G12 -> E00000801011510601 | D9: ='내역서(표준단가)'!H12 -> 0 | E9: ='내역서(표준단가)'!I12 -> 0 | F9: ='내역서(표준단가)'!M12 -> 96
A10: ='내역서(표준단가)'!A13 -> L003 | B10: ='내역서(표준단가)'!F13 -> 0 | C10: ='내역서(표준단가)'!G13 -> 0 | D10: ='내역서(표준단가)'!H13 -> 0 | E10: ='내역서(표준단가)'!I13 -> L003 | F10: ='내역서(표준단가)'!M13 -> 1
A11: ='내역서(표준단가)'!A14 -> L002 | B11: ='내역서(표준단가)'!F14 -> 0 | C11: ='내역서(표준단가)'!G14 -> 0 | D11: ='내역서(표준단가)'!H14 -> 0 | E11: ='내역서(표준단가)'!I14 -> L002 | F11: ='내역서(표준단가)'!M14 -> 1
