Workbook
Name ___A52762: #REF!
Name ___A82761: #REF!
Name __A52762: #REF!
Name __A82761: #REF!
Name _1: #N/A
Name _15A: [1]가격조사서!$D$4:$D$11
Name _A16800: #REF!
Name _A52762: #REF!
Name _A82761: #REF!
Name _C: #REF!
Name _E7_E9_E11_E13_: #N/A
Name _NMB96: #REF!
Name _PRN2: [4]내역서!#REF!
Name _PRN3: [4]내역서!#REF!
Name _PRN4: [4]내역서!#REF!
Name _PRN6: [4]내역서!#REF!
Name _PRN7: [4]내역서!#REF!
Name _STR2020: [6]LANGUAGE!$B$40
Name _STR2021: [6]LANGUAGE!$B$41
Name _STR2022: [6]LANGUAGE!$B$42
Name _STR2023: [6]LANGUAGE!$B$43
Name _STR2024: [6]LANGUAGE!$B$44
Name _W: #N/A
Name \0: #N/A
Name \a: #N/A
Name \AS: #N/A
Name \b: #N/A
Name \BH: #N/A
Name \c: #N/A
Name \CC: #N/A
Name \d: #N/A
Name \DS: #N/A
Name \e: #N/A
Name \ES: #N/A
Name \f: #N/A
Name \FS: #N/A
Name \g: #N/A
Name \GH: #N/A
Name \h: #N/A
Name \HH: #N/A
Name \i: #N/A
Name \IH: #N/A
Name \j: #N/A
Name \JH: #N/A
Name \k: #N/A
Name \KH: #N/A
Name \m: #N/A
Name \MH: #N/A
Name \n: #N/A
Name \NH: #N/A
Name \p: '[7]당월(1)'!#REF!
Name \q: #N/A
Name \QS: #N/A
Name \r: #N/A
Name \s: #N/A
Name \SS: #N/A
Name \t: #N/A
Name \TH: #N/A
Name \u: #N/A
Name \UH: #N/A

Sheet 상반기 매입 계약

Sheet 상반기 인건비단가

Sheet 갑지
A2: 견 적 서
A5: 수신인 : (주)에스앤아이코퍼레이션 | F5: 등록번호 | G5: 305-86-01887
F6: 상 호 | G6: 주식회사수안이엔지
A7: 공사명 : 기숙사 및 사택 긴급보수 작업(기계) | F7: 대표 이사 | G7: 김용도
F8: 사업장 | G8: 대전광역시 동구 태전로 157번길 58, 2층
A9: 견적일 : 2025년 08월 08일 | F9: 업 태 | G9: 건설업
F10: 종 목 | G10: 기계설비공사
F11: TEL, FAX | G11: 042-224-0252 / 042-224-5424
A12: 금액: | B12: =NUMBERSTRING(F32,1) -> 이백팔십칠만사천 | D12: 원정
A14: NO | B14: 품명 | C14: 규격 | D14: 수량 | E14: 단위 | F14: 금액 | G14: 비고
B15: 직접비
B16: 재료비 | F16: ='내역서(표준단가)'!O16 -> 1622155
B17: 노무비 | F17: ='내역서(표준단가)'!Q16 -> 1023154
B18: 기계/기타경비 | F18: ='내역서(표준단가)'!U16 -> 0
B19: 건설기계대여금 | F19: 0
B20: 소계 | F20: =F16+F17+F18+F19 -> 2645309
B21: 간접비
B22: 안전관리비 | C22: (재료비+노무비)*3.11% | D22: 1 | E22: 식 | F22: =(F16+F17)*3.11% -> 82269.11 | G22: 모든공사에 적용
B23: 산재보험료 | C23: 노무비*3.56% | D23: 1 | E23: 식 | G23: 모든공사에 적용
B24: 고용보험료 | C24: 노무비*1.01% | D24: 1 | E24: 식 | G24: 모든공사에 적용
B25: 국민건강 보험료 | C25: 노무비*3.545% | D25: 1 | E25: 식 | F25: =F17*3.545% -> 36270.809 | G25: 모든공사에 적용
B26: 국민연금 보험료 | C26: 노무비*4.5% | D26: 1 | E26: 식 | F26: =F17*4.5% -> 46041.93 | G26: 모든공사에 적용
B27: 노인장기요양 보험료 | C27: 국민건강보험료*12.95% | D27: 1 | E27: 식 | F27: =F25*12.95% -> 4697.0698 | G27: 모든공사에 적용
B28: 일반관리비/이윤 | C28: (노무비+간접공사비)*5% | D28: 1 | E28: 식 | F28: =SUM(F17+F22+F23+F24+F25+F26+F27)*5% -> 59621.646
B29: 소계 | F29: =SUM(F22,F23,F24,F25,F26,F27,F28) -> 228900.56
F31: =F20+F29+F30 -> 2874209.6
B32: 합계(단수조정) | F32: =ROUNDDOWN(F31,-3) -> 2874000
B33: VAT별도

Sheet 내역서(표준단가)
O1: 0.82
E2: ▶ 표준 Code(표준단가/품셈/물정/노임) 순서별 입력(Upload 자동반영) | I2: 주요내역 | K2: 단위 | L2: 수량 | M2: 재료비 | P2: 노무비 | R2: 기계경비 | T2: 기타경비(부자재비) | V2: 합계 | W2: 노무비 할증 | X2: 할증기준
A3: 합계 | E3: 표준단가 | F3: 표준품셈 | G3: 물가정보 | H3: 노임단가 | I3: 품목 | J3: 규격 | M3: 품셈/표단 | N3: 물가정보 | O3: 금액 | P3: 단가 | Q3: 금액 | R3: 단가 | S3: 금액 | T3: 단가 | U3: 금액
A4: =E4&F4&G4&H4 -> L039 | H4: L039 | I4: 긴급 보수 대응 | J4: 배관공 | K4: 인 | L4: ='상반기 증빙'!N11 -> 3 | O4: =ROUND(SUM(M4:N4)*L4*$O$1,0) -> 0 | P4: 229664 | Q4: =ROUND((P4*L4),0) -> 688992 | S4: =ROUND(R4*L4*$S$1,0) -> 0 | U4: =ROUND(T4*L4*$U$1,0) -> 0 | V4: =SUM(O4+Q4)+S4+U4 -> 688992
A5: =E5&F5&G5&H5 -> L002 | H5: L002 | I5: 긴급 보수 대응 | J5: 보통 | K5: 인 | L5: ='상반기 증빙'!O11 -> 2 | O5: =ROUND(SUM(M5:N5)*L5*$O$1,0) -> 0 | P5: 167081 | Q5: =ROUND((P5*L5),0) -> 334162 | U5: =ROUND(T5*L5*$U$1,0) -> 0 | V5: =SUM(O5+Q5)+S5+U5 -> 334162
A6: =E6&F6&G6&H6 -> M030506310090101 | E6: M030506310090101 | I6: 온수분배기 | J6: 4구(ST)/나비벨브/니플(15->9.5Ø) | K6: Set | L6: =5 -> 5 | M6: 140000 | O6: =ROUND(SUM(M6:N6)*L6*$O$1,0) -> 574000 | Q6: =ROUND((P6*L6),0) -> 0 | U6: =ROUND(T6*L6*$U$1,0) -> 0 | V6: =SUM(O6+Q6)+S6+U6 -> 574000
A7: =E7&F7&G7&H7 -> M030506310100101 | E7: M030506310100101 | I7: 온수분배기 | J7: 5구(ST)/나비벨브/니플(15->9.5Ø) | K7: Set | L7: =5 -> 5 | M7: 175000 | O7: =ROUND(SUM(M7:N7)*L7*$O$1,0) -> 717500 | Q7: =ROUND((P7*L7),0) -> 0 | U7: =ROUND(T7*L7*$U$1,0) -> 0 | V7: =SUM(O7+Q7)+S7+U7 -> 717500
A8: =E8&F8&G8&H8 -> M02502Q610020101 | E8: M02502Q610020101 | I8: XL온돌파이프 | J8: ø15 | K8: m | L8: =25 -> 25 | M8: 470 | O8: =ROUND(SUM(M8:N8)*L8*$O$1,0) -> 9635 | Q8: =ROUND((P8*L8),0) -> 0 | U8: =ROUND(T8*L8*$U$1,0) -> 0 | V8: =SUM(O8+Q8)+S8+U8 -> 9635
A9: =E9&F9&G9&H9 -> M02502Q710020103 | E9: M02502Q710020103 | I9: XL온돌파이프이음관 | J9: ø15, 유니온 | K9: 개 | L9: =50 -> 50 | M9: 3000 | O9: =ROUND(SUM(M9:N9)*L9*$O$1,0) -> 123000 | Q9: =ROUND((P9*L9),0) -> 0 | U9: =ROUND(T9*L9*$U$1,0) -> 0 | V9: =SUM(O9+Q9)+S9+U9 -> 123000
A10: =E10&F10&G10&H10 -> 999999 | G10: 999999 | I10: 스텐청정건조대 | K10: 대 | L10: 2 | M10: 33000 | O10: =M10*L10 -> 66000 | Q10: =ROUND((P10*L10),0) -> 0 | U10: =ROUND(T10*L10*$U$1,0) -> 0 | V10: =SUM(O10+Q10)+S10+U10 -> 66000
A11: =E11&F11&G11&H11 -> 999999 | G11: 999999 | I11: 세면기 | J11: CL-350 | K11: 대 | L11: 1 | M11: 161000 | O11: =ROUND(SUM(M11:N11)*L11*$O$1,0) -> 132020 | Q11: =ROUND((P11*L11),0) -> 0 | U11: =ROUND(T11*L11*$U$1,0) -> 0 | V11: =SUM(O11+Q11)+S11+U11 -> 132020
A12: =E12&F12&G12&H12
A16: =E16&F16&G16&H16 | O16: =SUM(O4:O15) -> 1622155 | Q16: =SUM(Q4:Q15) -> 1023154 | S16: =SUM(S4:S15) -> 0 | U16: =SUM(U4:U15) -> 0 | V16: =SUM(O16+Q16)+S16+U16 -> 2645309

Sheet 상반기 증빙
A1: 기계 긴급 대응 목록 | M1: 긴급 투입인원 환산 | U1: 이 월
A2: 상반기 이월분 : 0 건 / 유상 : -건 / 무상(묶음) : -건
A3: 번호 | B3: 일자 | C3: 호실 | D3: 누수탐지 | E3: 누수위치 | F3: 보수내용 | G3: 보수업체 | H3: 보수인원 | I3: 특이사항 | J3: 정산 현황 | M3: 구분 | N3: 배관공 | O3: 보통인부 | P3: 보온공 | Q3: 화기감시 (보통인부) | R3: 안전관찰자 (보통인부) | S3: 누수탐지 | U3: 배관공 | V3: 보통인부
A4: 1 | B4: 45827 | C4: 2-204 | D4: X | E4: X | F4: 누수 난방 분배기 교체 | G4: 수안이엔지 | H4: 3 | M4: =SUM(N4:R4) -> 3 | N4: 2 | O4: 1
C5: 2-301 | D5: X | E5: X | F5: 누수 난방 분배기 교체
C6: 5-204 | D6: X | E6: X | F6: 누수 난방 분배기 교체
C7: 7-302 | D7: X | E7: X | F7: 세대내 파손 세면대 교체
A8: 2 | B8: 45860 | C8: 2-106 | D8: X | E8: X | F8: 누수 난방 분배기 교체 | G8: 수안이엔지 | H8: 2 | M8: =H8 -> 2 | N8: 1 | O8: 1
C9: 9-103 | D9: X | E9: X | F9: 누수 난방 분배기 교체
C10: 2-106 | D10: X | E10: X | F10: 빨래 건조대 교체
M11: 집계↑ | N11: =SUM(N4:N10) -> 3 | O11: =SUM(O4:O10) -> 2

Sheet 자재증빙
