Workbook

Sheet 갑지
A1: 견 적 서
A4: 수신인 : 주식회사 에스엔아이 코퍼레이션 | F4: 등록번호 | G4: 314-81-77668
F5: 상 호 | G5: 주식회사 준 마
A6: 공사명 : | B6: 기숙사 AB동 고장 화재 수신기 복구 | F6: 대표 이사 | G6: 대표자 김 상 진 (인)
F7: 사업장 | G7: 대전광역시 대덕구 석봉로18번길 31
A8: 견적일 : | B8: 2026 년 09 월 11 일 | F8: 업 태 | G8: 건설업, 제조업, 부동산, 서비스
F9: 종 목 | G9: 전기공사, 배전반, 소방시설공사, 대체에너지사업
F10: TEL, FAX | G10: (042) 934-9400~4, 935-9405
A11: 금액: | B11: =NUMBERSTRING(F31,1) -> 삼백오만구천 | D11: 원정
A13: NO | B13: 품명 | C13: 규격 | D13: 수량 | E13: 단위 | F13: 금액 | G13: 비고
B14: 직접비
B15: 재료비 | F15: ='내역서(표준단가)'!K8 -> 0
B16: 노무비 | F16: ='내역서(표준단가)'!M8 -> 171037
B17: 기계/기타경비 | F17: ='내역서(표준단가)'!O8+'내역서(표준단가)'!Q8 -> 2850000
B18: 건설기계대여금
B19: 소계 | F19: =F15+F16+F17 -> 3021037
B20: 간접비
B21: 안전보건관리비 | C21: (재료비+노무비)*3.11% | D21: 1 | E21: 식 | F21: =(F15+F16)*3.11% -> 5319.2507 | G21: 모든공사에 적용
B22: 산재보험료 | C22: 노무비*3.56% | D22: 1 | E22: 식 | F22: =F16*3.56% -> 6088.9172 | G22: 모든공사에 적용
B23: 고용보험료 | C23: 노무비*1.01% | D23: 1 | E23: 식 | F23: =F16*1.01% -> 1727.4737 | G23: 모든공사에 적용
B24: 국민건강 보험료 | C24: 노무비*3.595% | D24: 1 | E24: 식 | F24: =F16*3.595% -> 6148.7802 | G24: 모든공사에 적용
B25: 국민연금 보험료 | C25: 노무비*4.75% | D25: 1 | E25: 식 | F25: =F16*4.75% -> 8124.2575 | G25: 모든공사에 적용
B26: 노인장기요양 보험료 | C26: 건강보험료*13.34% | D26: 1 | E26: 식 | F26: =F24*13.34% -> 820.24727 | G26: 모든공사에 적용
B27: 일반관리비/이윤 | C27: (노무비+간접공사비)*5% | D27: 1 | E27: 식 | F27: =SUM(F16+F25+F24+F26+F23+F22+F21)*5% -> 9963.2963
B28: 소계 | F28: =F21+F22+F23+F24+F25+F26+F27 -> 38192.223
F30: =F19+F28+F29 -> 3059229.2
B31: 합계(단수조정) | F31: =ROUNDDOWN(F30,-3) -> 3059000
B32: VAT별도

Sheet 내역서(표준단가)
A1: =B1&C1&D1&E1 | K1: ▼낙찰율 | M1: ▼낙찰율 | O1: ▼낙찰율 | Q1: ▼낙찰율
K2: 0.9 | M2: 0.88 | O2: 1 | Q2: 1
B3: ▶ 표준 Code(표준단가/품셈/물정/노임) 순서별 입력(Upload 자동반영) | F3: 주요내역 | H3: 단위 | I3: 수량 | J3: 재료비 | L3: 노무비 | N3: 기계경비 | P3: 기타경비(부자재비) | R3: 합계 | S3: 노무비 할증 | T3: 할증기준
A4: 합계 | B4: 추가ITEM | C4: 표준품셈 E | D4: 물가정보 M | E4: 노임단가 L | F4: 품목 | G4: 규격 | J4: 품셈/표단 | K4: 금액 | L4: 단가 | M4: 금액 | N4: 단가 | O4: 금액 | P4: 단가 | Q4: 금액
A5: =B5&C5&D5&E5 | F5: 기숙사 AB동 고장 화재 수신기 복구
A6: =B6&C6&D6&E6 -> 999990 | B6: 999990 | F6: 수신기 프로그램 수정 및 MMI 키보드 교체 | G6: 출장비 포함 | H6: 식 | I6: 1 | K6: =ROUND(J6*K$2*I6,0) -> 0 | M6: =ROUND(L6*M$2*I6*S6,0) -> 0 | O6: =ROUND(N6*O$2*I6,0) -> 0 | P6: 2850000 | Q6: =ROUND(P6*Q$2*I6,0) -> 2850000 | R6: =SUM(K6,M6,O6,Q6) -> 2850000 | S6: 1
A7: =B7&C7&D7&E7 -> L002 | E7: L002 | F7: 보통인부 | G7: 각층별 사이렌 및 조작 및 점검 | H7: 인 | I7: 1 | K7: =ROUND(J7*K$2*I7,0) -> 0 | L7: 171037 | M7: =ROUND(L7*I7*S7,0) -> 171037 | O7: =ROUND(N7*O$2*I7,0) -> 0 | Q7: =ROUND(P7*Q$2*I7,0) -> 0 | R7: =SUM(K7,M7,O7,Q7) -> 171037 | S7: 1
A8: 합 계 | K8: =SUM(K6:K7) -> 0 | M8: =SUM(M6:M7) -> 171037 | O8: =SUM(O6:O7) -> 0 | Q8: =SUM(Q6:Q7) -> 2850000 | R8: =SUM(R6:R7) -> 3021037
A9: =B9&C9&D9&E9

Sheet Upload
A1: 구분 | B1: 표준단가 | C1: 표준품셈 | D1: 물가정보 | E1: 노임단가 | F1: 수량 | H1: ★ 작성방법
A2: ='내역서(표준단가)'!A6 -> 999990 | B2: ='내역서(표준단가)'!B6 -> 999990 | C2: ='내역서(표준단가)'!C6 -> 0 | D2: ='내역서(표준단가)'!D6 -> 0 | E2: ='내역서(표준단가)'!E6 -> 0 | F2: ='내역서(표준단가)'!I6 -> 1
A3: ='내역서(표준단가)'!A7 -> L002 | B3: ='내역서(표준단가)'!B7 -> 0 | C3: ='내역서(표준단가)'!C7 -> 0 | D3: ='내역서(표준단가)'!D7 -> 0 | E3: ='내역서(표준단가)'!E7 -> L002 | F3: ='내역서(표준단가)'!I7 -> 1

Sheet Upload(시중가)-별도입력
A1: 표준내역코드 | B1: 세부공종 | C1: 품명 | D1: 규격 | E1: 단위 | F1: 수량 | G1: 재료비단가 | H1: 재료비소계 | I1: 노무비단가 | J1: 노무비소계 | K1: 기계경비단가 | L1: 기계경비소계 | M1: 기타경비단가 | N1: 기타경비소계 | O1: 할증코드 | P1: 재료비할증율 | Q1: 노무비할증율 | R1: 할증내용
B2: ★ 방송 장비 점검 및 Program 수정 | E2: ★ 수신기 프로그램 수정 및 MMI 키보드 교체
