Workbook

Sheet PR당사안
A3: 見 積 書
A4: 수 신: LG에너지솔루션
B5: 대전 업무지원팀 / 김규환님 귀하
A7: 견 적 일 자 | D7: 2025 | E7: 년 | F7: 1 | G7: 월 | H7: 24 | I7: 일 | K7: 공 급 자 | L7: 등록번호 | M7: 707-86-02-404 | N7: 전 화 | O7: 02-6924-5539
A8: 견 적 담 당 | D8: 이종근 | H8: 파트너 | L8: 상 호 | M8: ㈜에스앤아이코퍼레이션 | N8: 대 표 | O8: 형원준
A9: 견적유효기간 | D9: 견적 제출 후 30일 까지 | L9: 주 소 | M9: 서울특별시 강서구 마곡중앙로150
A10: 납 기 | D10: 발주 후 개별 협의 | L10: 업 태 | M10: 부동산, 서비스 | N10: 종 목 | O10: 임대 및 관리
B13: 사택 9-303 천장 처짐 부분 보수 | N13: 견적을 제출 합니다
B15: ="견 적 금 액 : 一金"&NUMBERSTRING(M32,1) & "원정""(\"& TEXT(M32,"#,###")&"원) [VAT 별도]" -> 견 적 금 액 : 一金오십칠만구천원정"(\579,000원) [VAT 별도]
A17: NO | B17: 구 분 | H17: 수량 | I17: 단위 | J17: 금 액 | N17: 비 고
A18: 1 | B18: 재료비 | H18: 1 | I18: 식 | J18: =IFERROR(LOOKUP(2,1/('내역서(표준단가)'!O4:O1048576<>""),'내역서(표준단가)'!O4:O1048576),"-") -> 23380
A19: 2 | B19: 노무비 | H19: 1 | I19: 식 | J19: =IFERROR(LOOKUP(2,1/('내역서(표준단가)'!Q4:Q1048576<>""),'내역서(표준단가)'!Q4:Q1048576),"-") -> 417054
A20: 3 | B20: 경 비 | H20: 1 | I20: 식 | J20: =IFERROR(SUM(J21:M29),"-") -> 68223.461
C21: 기계 및 기타경비 | H21: 1 | I21: 식 | J21: =IFERROR(LOOKUP(2,1/('내역서(표준단가)'!S4:S1048576<>""),'내역서(표준단가)'!S4:S1048576)+LOOKUP(2,1/('내역서(표준단가)'!U4:U1048576<>""),'내역서(표준단가)'!U4:U1048576),"-") -> 0 | N21: 중장비 사용 등
C22: 안전관리비 | H22: 3.11 | I22: % | J22: =IFERROR((J18+J19)*H22%,"-") -> 13697.497 | N22: (재료비+노무비)*3.11%
C23: 산재 보험료 | H23: 3.56 | I23: % | J23: =IFERROR(J19*H23%,"-") -> 14847.122 | N23: 노무비*3.56%
C24: 고용보험료 | H24: 1.01 | I24: % | J24: =IFERROR(J19*H24%,"-") -> 4212.2454 | N24: 노무비*1.01%
C25: 국민건강 보험료 | H25: 3.545 | I25: % | J25: =IFERROR(J19*H25%,"-") -> 14784.564 | N25: 노무비*3.545%
C26: 국민연금 보험료 | H26: 4.5 | I26: % | J26: =IFERROR(J19*H26%,"-") -> 18767.43 | N26: 노무비*4.5%
C27: 노인장기요양 보험료 | H27: 12.95 | I27: % | J27: =IFERROR($H$27*J25%,"-") -> 1914.6011 | N27: 건강보험료*12.95%
C28: 하도급대금지급보증증권 | H28: 0.081 | I28: % | J28: =IFERROR(IF(SUM(J21:J27,J18:J19)>=10000000,SUM(J21:J27,J18:J19)*H28%,"-"),"-") -> - | N28: 1천만원 이상 공사시 적용
C29: 폐기물처리 부담금 | H29: 1 | I29: 식 | J29: =34*0 -> 0 | N29: 폐기물발생 시 적용 (kg당 34원)
A30: 4 | C30: 일반관리비 | H30: 5 | I30: % | J30: =IFERROR(SUM(J18:M20)*H30%,"-") -> 25432.873 | N30: (재료비 + 노무비 + 경비)*5%
A31: 5 | C31: 이 윤 | H31: 7.5 | I31: % | J31: =IFERROR(SUM(J18:M20:J30)*H31%,"-") -> 45173.535 | N31: (재료비+노무비+경비+일반관리비)*7.5%
A32: 공사금액 | M32: =IFERROR(ROUNDDOWN(SUM(J18:M20)+J30+J31,-3),"-") -> 579000
A33: *유첨 : 견적서 내역서 1부 ─ 끝 ─

Sheet 내역서(표준단가)
O1: ▼낙찰율 | Q1: ▼낙찰율 | S1: ▼낙찰율 | U1: ▼낙찰율
O2: 0.835 | Q2: 0.835 | S2: 0.835 | U2: 0.835
F3: ▶ 표준 Code(표준단가/품셈/물정/노임 순서별 입력(Upload 자동반영 | J3: 주요내역 | L3: 단위 | M3: 수량 | N3: 재료비 | P3: 노무비 | R3: 기계경비 | T3: 기타경비(부자재비 | V3: 합계 | W3: 노무비 할증 | X3: 할증기준
A4: 합계 | F4: 표준단가 D | G4: 표준품셈 E | H4: 물가정보 M | I4: 노임단가 L | J4: 품목 | K4: 규격 | N4: 품셈/표단 | O4: 금액 | P4: 단가 | Q4: 금액 | R4: 단가 | S4: 금액 | T4: 단가 | U4: 금액
A5: =F5&G5&H5&I5 -> M024400903200101 | H5: M024400903200101 | J5: 소송건조 각재 | K5: 3,600×30×30㎜ | L5: 재 | M5: 4 | N5: 2000 | O5: =SUM(N5:N5*M5*$O$2) -> 6680 | Q5: =(P5*M5)*$Q$2 -> 0 | S5: =R5*M5*$S$2 -> 0 | U5: =T5*M5*$U$2 -> 0 | V5: =SUM(O5+Q5)+S5+U5 -> 6680
A6: =F6&G6&H6&I6 -> M011800900100101 | H6: M011800900100101 | J6: 석고평보드 | K6: 9.5T× 900×1,800 | L6: 매 | M6: 4 | N6: 5000 | O6: =SUM(N6:N6)*M6*$O$2 -> 16700 | Q6: =(P6*M6)*$Q$2 -> 0 | S6: =R6*M6*$S$2 -> 0 | U6: =T6*M6*$U$2 -> 0 | V6: =SUM(O6+Q6)+S6+U6 -> 16700
A7: =F7&G7&H7&I7 -> L003 | I7: L003 | J7: 천장 석고보드 철거 및 붙임, 특별인부, 폐기물 포함 | K7: 시중노임단가 | L7: 인 | M7: 2 | O7: =SUM(N7:N7)*M7*$O$2 -> 0 | P7: 208527 | Q7: =M7*P7 -> 417054 | S7: =R7*M7*$S$2 -> 0 | U7: =T7*M7*$U$2 -> 0 | V7: =SUM(O7+Q7)+S7+U7 -> 417054
A8: =F8&G8&H8&I8 | O8: =SUM(N8:N8)*M8*$O$2 -> 0 | Q8: =(P8*M8)*$Q$2 -> 0 | S8: =R8*M8*$S$2 -> 0 | U8: =T8*M8*$U$2 -> 0 | V8: =SUM(O8+Q8)+S8+U8 -> 0
O9: =SUM(O5:O8) -> 23380 | Q9: =SUM(Q5:Q8) -> 417054 | S9: =SUM(S5:S8) -> 0 | U9: =SUM(U5:U8) -> 0 | V9: =SUM(V5:V8) -> 440434

Sheet Upload
A1: 구분 | B1: 표준단가 | C1: 표준품셈 | D1: 물가정보 | E1: 노임단가 | F1: 수량
A2: #REF! | B2: ='내역서(표준단가)'!F5 -> 0 | C2: ='내역서(표준단가)'!G5 -> 0 | D2: ='내역서(표준단가)'!H5 -> M024400903200101 | E2: ='내역서(표준단가)'!I5 -> 0 | F2: ='내역서(표준단가)'!M5 -> 4
A3: ='내역서(표준단가)'!A6 -> M011800900100101 | B3: ='내역서(표준단가)'!F6 -> 0 | C3: ='내역서(표준단가)'!G6 -> 0 | D3: ='내역서(표준단가)'!H6 -> M011800900100101 | E3: ='내역서(표준단가)'!I6 -> 0 | F3: ='내역서(표준단가)'!M6 -> 4
