Workbook

Sheet 갑지
A2: 견 적 서
A5: 수신인 : 주식회사 에스엔아이 코퍼레이션 | F5: 등록번호 | G5: 314-86-35718
F6: 상 호 | G6: ㈜일성건축
A7: 공사명 : 기숙사 A동 303-2호 내부 도장작업 | F7: 대표 이사 | G7: 상 석 희
F8: 사업장 | G8: 대전 서구 도마6길 107 (도마동)
A9: 견적일 : 2025 년 10월 24일 | F9: 업 태 | G9: 건설업
F10: 종 목 | G10: 실내건축,인테리어공사
F11: TEL, FAX | G11: 042)527-0995, 042)527-0996
A12: 금액: | B12: =NUMBERSTRING(F31,1) -> 사십오만구천 | D12: 원정
A14: NO | B14: 품명 | C14: 규격 | D14: 수량 | E14: 단위 | F14: 금액 | G14: 비고
B15: 직접비
B16: 재료비 | F16: ='내역서(표준단가)'!O8 -> 167167
B17: 노무비 | F17: ='내역서(표준단가)'!Q8 -> 235383.16
B18: 기계/기타경비 | F18: ='내역서(표준단가)'!S8+'내역서(표준단가)'!U8 -> 0
B19: 소계 | F19: =F16+F17+F18 -> 402550.16
B20: 간접비
B21: 국민연금 | C21: 노무비*4.5% | D21: 1 | E21: 식 | F21: =F17*4.5% -> 10592.242 | G21: 모든공사에 적용
B22: 건강보험료 | C22: 노무비*3.545% | D22: 1 | E22: 식 | F22: =F17*3.545% -> 8344.333 | G22: 모든공사에 적용
B23: 장기요양보험료 | C23: 건강보험료*12.95% | D23: 1 | E23: 식 | F23: =F22*12.95% -> 1080.5911 | G23: 모든공사에 적용
B24: 고용보험료 | C24: 노무비*1.01% | D24: 1 | E24: 식 | F24: =F17*1.01% -> 2377.3699 | G24: 모든공사에 적용
B25: 산재보험료 | C25: 노무비*3.56% | D25: 1 | E25: 식 | F25: =F17*3.56% -> 8379.6405 | G25: 모든공사에 적용
B26: 산업안전보건관리비 | C26: (재료비+노무비)*3.11% | D26: 1 | E26: 식 | F26: =(F16+F17)*3.11% -> 12519.31 | G26: 모든공사에 적용
B27: 일반관리비/이윤 | C27: (노무비+간접공사비)*5% | D27: 1 | E27: 식 | F27: =SUM(F17+F21+F22+F23+F24+F25+F26)*5% -> 13933.832
B28: 소계 | F28: =F21+F22+F23+F24+F25+F26+F27 -> 57227.319
F30: =F19+F28+F29 -> 459777.48
B31: 합계(단수조정) | F31: =ROUNDDOWN(F30,-3) -> 459000
B32: VAT별도

Sheet 내역서(표준단가)
O1: ▼낙찰율 | Q1: ▼낙찰율 | S1: ▼낙찰율 | U1: ▼낙찰율
O2: 0.835 | Q2: 0.835 | S2: 0.835 | U2: 0.835
F3: ▶ 표준 Code(표준단가/품셈/물정/노임) 순서별 입력(Upload 자동반영) | J3: 주요내역 | L3: 단위 | M3: 수량 | N3: 재료비 | P3: 노무비 | R3: 기계경비 | T3: 기타경비(부자재비) | V3: 합계 | W3: 노무비할증 | X3: 할증기준
A4: 합계 | F4: 표준단가 D | G4: 표준품셈 E | H4: 물가정보 M | I4: 노임단가 L | J4: 품목 | K4: 규격 | N4: 품셈/표단 | O4: 금액 | P4: 단가 | Q4: 금액 | R4: 단가 | S4: 금액 | T4: 단가 | U4: 금액
A5: =F5&G5&H5&I5 -> M020414115290101 | H5: M020414115290101 | J5: 도배 내부용, 친환경페인트 | K5: 새잎새골드(백색), 친환경 고기능성 수성코팅재, 고급 실내거주용, 1ℓ 도색량= 2평(1회칠 기준6.6㎡), 전체 도색량 2회칠84.4/6.6=12.78ℓ | L5: ℓ | M5: 13 | N5: 15400 | O5: =SUM(N5:N5)*M5*$O$2 -> 167167 | Q5: =(P5*M5)*$Q$2 -> 0 | S5: =R5*M5*$S$2 -> 0 | U5: =T5*M5*$U$2 -> 0 | V5: =SUM(O5+Q5)+S5+U5 -> 167167
A6: =F6&G6&H6&I6 -> E00000803061300101 | G6: E00000803061300101 | J6: 실내 벽면 2회칠, 수성페인트 롤러칠 | K6: 29㎡*2회칠=58 | L6: (㎡ 당) | M6: 58 | O6: =SUM(N6:N6)*M6*$O$2 -> 0 | P6: 3340 | Q6: =(P6*M6)*$Q$2 -> 161756.2 | S6: =R6*M6*$S$2 -> 0 | U6: =T6*M6*$U$2 -> 0 | V6: =SUM(O6+Q6)+S6+U6 -> 161756.2
A7: =F7&G7&H7&I7 -> E00000803061300101 | G7: E00000803061300101 | J7: 실내 천정면 2회칠, 수성페인트 롤러칠 | K7: 천정 11㎡*천정할증20%=13.2, 13.2*2회칠=26.4 | L7: (㎡ 당) | M7: 26.4 | O7: =SUM(N7:N7)*M7*$O$2 -> 0 | P7: 3340 | Q7: =(P7*M7)*$Q$2 -> 73626.96 | S7: =R7*M7*$S$2 -> 0 | U7: =T7*M7*$U$2 -> 0 | V7: =SUM(O7+Q7)+S7+U7 -> 73626.96
O8: =SUM(O5:O7) -> 167167 | Q8: =SUM(Q5:Q7) -> 235383.16 | S8: =SUM(S5:S7) -> 0 | U8: =SUM(U5:U7) -> 0 | V8: =SUM(V5:V7) -> 402550.16
J9: *도배 위 친환경 도장시, 검토 사항 입니다.
J10: 1.석고보드와 기존 도배지와의 박리현상 발생 여지 있슴
J11: 2.오염의 정도, 도배 대비 심함-약 스크러치 발생시, 표시의 정도 심할 수 있슴.
J12: 3.벽면, 천정 석고보드 박리 현장 발생시- 석고보드 보수후 도배위 도장작업 요구됨.

Sheet Upload
A1: 구분 | B1: 표준단가 | C1: 표준품셈 | D1: 물가정보 | E1: 노임단가 | F1: 수량
A2: ='내역서(표준단가)'!A5 -> M020414115290101 | B2: ='내역서(표준단가)'!F5 -> 0 | C2: ='내역서(표준단가)'!G5 -> 0 | D2: ='내역서(표준단가)'!H5 -> M020414115290101 | E2: ='내역서(표준단가)'!I5 -> 0 | F2: ='내역서(표준단가)'!M5 -> 13
A3: ='내역서(표준단가)'!A6 -> E00000803061300101 | B3: ='내역서(표준단가)'!F6 -> 0 | C3: ='내역서(표준단가)'!G6 -> E00000803061300101 | D3: ='내역서(표준단가)'!H6 -> 0 | E3: ='내역서(표준단가)'!I6 -> 0 | F3: ='내역서(표준단가)'!M6 -> 58
A4: ='내역서(표준단가)'!A7 -> E00000803061300101 | B4: ='내역서(표준단가)'!F7 -> 0 | C4: ='내역서(표준단가)'!G7 -> E00000803061300101 | D4: ='내역서(표준단가)'!H7 -> 0 | E4: ='내역서(표준단가)'!I7 -> 0 | F4: ='내역서(표준단가)'!M7 -> 26.4

Sheet 참고자료

Sheet 도면

Sheet 내부 도장, 산출근거
A1: 산출근거
A2: 품 명 | B2: 규 격 | C2: 산출근거 | D2: 수 량
A4: 신축기숙사 A,B동 수장공사(실내 친환경 수성 페인트)
A5: 1.내부 도장 | B5: 벽면(㎡) | C5: 벽면 면적(15.557*h:2.35m)=36.559㎡, 공제면적(도어 및 창호)=7.84, 36.56-7.84=28.69 | D5: 29
B6: 천정(㎡) | C6: 천정 면적4.3*3.514=15.11, 공제면적(화장실1.9*2.2)=4.18, 15.11-4.18=10.93 | D6: 11
