Workbook
Name _: #REF!
Name _: #REF!
Name _: #REF!
Name _: #REF!
Name ___A52762: #REF!
Name ___A52762: #REF!
Name ___A82761: #REF!
Name ___A82761: #REF!
Name __10: #REF!
Name __11: #REF!
Name __6: #REF!
Name __7: #REF!
Name __8: #REF!
Name __9: #REF!
Name __A52762: #REF!
Name __A52762: #REF!
Name __A82761: #REF!
Name __A82761: #REF!
Name __AA1: #REF!
Name __bh43: BlankMacro1
Name __bh43: BlankMacro1
Name __bh43: BlankMacro1
Name __bh43: BlankMacro1
Name __C: #REF!
Name __C: #REF!
Name __C: #REF!
Name __C: #REF!
Name __C100000: #REF!
Name __C100000: #REF!
Name __hor1: [1]단면가정!$G$36
Name __JA2: #REF!
Name __LPB1: #REF!
Name __LPK1: #REF!
Name __LV02: #REF!
Name __NON1: #REF!
Name __PB1: #REF!
Name __PB2: #REF!
Name __PB3: #REF!
Name __TOT1: #REF!
Name __TOT2: #REF!
Name __UP1: #REF!
Name __UP2: #REF!
Name __ver1: [1]단면가정!$C$16
Name __ver3: [1]단면가정!$C$30
Name __XP2: [2]MODELING!$Q$27
Name __ZP1: [2]MODELING!$W$11
Name _0: [3]직재!#REF!
Name _0: [385]직재!#REF!
Name _0: [3]직재!#REF!
Name _0: [3]직재!#REF!
Name _000GJ: 0
Name _000JJ: 6092903
Name _000JN: 239840721
Name _000KB: 0
Name _1: #N/A
Name _1._PANEL_BD.__LP___1: #REF!
Name _1.가_설_공_사: #REF!
Name _1.수원시설: #REF!
Name _1_1제당: #REF!
Name _1_2취수탑: #REF!

Sheet 갑지(엑셀)
A2: 견 적 서
A5: 수신인 : 주식회사 에스엔아이 코퍼레이션 | F5: 등록번호 | G5: 314-81-77668
F6: 상 호 | G6: 주식회사 준 마
A7: 공사명 : | B7: LG사택 소방작동점검 지적사항 보완 | F7: 대표 이사 | G7: 대표자 김 상 진 (인)
F8: 사업장 | G8: 대전광역시 대덕구 석봉로18번길 31
A9: 견적일 : | B9: 2025 년 08 월 06 일 | F9: 업 태 | G9: 건설업, 제조업, 부동산, 서비스
F10: 종 목 | G10: 전기공사, 배전반, 소방시설공사, 대체에너지사업
F11: TEL, FAX | G11: (042) 934-9400~4, 935-9405
A12: 금액: | B12: =NUMBERSTRING(F31,1) -> 사백삼십오만이천 | D12: 원정
A14: NO | B14: 품명 | C14: 규격 | D14: 수량 | E14: 단위 | F14: 금액 | G14: 비고
B15: 직접비
B16: 재료비 | F16: ='내역서(엑셀)'!K14 -> 3175200
B17: 노무비 | F17: ='내역서(엑셀)'!M14 -> 880403
B18: 기계/기타경비 | F18: ='내역서(엑셀)'!O14+'내역서(엑셀)'!Q14 -> 0
B19: 소계 | F19: =F16+F17+F18 -> 4055603
B20: 간접비
B21: 안전관리비 | C21: (재료비+노무비)*3.11% | D21: 1 | E21: 식 | F21: =(F16+F17)*3.11% -> 126129.25 | G21: 모든공사에 적용
B22: 산재보험료 | C22: 노무비*3.56% | D22: 1 | E22: 식 | F22: =F17*3.56% -> 31342.347 | G22: 모든공사에 적용
B23: 고용보험료 | C23: 노무비*1.01% | D23: 1 | E23: 식 | F23: =F17*1.01% -> 8892.0703 | G23: 모든공사에 적용
B24: 국민건강 보험료 | C24: 노무비*3.545% | D24: 1 | E24: 식 | F24: =F17*3.545% -> 31210.286 | G24: 모든공사에 적용
B25: 국민연금 보험료 | C25: 노무비*4.5% | D25: 1 | E25: 식 | F25: =F17*4.5% -> 39618.135 | G25: 모든공사에 적용
B26: 노인장기요양 보험료 | C26: 국민건강보험료*12.95% | D26: 1 | E26: 식 | F26: =F24*12.95% -> 4041.7321 | G26: 모든공사에 적용
B27: 일반관리비/이윤 | C27: (노무비+간접공사비)*5% | D27: 1 | E27: 식 | F27: =SUM(F17+F21+F22+F23+F24+F25+F26)*5% -> 56081.841
B28: 소계 | F28: =F21+F22+F23+F24+F25+F26+F27 -> 297315.67
F30: =F19+F28+F29 -> 4352918.7
B31: 합계(단수조정) | F31: =ROUNDDOWN(F30,-3) -> 4352000
B32: VAT별도

Sheet 내역서(엑셀)
A1: =B1&C1&D1&E1 | K1: ▼낙찰율 | M1: ▼낙찰율 | O1: ▼낙찰율 | Q1: ▼낙찰율
K2: 0.9 | M2: 0.88 | O2: 1 | Q2: 1
A3: 합 계 | B3: ▶ 표준 Code(표준단가/품셈/물정/노임) 순서별 입력(Upload 자동반영) | F3: 주 요 내 역 | H3: 단 위 | I3: 수 량 | J3: 재 료 비 | L3: 노 무 비 | N3: 기 계 경 비 | P3: 기 타 경 비(부 자 재 비) | R3: 합 계 | S3: 노무비 할증 | T3: 할증기준
B4: 표준단가 D | C4: 표준품셈 E | D4: 물가정보 M | E4: 노임단가 L | F4: 품 목 | G4: 규 격 | J4: 품 셈 / 표 단 | K4: 금 액 | L4: 단 가 | M4: 금 액 | N4: 단 가 | O4: 금 액 | P4: 단 가 | Q4: 금 액
A5: =B5&C5&D5&E5 | F5: ='갑지(엑셀)'!B7 -> LG사택 소방작동점검 지적사항 보완
A6: =B6&C6&D6&E6 -> E00000806005010101 | C6: E00000806005010101 | F6: 일반밸브 및 콕류 설치 | G6: 15~25㎜ | H6: (개당) | I6: 2 | K6: =ROUND(J6*K$2*I6,0) -> 0 | L6: 11474 | M6: =ROUND(L6*M$2*I6*S6,0) -> 10097 | O6: =ROUND(N6*O$2*I6,0) -> 0 | Q6: =ROUND(P6*Q$2*I6,0) -> 0 | R6: =SUM(K6,M6,O6,Q6) -> 10097 | S6: 0.5 | T6: H01 | U6: 철거
A7: =B7&C7&D7&E7 -> M055011815320101 | D7: M055011815320101 | F7: 안전밸브 | G7: 15A | H7: 조 | I7: 2 | J7: 15000 | K7: =ROUND(J7*K$2*I7,0) -> 27000 | M7: =ROUND(L7*M$2*I7*S7,0) -> 0 | O7: =ROUND(N7*O$2*I7,0) -> 0 | Q7: =ROUND(P7*Q$2*I7,0) -> 0 | R7: =SUM(K7,M7,O7,Q7) -> 27000 | S7: 1
A8: =B8&C8&D8&E8 -> E00000806005010101 | C8: E00000806005010101 | F8: 일반밸브 및 콕류 설치 | G8: 15~25㎜ | H8: (개당) | I8: 2 | K8: =ROUND(J8*K$2*I8,0) -> 0 | L8: 11474 | M8: =ROUND(L8*M$2*I8*S8,0) -> 20194 | O8: =ROUND(N8*O$2*I8,0) -> 0 | Q8: =ROUND(P8*Q$2*I8,0) -> 0 | R8: =SUM(K8,M8,O8,Q8) -> 20194 | S8: 1
A9: =B9&C9&D9&E9 -> E00000808388282810 | C9: E00000808388282810 | F9: 구내발송 설비-비상방송 설비 | G9: Power AMP | H9: (대당) | I9: 1 | K9: =ROUND(J9*K$2*I9,0) -> 0 | L9: 153634 | M9: =ROUND(L9*M$2*I9*S9,0) -> 67599 | O9: =ROUND(N9*O$2*I9,0) -> 0 | Q9: =ROUND(P9*Q$2*I9,0) -> 0 | R9: =SUM(K9,M9,O9,Q9) -> 67599 | S9: 0.5 | T9: H01 | U9: 철거
A10: =B10&C10&D10&E10 -> M050707815960101 | D10: M050707815960101 | F10: DigitalType_Amp | G10: DPA-300Q, 300W, 4CH, 2U | H10: (대당) | I10: 1 | J10: 3498000 | K10: =ROUND(J10*K$2*I10,0) -> 3148200 | M10: =ROUND(L10*M$2*I10*S10,0) -> 0 | O10: =ROUND(N10*O$2*I10,0) -> 0 | Q10: =ROUND(P10*Q$2*I10,0) -> 0 | R10: =SUM(K10,M10,O10,Q10) -> 3148200
A11: =B11&C11&D11&E11 -> E00000808388282810 | C11: E00000808388282810 | F11: 구내발송 설비-비상방송 설비 설치 | G11: Power AMP | H11: (대당) | I11: 1 | K11: =ROUND(J11*K$2*I11,0) -> 0 | L11: 153634 | M11: =ROUND(L11*M$2*I11*S11,0) -> 135198 | O11: =ROUND(N11*O$2*I11,0) -> 0 | Q11: =ROUND(P11*Q$2*I11,0) -> 0 | R11: =SUM(K11,M11,O11,Q11) -> 135198 | S11: 1
A12: =B12&C12&D12&E12 -> L069 | E12: L069 | F12: 구내방송설비 점검 - 비상방송설비 점검 | G12: 소방 비상방송 선로 및 방송설비 TEST | H12: 인 | I12: 2 | K12: =ROUND(J12*K$2*I12,0) -> 0 | L12: 272860 | M12: =ROUND(L12*M$2*I12*S12,0) -> 480234 | O12: =ROUND(N12*O$2*I12,0) -> 0 | Q12: =ROUND(P12*Q$2*I12,0) -> 0 | R12: =SUM(K12,M12,O12,Q12) -> 480234 | S12: 1
A13: =B13&C13&D13&E13 -> L002 | E13: L002 | F13: 보통인부 | G13: 사다리 보조자 | H13: 인 | I13: 1 | K13: =ROUND(J13*K$2*I13,0) -> 0 | L13: 167081 | M13: =ROUND(L13*I13*S13,0) -> 167081 | O13: =ROUND(N13*O$2*I13,0) -> 0 | Q13: =ROUND(P13*Q$2*I13,0) -> 0 | R13: =SUM(K13,M13,O13,Q13) -> 167081 | S13: 1
K14: =SUM(K6:K13) -> 3175200 | M14: =SUM(M6:M13) -> 880403 | O14: =SUM(O6:O13) -> 0 | Q14: =SUM(Q6:Q13) -> 0 | R14: =SUM(R6:R13) -> 4055603
A15: =B15&C15&D15&E15
A16: =B16&C16&D16&E16
A17: =B17&C17&D17&E17

Sheet Upload
A1: 구분 | B1: 표준단가 | C1: 표준품셈 | D1: 물가정보 | E1: 노임단가 | F1: 수량 | H1: ★ 작성방법
A2: ='내역서(엑셀)'!A6 -> E00000806005010101 | B2: ='내역서(엑셀)'!B6 -> 0 | C2: ='내역서(엑셀)'!C6 -> E00000806005010101 | D2: ='내역서(엑셀)'!D6 -> 0 | E2: ='내역서(엑셀)'!E6 -> 0 | F2: ='내역서(엑셀)'!I6 -> 2
A3: ='내역서(엑셀)'!A7 -> M055011815320101 | B3: ='내역서(엑셀)'!B7 -> 0 | C3: ='내역서(엑셀)'!C7 -> 0 | D3: ='내역서(엑셀)'!D7 -> M055011815320101 | E3: ='내역서(엑셀)'!E7 -> 0 | F3: ='내역서(엑셀)'!I7 -> 2 | H3: ① 내역서(엑셀) 내 품목코드, 수량 입력시 upload자료 내 자동반영됨
A4: ='내역서(엑셀)'!A8 -> E00000806005010101 | B4: ='내역서(엑셀)'!B8 -> 0 | C4: ='내역서(엑셀)'!C8 -> E00000806005010101 | D4: ='내역서(엑셀)'!D8 -> 0 | E4: ='내역서(엑셀)'!E8 -> 0 | F4: ='내역서(엑셀)'!I8 -> 2 | H4: ② 일부항목 미입력시 업로드 안됨
A5: ='내역서(엑셀)'!A9 -> E00000808388282810 | B5: ='내역서(엑셀)'!B9 -> 0 | C5: ='내역서(엑셀)'!C9 -> E00000808388282810 | D5: ='내역서(엑셀)'!D9 -> 0 | E5: ='내역서(엑셀)'!E9 -> 0 | F5: ='내역서(엑셀)'!I9 -> 1 | H5: ③ 시중가/할증은 atG 화면 내 별도입력(본 탭 내에는 표준 Code만 입력)
A6: ='내역서(엑셀)'!A10 -> M050707815960101 | B6: ='내역서(엑셀)'!B10 -> 0 | C6: ='내역서(엑셀)'!C10 -> 0 | D6: ='내역서(엑셀)'!D10 -> M050707815960101 | E6: ='내역서(엑셀)'!E10 -> 0 | F6: ='내역서(엑셀)'!I10 -> 1
A7: ='내역서(엑셀)'!A11 -> E00000808388282810 | B7: ='내역서(엑셀)'!B11 -> 0 | C7: ='내역서(엑셀)'!C11 -> E00000808388282810 | D7: ='내역서(엑셀)'!D11 -> 0 | E7: ='내역서(엑셀)'!E11 -> 0 | F7: ='내역서(엑셀)'!I11 -> 1
A8: ='내역서(엑셀)'!A12 -> L069 | B8: ='내역서(엑셀)'!B12 -> 0 | C8: ='내역서(엑셀)'!C12 -> 0 | D8: ='내역서(엑셀)'!D12 -> 0 | E8: ='내역서(엑셀)'!E12 -> L069 | F8: ='내역서(엑셀)'!I12 -> 2
A9: ='내역서(엑셀)'!A13 -> L002 | B9: ='내역서(엑셀)'!B13 -> 0 | C9: ='내역서(엑셀)'!C13 -> 0 | D9: ='내역서(엑셀)'!D13 -> 0 | E9: ='내역서(엑셀)'!E13 -> L002 | F9: ='내역서(엑셀)'!I13 -> 1

Sheet Upload(시중가)-별도입력
A1: 표준내역코드 | B1: 세부공종 | C1: 품명 | D1: 규격 | E1: 단위 | F1: 수량 | G1: 재료비단가 | H1: 재료비소계 | I1: 노무비단가 | J1: 노무비소계 | K1: 기계경비단가 | L1: 기계경비소계 | M1: 기타경비단가 | N1: 기타경비소계 | O1: 할증코드 | P1: 재료비할증율 | Q1: 노무비할증율 | R1: 할증내용

Sheet 작성 Guide
B2: ※ 견적작성 Guide
B4: ① 표준단가 코드(D Code) 작성 후 물정/적산 추가 반영
B5: ② 엑셀견적과 업로드 견적순번은 동일하게 배열
B6: ③ Upload 시트 중 품셈/물정+품셈내역 구분란에는 E999999로 반영
B7: ④ 업로드는 100% 단가기준으로 반영되며 S&I 담당자 견적반영시 시중가/할중/낙찰율은 별도 반영
B8: ☞ 표준단가사 견적제출시 엑셀 내역 내 반영요청
B9: ⑤ Upload 내 미입력 항목은 삭제처리

Sheet 할증기준
A1: ■ atG 할증기준

Sheet 공사수립계획서
B1: 공사수립계획서
B4: 업 체 명 | C4: ='[383]갑지(엑셀)'!G6 -> 주식회사 준 마 | D4: 일 시 | E4: ='갑지(엑셀)'!B9 -> 2025 년 08 월 06 일
B5: 공 사 명 | C5: ='갑지(엑셀)'!B7 -> LG사택 소방작동점검 지적사항 보완
B6: 공사 업체 | C6: ■ 공사기간 : 입찰시스템 계약기간에 준함
C7: ■ 인원투입계획 : 총 4 명(주말 : 명)
C8: ■ 시공방법
C9: -. 자재 준비
C10: -. 안전밸브 교체
C11: -. 방송용 DigitalType_Amp 교체
C12: -. 소방 비상방송 TEST
C13: -. 현장 정리 정돈
C25: ■ 위험작업 유무 : 유(화기/고소/중장비 등)
C26: ■ 안전확보 방안 :
C27: -. 천장 상부 작업 시 조도 확보, 생명줄 설치 후 안전벨트 이중 고리 사용 후 작업 실시
C28: -. 사다리 작업 시 사다리 보조자 배치 및 안전벨트 이중 고리 사용 후 작업 실시
C29: -. 안전보호구 착용 및 주변 정리 정돈 실시
C30: ■ 주요 사용물질 :
B34: =C4 -> 주식회사 준 마 | C34: 성명 : 민 상 진 | D34: (인감/서명)
B35: ㈜ S&I Corp. | C35: 성명 : 이 종 근 | D35: 서명
