Workbook

Sheet PR당사안
A3: 見 積 書
A4: 수 신: LG에너지솔루션
B5: 대전 업무지원팀 / 김규환님 귀하
A7: 견 적 일 자 | D7: 2026 | E7: 년 | F7: 8 | G7: 월 | H7: 3 | I7: 일 | K7: 공 급 자 | L7: 등록번호 | M7: 707-86-02-404 | N7: 전 화 | O7: 02-6924-5539
A8: 견 적 담 당 | D8: 이종근 | H8: 파트너 | L8: 상 호 | M8: ㈜에스앤아이코퍼레이션 | N8: 대 표 | O8: 서 현
A9: 견적유효기간 | D9: 견적 제출 후 30일 까지 | L9: 주 소 | M9: 서울특별시 강서구 마곡중앙로150
A10: 납 기 | D10: 발주 후 개별 협의 | L10: 업 태 | M10: 부동산, 서비스 | N10: 종 목 | O10: 임대 및 관리
B13: 사택 9-105 수장작업 | N13: 견적을 제출 합니다
B15: ="견 적 금 액 : 一金"&NUMBERSTRING(M32,1) & "원정""(\"& TEXT(M32,"#,###")&"원) [VAT 별도]" -> 견 적 금 액 : 一金오백삼십일만오천팔백칠십오원정"(\5,315,875원) [VAT 별도]
A17: NO | B17: 구 분 | H17: 수량 | I17: 단위 | J17: 금 액 | N17: 비 고
A18: 1 | B18: 재료비 | H18: 1 | I18: 식 | J18: =IFERROR(LOOKUP(2, 1/(TRIM('내역서(표준단가)'!K4:K100)<>""), '내역서(표준단가)'!K4:K100), "-") -> 886555.24
A19: 2 | B19: 노무비 | H19: 1 | I19: 식 | J19: =IFERROR(LOOKUP(2, 1/(TRIM('내역서(표준단가)'!M4:M100)<>""), '내역서(표준단가)'!M4:M100), "-") -> 3301092.8
A20: 3 | B20: 경 비 | H20: 1 | I20: 식 | J20: =IFERROR(SUM(J21:M29),"-") -> 572165.78
C21: 기계 및 기타경비 | H21: 1 | I21: 식 | J21: =IFERROR(LOOKUP(2, 1/(TRIM('내역서(표준단가)'!O4:O100)<>""), '내역서(표준단가)'!O4:O100) + LOOKUP(2, 1/(TRIM('내역서(표준단가)'!Q4:Q100)<>""), '내역서(표준단가)'!Q4:Q100), "-") -> 0 | N21: 중장비 사용 등
C22: 안전관리비 | H22: 3.11 | I22: % | J22: =IFERROR((J18+J19)*H22%,"-") -> 130235.85 | N22: (재료비+노무비)*3.11%
C23: 산재 보험료 | H23: 3.56 | I23: % | J23: =IFERROR(J19*H23%,"-") -> 117518.9 | N23: 노무비*3.56%
C24: 고용보험료 | H24: 1.01 | I24: % | J24: =IFERROR(J19*H24%,"-") -> 33341.037 | N24: 노무비*1.01%
C25: 국민건강 보험료 | H25: 3.595 | I25: % | J25: =IFERROR(J19*H25%,"-") -> 118674.28 | N25: 노무비*3.595%
C26: 국민연금 보험료 | H26: 4.75 | I26: % | J26: =IFERROR(J19*H26%,"-") -> 156801.91 | N26: 노무비*4.75%
C27: 노인장기요양 보험료 | H27: 13.14 | I27: % | J27: =IFERROR($H$27*J25%,"-") -> 15593.801 | N27: 건강보험료*13.14%
C28: 하도급대금지급보증증권 | H28: 0.081 | I28: % | J28: =IFERROR(IF(SUM(J21:J27,J18:J19)>=10000000,SUM(J21:J27,J18:J19)*H28%,"-"),"-") -> - | N28: 1천만원 이상 공사시 적용
C29: 폐기물처리 부담금 | H29: 1 | I29: 식 | J29: =34*0 -> 0 | N29: 폐기물발생 시 적용 (kg당 34원)
A30: 4 | C30: 일반관리비 | H30: 5 | I30: % | J30: =IFERROR(IF(ISNUMBER(H30), SUM(J18:M20) * (H30 / 100), "-"), "-") -> 237990.69 | N30: (재료비 + 노무비 + 경비)*5%
A31: 5 | C31: 이 윤 | H31: 7.5 | I31: % | J31: =IFERROR(SUM(J18:M20, J30) * (H31 / 100), "-")+-56764 -> 318071.34 | N31: (재료비+노무비+경비+일반관리비)*7.5%
A32: 공사금액 | M32: =IFERROR(ROUNDDOWN(SUM(J18:M20)+J30+J31,0),"-") -> 5315875
A33: *유첨 : 견적서 내역서 1부 ─ 끝 ─

Sheet 내역서(표준단가)
K1: ▼낙찰율 | M1: ▼낙찰율 | O1: ▼낙찰율 | Q1: ▼낙찰율
K2: 0.835 | M2: 0.835 | O2: 0.835 | Q2: 0.835
B3: ▶ 표준 Code(표준단가/품셈/물정/노임) 순서별 입력(Upload 자동반영) | F3: 주요내역 | H3: 단위 | I3: 수량 | J3: 재료비 | L3: 노무비 | N3: 기계경비 | P3: 기타경비(부자재비) | R3: 합계 | S3: 노무비 할증 | T3: 할증기준
A4: 합계 | B4: 표준단가 D | C4: 표준품셈 E | D4: 물가정보 M | E4: 노임단가 L | F4: 품목 | G4: 규격 | J4: 품셈/표단 | K4: 금액 | L4: 단가 | M4: 금액 | N4: 단가 | O4: 금액 | P4: 단가 | Q4: 금액
A5: =B5&C5&D5&E5 -> M020853710050101 | D5: M020853710050101 | F5: 아이리스 | G5: 합지벽지 1R/L=93㎝(고정)×17.75m=16.51㎡, 소요량198/16.51=11.992R/L | H5: R/L | I5: 11.992 | J5: 20900 | K5: =SUM(J5:J5)*I5*$K$2 -> 209278.39 | M5: =(L5*I5)*$M$2 -> 0 | O5: =N5*I5*$O$2 -> 0 | Q5: =P5*I5*$Q$2 -> 0 | R5: =SUM(K5+M5)+O5+Q5 -> 209278.39
A6: =B6&C6&D6&E6 -> E00000803071260301 | C6: E00000803071260301 | F6: 도배 교체(벽) | G6: 일당 시공량-벽 46㎡, 적산정보 500p 참조,시공총량136㎡/일당46㎡=2.956, | H6: (일당) | I6: 2.956 | K6: =SUM(J6:J6)*I6*$K$2 -> 0 | L6: 510462 | M6: =(L6*I6)*$M$2 -> 1259952.9 | O6: =N6*I6*$O$2 -> 0 | Q6: =P6*I6*$Q$2 -> 0 | R6: =SUM(K6+M6)+O6+Q6 -> 1259952.9
A7: =B7&C7&D7&E7 -> E00000803071260301 | C7: E00000803071260301 | F7: 도배 교체(천장) | G7: 일당 시공량-천장 35㎡ 적산정보 500p 참조, 시공총량62㎡/일당35㎡=1.771 | H7: (일당) | I7: 1.771 | K7: =SUM(J7:J7)*I7*$K$2 -> 0 | L7: 510462 | M7: =(L7*I7)*$M$2 -> 754863.55 | O7: =N7*I7*$O$2 -> 0 | Q7: =P7*I7*$Q$2 -> 0 | R7: =SUM(K7+M7)+O7+Q7 -> 754863.55
A8: =B8&C8&D8&E8 -> M020809012520101 | D8: M020809012520101 | F8: 비닐시트바닥재 | G8: 데코리아 다솜(륨) 1.8T×1,830㎜ | H8: ㎡ | I8: 59.5 | J8: 13000 | K8: =SUM(J8:J8)*I8*$K$2 -> 645872.5 | M8: =(L8*I8)*$M$2 -> 0 | O8: =N8*I8*$O$2 -> 0 | Q8: =P8*I8*$Q$2 -> 0 | R8: =SUM(K8+M8)+O8+Q8 -> 645872.5
A9: =B9&C9&D9&E9 -> E00000803071260401 | C9: E00000803071260401 | F9: PVC계바닥재 교체 | G9: 일당 시공량-61㎡ 적산정보 500p 참조,시공총량59.5/일당61=0.9754 | H9: (일당) | I9: 0.9754 | K9: =SUM(J9:J9)*I9*$K$2 -> 0 | L9: 510462 | M9: =(L9*I9)*$M$2 -> 415750.37 | O9: =N9*I9*$O$2 -> 0 | Q9: =P9*I9*$Q$2 -> 0 | R9: =SUM(K9+M9)+O9+Q9 -> 415750.37
A10: =B10&C10&D10&E10 -> M020412614110102 | D10: M020412614110102 | F10: 합성수지에멀션페인트 | G10: KSM-6010 내부용, 2급, 백색 | H10: 18ℓ | I10: 0.3 | J10: 65500 | K10: =SUM(J10:J10)*I10*$K$2 -> 16407.75 | R10: =SUM(K10+M10)+O10+Q10 -> 16407.75
A11: =B11&C11&D11&E11 -> E00000803061120402 | C11: E00000803061120402 | F11: 석고보드면 바탕만들기 | G11: 줄퍼티 | H11: (㎡ 당) | I11: 24 | K11: =SUM(J11:J11)*I11*$K$2 -> 0 | L11: 10752 | M11: =(L11*I11)*$M$2 -> 215470.08 | O11: =N11*I11*$O$2 -> 0 | Q11: =P11*I11*$Q$2 -> 0 | R11: =SUM(K11+M11)+O11+Q11 -> 215470.08
A12: =B12&C12&D12&E12 -> E00000803061300201 | C12: E00000803061300201 | F12: 수성페인트 붓칠 | G12: 1회칠 | H12: (㎡ 당) | I12: 24 | K12: =SUM(J12:J12)*I12*$K$2 -> 0 | L12: 6368 | M12: =(L12*I12)*$M$2 -> 127614.72 | O12: =N12*I12*$O$2 -> 0 | Q12: =P12*I12*$Q$2 -> 0 | R12: =SUM(K12+M12)+O12+Q12 -> 127614.72
A13: =B13&C13&D13&E13 -> M020411810170101 | D13: M020411810170101 | F13: 조합페인트 | G13: 백색 무광 | H13: 18ℓ | I13: 0.2 | J13: 89800 | K13: =SUM(J13:J13)*I13*$K$2 -> 14996.6 | O13: =N13*I13*$O$2 -> 0 | Q13: =P13*I13*$Q$2 -> 0 | R13: =SUM(K13+M13)+O13+Q13 -> 14996.6
A14: =B14&C14&D14&E14 -> E00000803061120802 | C14: E00000803061120802 | F14: 목재면 바탕만들기 | G14: 퍼티 및 연마 | H14: (㎡ 당) | I14: 16 | K14: =SUM(J14:J14)*I14*$K$2 -> 0 | L14: 2496 | M14: =(L14*I14)*$M$2 -> 33346.56 | O14: =N14*I14*$O$2 -> 0 | Q14: =P14*I14*$Q$2 -> 0 | R14: =SUM(K14+M14)+O14+Q14 -> 33346.56
A15: =B15&C15&D15&E15 -> E00000803061300701 | C15: E00000803061300701 | F15: 유성페인트 롤러칠 - 콘크리트·모르터면·석고보드면 | G15: 1회칠 | H15: (㎡ 당) | I15: 16 | K15: =SUM(J15:J15)*I15*$K$2 -> 0 | L15: 3871 | M15: =(L15*I15)*$M$2 -> 51716.56 | O15: =N15*I15*$O$2 -> 0 | Q15: =P15*I15*$Q$2 -> 0 | R15: =SUM(K15+M15)+O15+Q15 -> 51716.56
A16: =B16&C16&D16&E16 -> E00000803061120802 | C16: E00000803061120802 | F16: 목재면 바탕만들기(방화문 적용) | G16: 퍼티 및 연마 | H16: (㎡ 당) | I16: 2 | K16: =SUM(J16:J16)*I16*$K$2 -> 0 | L16: 2496 | M16: =(L16*I16)*$M$2 -> 4168.32 | O16: =N16*I16*$O$2 -> 0 | Q16: =P16*I16*$Q$2 -> 0 | R16: =SUM(K16+M16)+O16+Q16 -> 4168.32
A17: =B17&C17&D17&E17 -> E00000803061300401 | C17: E00000803061300401 | F17: 유성페인트 붓칠 - 철재면 | G17: 1회칠 | H17: (㎡ 당) | I17: 2 | K17: =SUM(J17:J17)*I17*$K$2 -> 0 | L17: 5851 | M17: =(L17*I17)*$M$2 -> 9771.17 | O17: =N17*I17*$O$2 -> 0 | Q17: =P17*I17*$Q$2 -> 0 | R17: =SUM(K17+M17)+O17+Q17 -> 9771.17
A18: =B18&C18&D18&E18 -> E00000801011510701 | C18: E00000801011510701 | F18: 입주청소 | G18: 전체면적 | H18: (바닥면적 ㎡당) | I18: 100 | K18: =SUM(J18:J18)*I18*$K$2 -> 0 | L18: 5131 | M18: =(L18*I18)*$M$2 -> 428438.5 | O18: =N18*I18*$O$2 -> 0 | Q18: =P18*I18*$Q$2 -> 0 | R18: =SUM(K18+M18)+O18+Q18 -> 428438.5
K19: =SUM(K5:K18) -> 886555.24 | M19: =SUM(M5:M18) -> 3301092.8 | O19: =SUM(O5:O18) -> 0 | Q19: =SUM(Q5:Q18) -> 0 | R19: =SUM(R5:R18) -> 4187648

Sheet 상세내역
A1: 내 역 서
A2: 품 명 | B2: 규 격 | C2: 단위 | D2: 수 량 | E2: 재 료 비 | G2: 노 무 비 | I2: 기계경비 | K2: 기타경비(부자재비) | M2: 합 계 | O2: 비 고
E3: 단 가 | F3: 금 액 | G3: 단 가 | H3: 금 액 | K3: 단 가 | L3: 금 액 | M3: 단 가 | N3: 금 액
A4: 사택 9-105 수장공사
A5: 1.도배 | B5: 거실 벽면 | C5: ㎡ | D5: 40 | E5: 1057 | F5: =D5*E5 -> 42280 | G5: 9266 | H5: =D5*G5 -> 370640 | N5: =F5+H5+J5+L5 -> 412920 | O5: 광폭합지 벽지(LX하우시스, 휘앙세), 24년 12월 물가자료
B6: 거실 천정 | C6: ㎡ | D6: 24 | E6: 1057 | F6: =D6*E6 -> 25368 | G6: 12178 | H6: =D6*G6 -> 292272 | N6: =F6+H6+J6+L6 -> 317640
B7: 방A 벽면 | C7: ㎡ | D7: 32 | E7: 1057 | F7: =D7*E7 -> 33824 | G7: 9266 | H7: =D7*G7 -> 296512 | N7: =F7+H7+J7+L7 -> 330336 | P7: =D6+D8+D10+D12 -> 62
B8: 방A 천정 | C8: ㎡ | D8: 16 | E8: 1057 | F8: =D8*E8 -> 16912 | G8: 12178 | H8: =D8*G8 -> 194848 | N8: =F8+H8+J8+L8 -> 211760
B9: 방B 벽면 | C9: ㎡ | D9: 32 | E9: 1057 | F9: =D9*E9 -> 33824 | G9: 9266 | H9: =D9*G9 -> 296512 | N9: =F9+H9+J9+L9 -> 330336
B10: 방B 천정 | C10: ㎡ | D10: 11 | E10: 1057 | F10: =D10*E10 -> 11627 | G10: 12178 | H10: =D10*G10 -> 133958 | N10: =F10+H10+J10+L10 -> 145585
B11: 방C 벽면 | C11: ㎡ | D11: 32 | E11: 1057 | F11: =D11*E11 -> 33824 | G11: 9266 | H11: =D11*G11 -> 296512 | N11: =F11+H11+J11+L11 -> 330336
B12: 방C 천정 | C12: ㎡ | D12: 11 | E12: 1057 | F12: =D12*E12 -> 11627 | G12: 12178 | H12: =D12*G12 -> 133958 | N12: =F12+H12+J12+L12 -> 145585
A13: 소 계 | D13: =SUM(D5:D12) -> 198 | F13: =SUM(F5:F12) -> 209286 | H13: =SUM(H5:H12) -> 2015212 | J13: =SUM(J5:J12) -> 0 | L13: =SUM(L5:L12) -> 0 | N13: =SUM(N5:N12) -> 2224498
A14: 2.바닥재 | B14: 거실 바닥 | C14: ㎡ | D14: 28.9 | E14: 10855 | F14: =D14*E14 -> 313709.5 | G14: 6987 | H14: =D14*G14 -> 201924.3 | N14: =F14+H14+J14+L14 -> 515633.8
B15: 방A 바닥 | C15: ㎡ | D15: 12.4 | E15: 10855 | F15: =D15*E15 -> 134602 | G15: 6987 | H15: =D15*G15 -> 86638.8 | N15: =F15+H15+J15+L15 -> 221240.8
B16: 방B 바닥 | C16: ㎡ | D16: 9.9 | E16: 10855 | F16: =D16*E16 -> 107464.5 | G16: 6987 | H16: =D16*G16 -> 69171.3 | N16: =F16+H16+J16+L16 -> 176635.8
B17: 방C 바닥 | C17: ㎡ | D17: 8.3 | E17: 10855 | F17: =D17*E17 -> 90096.5 | G17: 6987 | H17: =D17*G17 -> 57992.1 | N17: =F17+H17+J17+L17 -> 148088.6
A18: 소 계 | D18: =SUM(D14:D17) -> 59.5 | F18: =SUM(F14:F17) -> 645872.5 | H18: =SUM(H14:H17) -> 415726.5 | J18: =SUM(J14:J17) -> 0 | L18: =SUM(L14:L17) -> 0 | N18: =SUM(N14:N17) -> 1061599
A19: 3.도장
A20: 수성페인트 | B20: KSM-6010 내부용, 2급, 백색 | C20: 18ℓ | D20: 0.3 | E20: 54693 | F20: =D20*E20 -> 16407.9 | N20: =F20+H20+J20+L20 -> 16407.9
A21: 베란다 수성페인트(전면) | B21: 석고보드면 바탕만들기(줄퍼티) | C21: ㎡ | D21: 24 | F21: =D21*E21 -> 0 | G21: 8978 | H21: =D21*G21 -> 215472 | N21: =F21+H21+J21+L21 -> 215472
B22: 붓칠,내벽 | C22: ㎡ | D22: 24 | F22: =D22*E22 -> 0 | G22: 5317 | H22: =D22*G22 -> 127608 | N22: =F22+H22+J22+L22 -> 127608
A23: 베란다 수성페인트(후면) | B23: 석고보드면 바탕만들기(줄퍼티) | C23: ㎡
B24: 붓칠,내벽 | C24: ㎡
A25: 조합페인트 | B25: 백색 무광 | C25: 18ℓ | D25: 0.2 | E25: 74983 | F25: =D25*E25 -> 14996.6 | N25: =F25+H25+J25+L25 -> 14996.6
A26: 내부(문,틀,몰딩,기타) | B26: 철재면 청소(휘발유사용) | C26: ㎡ | D26: 16 | F26: =D26*E26 -> 0 | G26: 2084 | H26: =D26*G26 -> 33344 | N26: =F26+H26+J26+L26 -> 33344
B27: 유성페인트 롤러칠(석고보드면) | C27: ㎡ | D27: 16 | F27: =D27*E27 -> 0 | G27: 3232 | H27: =D27*G27 -> 51712 | N27: =F27+H27+J27+L27 -> 51712
A28: 방화도어 내부 | B28: 철재면 청소(휘발유사용) | C28: ㎡ | D28: 2 | F28: =D28*E28 -> 0 | G28: 2084 | H28: =D28*G28 -> 4168 | N28: =F28+H28+J28+L28 -> 4168
B29: 유성페인트 롤러칠(철재면) | C29: ㎡ | D29: 2 | F29: =D29*E29 -> 0 | G29: 4886 | H29: =D29*G29 -> 9772 | N29: =F29+H29+J29+L29 -> 9772
A30: 소 계 | F30: =SUM(F19:F29) -> 31404.5 | H30: =SUM(H19:H29) -> 442076 | J30: =SUM(J19:J29) -> 0 | L30: =SUM(L19:L29) -> 0 | N30: =SUM(N19:N29) -> 473480.5
A31: 4.청소 | B31: 준공청소(특별인부), | C31: ㎡ | D31: 100 | G31: 4284 | H31: =D31*G31 -> 428400 | N31: =F31+H31+J31+L31 -> 428400 | O31: 2023년 실내건축 일위대가
A32: 소 계 | H32: =SUM(H31:H31) -> 428400 | J32: =SUM(J31:J31) -> 0 | L32: =SUM(L31:L31) -> 0 | N32: =SUM(N31:N31) -> 428400
A33: 합 계 | F33: =F13+F18+F30+F32 -> 886563 | H33: =H13+H18+H30+H32 -> 3301414.5 | J33: =J13+J18+J30+J32 -> 0 | L33: =L13+L18+L30+L32 -> 0 | N33: =N13+N18+N30+N32 -> 4187977.5

Sheet Upload
A1: 구분 | B1: 표준단가 | C1: 표준품셈 | D1: 물가정보 | E1: 노임단가 | F1: 수량
A2: ='내역서(표준단가)'!A5 -> M020853710050101 | B2: ='내역서(표준단가)'!B5 -> 0 | C2: ='내역서(표준단가)'!C5 -> 0 | D2: ='내역서(표준단가)'!D5 -> M020853710050101 | E2: ='내역서(표준단가)'!E5 -> 0 | F2: ='내역서(표준단가)'!I5 -> 11.992
A3: ='내역서(표준단가)'!A6 -> E00000803071260301 | B3: ='내역서(표준단가)'!B6 -> 0 | C3: ='내역서(표준단가)'!C6 -> E00000803071260301 | D3: ='내역서(표준단가)'!D6 -> 0 | E3: ='내역서(표준단가)'!E6 -> 0 | F3: ='내역서(표준단가)'!I6 -> 2.956
A4: ='내역서(표준단가)'!A7 -> E00000803071260301 | B4: ='내역서(표준단가)'!B7 -> 0 | C4: ='내역서(표준단가)'!C7 -> E00000803071260301 | D4: ='내역서(표준단가)'!D7 -> 0 | E4: ='내역서(표준단가)'!E7 -> 0 | F4: ='내역서(표준단가)'!I7 -> 1.771
A5: ='내역서(표준단가)'!A8 -> M020809012520101 | B5: ='내역서(표준단가)'!B8 -> 0 | C5: ='내역서(표준단가)'!C8 -> 0 | D5: ='내역서(표준단가)'!D8 -> M020809012520101 | E5: ='내역서(표준단가)'!E8 -> 0 | F5: ='내역서(표준단가)'!I8 -> 59.5
A6: ='내역서(표준단가)'!A9 -> E00000803071260401 | B6: ='내역서(표준단가)'!B9 -> 0 | C6: ='내역서(표준단가)'!C9 -> E00000803071260401 | D6: ='내역서(표준단가)'!D9 -> 0 | E6: ='내역서(표준단가)'!E9 -> 0 | F6: ='내역서(표준단가)'!I9 -> 0.9754
A7: ='내역서(표준단가)'!A10 -> M020412614110102 | B7: ='내역서(표준단가)'!B10 -> 0 | C7: ='내역서(표준단가)'!C10 -> 0 | D7: ='내역서(표준단가)'!D10 -> M020412614110102 | E7: ='내역서(표준단가)'!E10 -> 0 | F7: ='내역서(표준단가)'!I10 -> 0.3
A8: ='내역서(표준단가)'!A11 -> E00000803061120402 | B8: ='내역서(표준단가)'!B11 -> 0 | C8: ='내역서(표준단가)'!C11 -> E00000803061120402 | D8: ='내역서(표준단가)'!D11 -> 0 | E8: ='내역서(표준단가)'!E11 -> 0 | F8: ='내역서(표준단가)'!I11 -> 24
A9: ='내역서(표준단가)'!A12 -> E00000803061300201 | B9: ='내역서(표준단가)'!B12 -> 0 | C9: ='내역서(표준단가)'!C12 -> E00000803061300201 | D9: ='내역서(표준단가)'!D12 -> 0 | E9: ='내역서(표준단가)'!E12 -> 0 | F9: ='내역서(표준단가)'!I12 -> 24
A10: ='내역서(표준단가)'!A13 -> M020411810170101 | B10: ='내역서(표준단가)'!B13 -> 0 | C10: ='내역서(표준단가)'!C13 -> 0 | D10: ='내역서(표준단가)'!D13 -> M020411810170101 | E10: ='내역서(표준단가)'!E13 -> 0 | F10: ='내역서(표준단가)'!I13 -> 0.2
A11: ='내역서(표준단가)'!A14 -> E00000803061120802 | B11: ='내역서(표준단가)'!B14 -> 0 | C11: ='내역서(표준단가)'!C14 -> E00000803061120802 | D11: ='내역서(표준단가)'!D14 -> 0 | E11: ='내역서(표준단가)'!E14 -> 0 | F11: ='내역서(표준단가)'!I14 -> 16
A12: ='내역서(표준단가)'!A15 -> E00000803061300701 | B12: ='내역서(표준단가)'!B15 -> 0 | C12: ='내역서(표준단가)'!C15 -> E00000803061300701 | D12: ='내역서(표준단가)'!D15 -> 0 | E12: ='내역서(표준단가)'!E15 -> 0 | F12: ='내역서(표준단가)'!I15 -> 16
A13: ='내역서(표준단가)'!A16 -> E00000803061120802 | B13: ='내역서(표준단가)'!B16 -> 0 | C13: ='내역서(표준단가)'!C16 -> E00000803061120802 | D13: ='내역서(표준단가)'!D16 -> 0 | E13: ='내역서(표준단가)'!E16 -> 0 | F13: ='내역서(표준단가)'!I16 -> 2
... A15: ='내역서(표준단가)'!A18 -> E00000801011510701 | B15: ='내역서(표준단가)'!B18 -> 0 | C15: ='내역서(표준단가)'!C18 -> E00000801011510701 | D15: ='내역서(표준단가)'!D18 -> 0 | E15: ='내역서(표준단가)'!E18 -> 0 | F15: ='내역서(표준단가)'!I18 -> 100

Sheet 6,8,9동 도면
