Workbook

Sheet 갑지
A2: 견 적 서
A5: 수신인 : 주식회사 에스엔아이 코퍼레이션 | F5: 등록번호 | G5: 314-86-35718
F6: 상 호 | G6: ㈜일성건축
A7: 공사명 : 기숙사 사택 저수조 청소 안전 보강대 설치 | F7: 대표 이사 | G7: 상 석 희
F8: 사업장 | G8: 대전 서구 도마6길 107 (도마동)
A9: 견적일 : 2025년 03월 21일 | F9: 업 태 | G9: 건설업
F10: 종 목 | G10: 실내건축,인테리어공사
F11: TEL, FAX | G11: 042)527-0995, 042)527-0996
A12: 금액: | B12: =NUMBERSTRING(F31,1) -> 일백칠십오만사천 | D12: 원정
A14: NO | B14: 품명 | C14: 규격 | D14: 수량 | E14: 단위 | F14: 금액 | G14: 비고
B15: 직접비
B16: 재료비 | F16: ='내역서(표준단가)'!O8 -> 900000
B17: 노무비 | F17: ='내역서(표준단가)'!Q8 -> 676122
B18: 기계/기타경비 | F18: ='내역서(표준단가)'!S8+'내역서(표준단가)'!U8 -> 0
B19: 소계 | F19: =F16+F17+F18 -> 1576122
B20: 간접비
B21: 국민연금 | C21: 노무비*4.5% | D21: 1 | E21: 식 | F21: =F17*4.5% -> 30425.49 | G21: 모든공사에 적용
B22: 건강보험료 | C22: 노무비*3.545% | D22: 1 | E22: 식 | F22: =F17*3.545% -> 23968.525 | G22: 모든공사에 적용
B23: 장기요양보험료 | C23: 건강보험료*12.95% | D23: 1 | E23: 식 | F23: =F22*12.95% -> 3103.924 | G23: 모든공사에 적용
B24: 고용보험료 | C24: 노무비*1.01% | D24: 1 | E24: 식 | F24: =F17*1.01% -> 6828.8322 | G24: 모든공사에 적용
B25: 산재보험료 | C25: 노무비*3.56% | D25: 1 | E25: 식 | F25: =F17*3.56% -> 24069.943 | G25: 모든공사에 적용
B26: 산업안전보건관리비 | C26: (재료비+노무비)*3.11% | D26: 1 | E26: 식 | F26: =(F16+F17)*3.11% -> 49017.394 | G26: 모든공사에 적용
B27: 일반관리비/이윤 | C27: (노무비+간접공사비)*5% | D27: 1 | E27: 식 | F27: =SUM(F17+F21+F22+F23+F24+F25+F26)*5% -> 40676.805
B28: 소계 | F28: =F21+F22+F23+F24+F25+F26+F27 -> 178090.91
F30: =F19+F28+F29 -> 1754212.9
B31: 합계(단수조정) | F31: =ROUNDDOWN(F30,-3) -> 1754000
B32: VAT별도

Sheet 내역서(표준단가)
O1: ▼낙찰율 | Q1: ▼낙찰율 | S1: ▼낙찰율 | U1: ▼낙찰율
O2: 0.835 | Q2: 0.835 | S2: 0.835 | U2: 0.835
F3: ▶ 표준 Code(표준단가/품셈/물정/노임) 순서별 입력(Upload 자동반영) | J3: 주요내역 | L3: 단위 | M3: 수량 | N3: 재료비 | P3: 노무비 | R3: 기계경비 | T3: 기타경비(부자재비) | V3: 합계 | W3: 노무비 할증 | X3: 할증기준
A4: 합계 | F4: 표준단가 D | G4: 표준품셈 E | H4: 물가정보 M | I4: 노임단가 L | J4: 품목 | K4: 규격 | N4: 품셈/표단 | O4: 금액 | P4: 단가 | Q4: 금액 | R4: 단가 | S4: 금액 | T4: 단가 | U4: 금액
A5: =F5&G5&H5&I5 -> L009 | I5: L009 | J5: 기숙사,사택 저수조 청소 안전보강대 설치, 철공 1인*2일 작업->1일 작업 | K5: 시중노임단가 | L5: 인 | M5: 1 | O5: =SUM(N5:N5)*M5*$O$2 -> 0 | P5: 237480 | Q5: =M5*P5 -> 237480 | S5: =R5*M5*$S$2 -> 0 | U5: =T5*M5*$U$2 -> 0 | V5: =SUM(O5+Q5)+S5+U5 -> 237480 | X5: 변경전 2인
A6: =F6&G6&H6&I6 -> L003 | I6: L003 | J6: 기숙사,사택 저수조 청소 안전보강대 설치, 특별인부 2인*2일 작업->1일 작업 | K6: 시중노임단가 | L6: 인 | M6: 2 | O6: =SUM(N6:N6)*M6*$O$2 -> 0 | P6: 219321 | Q6: =M6*P6 -> 438642 | S6: =R6*M6*$S$2 -> 0 | U6: =T6*M6*$U$2 -> 0 | V6: =SUM(O6+Q6)+S6+U6 -> 438642 | X6: 변경전 4인
A7: 999999 | J7: 기숙사,사택 저수조 청소 안전보강대 제작, 전문업체 세금계산서 첨부 예정 | K7: 1.기숙사 AB동 저수조-2개소 2.기숙사 3동 저수조-2개소 3.사택 102동 저수조-2개소 계:6개소 | L7: SET | M7: 1 | N7: 900000 | O7: =M7*N7 -> 900000 | Q7: =M7*P7 -> 0 | S7: =R7*M7*$S$2 -> 0 | U7: =T7*M7*$U$2 -> 0 | V7: =SUM(O7+Q7)+S7+U7 -> 900000
O8: =SUM(O5:O7) -> 900000 | Q8: =SUM(Q5:Q7) -> 676122 | S8: =SUM(S5:S7) -> 0 | U8: =SUM(U5:U7) -> 0 | V8: =SUM(V5:V7) -> 1576122

Sheet Upload
A1: 표준내역코드 | B1: 세부공종 | C1: 품명 | D1: 규격 | E1: 단위 | F1: 수량 | G1: 재료비단가 | H1: 재료비소계 | I1: 노무비단가 | J1: 노무비소계 | K1: 기계경비단가 | L1: 기계경비소계 | M1: 기타경비단가 | N1: 기타경비소계 | O1: 할증코드 | P1: 재료비할증율 | Q1: 노무비할증율 | R1: 할증내용
A2: 999999 | B2: 영선, 건축 | C2: 기숙사,사택 저수조 청소 안전보강대 제작, 전문업체 세금계산서 첨부예정 | D2: 도면 참조 | E2: set | F2: 1 | G2: 900000

Sheet Upload-rs
A1: 구분 | B1: 표준단가 | C1: 표준품셈 | D1: 물가정보 | E1: 노임단가 | F1: 수량
A2: ='내역서(표준단가)'!A5 -> L009 | B2: ='내역서(표준단가)'!F5 -> 0 | C2: ='내역서(표준단가)'!G5 -> 0 | D2: ='내역서(표준단가)'!H5 -> 0 | E2: ='내역서(표준단가)'!I5 -> L009 | F2: ='내역서(표준단가)'!M5 -> 1
A3: ='내역서(표준단가)'!A6 -> L003 | B3: ='내역서(표준단가)'!F6 -> 0 | C3: ='내역서(표준단가)'!G6 -> 0 | D3: ='내역서(표준단가)'!H6 -> 0 | E3: ='내역서(표준단가)'!I6 -> L003 | F3: ='내역서(표준단가)'!M6 -> 2
A4: ='내역서(표준단가)'!A7 -> 999999 | B4: ='내역서(표준단가)'!F7 -> 0 | C4: ='내역서(표준단가)'!G7 -> 0 | D4: ='내역서(표준단가)'!H7 -> 0 | E4: ='내역서(표준단가)'!I7 -> 0 | F4: ='내역서(표준단가)'!M7 -> 1

Sheet 참고 도면
