Workbook

Sheet 갑지
A2: 견 적 서
A5: 수신인 : 주식회사 에스엔아이 코퍼레이션 | F5: 등록번호 | G5: 314-86-35718
F6: 상 호 | G6: ㈜일성건축
A7: 공사명 : 사택 9-106 수장공사 | F7: 대표 이사 | G7: 상 석 희
F8: 사업장 | G8: 대전 서구 도마6길 107 (도마동)
A9: 견적일 : 2025년 01월 22일 | F9: 업 태 | G9: 건설업
F10: 종 목 | G10: 실내건축,인테리어공사
F11: TEL, FAX | G11: 042)527-0995, 042)527-0996
A12: 금액: | B12: =NUMBERSTRING(F31,1) -> 이백칠십칠만삼천 | D12: 원정
A14: NO | B14: 품명 | C14: 규격 | D14: 수량 | E14: 단위 | F14: 금액 | G14: 비고
B15: 직접비
B16: 재료비 | F16: ='내역서(표준단가)'!O18 -> 756808.93
B17: 노무비 | F17: ='내역서(표준단가)'!Q18 -> 1636279.4
B18: 기계/기타경비 | F18: ='내역서(표준단가)'!S18+'내역서(표준단가)'!U18 -> 0
B19: 소계 | F19: =F16+F17+F18 -> 2393088.3
B20: 간접비
B21: 국민연금 | C21: 노무비*4.5% | D21: 1 | E21: 식 | F21: =F17*4.5% -> 73632.571 | G21: 모든공사에 적용
B22: 건강보험료 | C22: 노무비*3.545% | D22: 1 | E22: 식 | F22: =F17*3.545% -> 58006.103 | G22: 모든공사에 적용
B23: 장기요양보험료 | C23: 건강보험료*12.95% | D23: 1 | E23: 식 | F23: =F22*12.95% -> 7511.7904 | G23: 모든공사에 적용
B24: 고용보험료 | C24: 노무비*1.01% | D24: 1 | E24: 식 | F24: =F17*1.01% -> 16526.422 | G24: 모든공사에 적용
B25: 산재보험료 | C25: 노무비*3.56% | D25: 1 | E25: 식 | F25: =F17*3.56% -> 58251.545 | G25: 모든공사에 적용
B26: 산업안전보건관리비 | C26: (재료비+노무비)*2.93% | D26: 1 | E26: 식 | F26: =(F16+F17)*2.93% -> 70117.487 | G26: 모든공사에 적용
B27: 일반관리비/이윤 | C27: (노무비+간접공사비)*5% | D27: 1 | E27: 식 | F27: =SUM(F17+F21+F22+F23+F24+F25+F26)*5% -> 96016.264
B28: 소계 | F28: =F21+F22+F23+F24+F25+F26+F27 -> 380062.18
F30: =F19+F28+F29 -> 2773150.5
B31: 합계(단수조정) | F31: =ROUNDDOWN(F30,-3) -> 2773000
B32: VAT별도

Sheet 내역서(표준단가)
O1: ▼낙찰율 | Q1: ▼낙찰율 | S1: ▼낙찰율 | U1: ▼낙찰율
O2: 0.835 | Q2: 0.835 | S2: 0.835 | U2: 0.835
F3: ▶ 표준 Code(표준단가/품셈/물정/노임) 순서별 입력(Upload 자동반영) | J3: 주요내역 | L3: 단위 | M3: 수량 | N3: 재료비 | P3: 노무비 | R3: 기계경비 | T3: 기타경비(부자재비) | V3: 합계 | W3: 노무비 할증 | X3: 할증기준
A4: 합계 | F4: 표준단가 D | G4: 표준품셈 E | H4: 물가정보 M | I4: 노임단가 L | J4: 품목 | K4: 규격 | N4: 품셈/표단 | O4: 금액 | P4: 단가 | Q4: 금액 | R4: 단가 | S4: 금액 | T4: 단가 | U4: 금액
A5: =F5&G5&H5&I5 -> D02641 | F5: D02641 | J5: 제 1호표 도배바름(벽면) | K5: 합판·석고보드면 | L5: ㎡ | M5: 136 | O5: =SUM(N5:N5)*M5*$O$2 -> 0 | P5: 6691 | Q5: =(P5*M5)*$Q$2 -> 759829.96 | S5: =R5*M5*$S$2 -> 0 | U5: =T5*M5*$U$2 -> 0 | V5: =SUM(O5+Q5)+S5+U5 -> 759829.96
A6: =F6&G6&H6&I6 -> D02873 | F6: D02873 | J6: 제 6호표 건축물 구조체별 철거(벽) | K6: 벽지떼어내기 | L6: ㎡ | M6: 68 | O6: =SUM(N6:N6)*M6*$O$2 -> 0 | P6: 1618 | Q6: =(P6*M6)*$Q$2 -> 91870.04 | S6: =R6*M6*$S$2 -> 0 | U6: =T6*M6*$U$2 -> 0 | V6: =SUM(O6+Q6)+S6+U6 -> 91870.04
A7: =F7&G7&H7&I7 -> D02859 | F7: D02859 | J7: 제 3호표 건축물 구조체별 철거(바닥 및 수장부분) | K7: 리노륨 | L7: ㎡ | M7: 43 | O7: =SUM(N7:N7)*M7*$O$2 -> 0 | P7: 4855 | Q7: =(P7*M7)*$Q$2 -> 174318.77 | S7: =R7*M7*$S$2 -> 0 | U7: =T7*M7*$U$2 -> 0 | V7: =SUM(O7+Q7)+S7+U7 -> 174318.77
A8: =F8&G8&H8&I8 -> D02558 | F8: D02558 | J8: 제 3호표 PVC계 바닥재 설치(바닥 깔기) | K8: 시트(부분접합 방식) | L8: ㎡ | M8: 43 | O8: =SUM(N8:N8)*M8*$O$2 -> 0 | P8: 4453 | Q8: =(P8*M8)*$Q$2 -> 159884.96 | S8: =R8*M8*$S$2 -> 0 | U8: =T8*M8*$U$2 -> 0 | V8: =SUM(O8+Q8)+S8+U8 -> 159884.96
A9: =F9&G9&H9&I9 -> D02830 | F9: D02830 | J9: 제 2호표 기존 건축물의 바탕만들기(재도장시) | K9: 철재면청소(휘발유사용) | L9: ㎡ | M9: 14 | O9: =SUM(N9:N9)*M9*$O$2 -> 0 | P9: 10426 | Q9: =(P9*M9)*$Q$2 -> 121879.94 | S9: =R9*M9*$S$2 -> 0 | U9: =T9*M9*$U$2 -> 0 | V9: =SUM(O9+Q9)+S9+U9 -> 121879.94
A10: =F10&G10&H10&I10 -> D02836 | F10: D02836 | J10: 제 1호표 유성페인트칠 롤러칠(석고보드면) | K10: 벽체 | L10: ㎡ | M10: 14 | N10: 611 | O10: =SUM(N10:N10)*M10*$O$2 -> 7142.59 | P10: 3735 | Q10: =(P10*M10)*$Q$2 -> 43662.15 | S10: =R10*M10*$S$2 -> 0 | U10: =T10*M10*$U$2 -> 0 | V10: =SUM(O10+Q10)+S10+U10 -> 50804.74
A11: =F11&G11&H11&I11 -> D02830 | F11: D02830 | J11: 제 2호표 기존 건축물의 바탕만들기(재도장시) | K11: 철재면청소(휘발유사용) | L11: ㎡ | M11: 2 | O11: =SUM(N11:N11)*M11*$O$2 -> 0 | P11: 10426 | Q11: =(P11*M11)*$Q$2 -> 17411.42 | S11: =R11*M11*$S$2 -> 0 | U11: =T11*M11*$U$2 -> 0 | V11: =SUM(O11+Q11)+S11+U11 -> 17411.42
A12: =F12&G12&H12&I12 -> D02835 | F12: D02835 | J12: 제 1호표 유성페인트칠 롤러칠(철재면) | K12: 벽체 | L12: ㎡ | M12: 2 | N12: 502 | O12: =SUM(N12:N12)*M12*$O$2 -> 838.34 | P12: 3073 | Q12: =(P12*M12)*$Q$2 -> 5131.91 | S12: =R12*M12*$S$2 -> 0 | U12: =T12*M12*$U$2 -> 0 | V12: =SUM(O12+Q12)+S12+U12 -> 5970.25
A13: =F13&G13&H13&I13 -> M012003400500101 | H13: M012003400500101 | J13: 진양륨펫트 72″ | K13: 주택용 바닥재 1.6T×1,830㎜ | L13: ㎡ | M13: 43 | N13: 15000 | O13: =SUM(N13:N13)*M13*$O$2 -> 538575 | Q13: =(P13*M13)*$Q$2 -> 0 | S13: =R13*M13*$S$2 -> 0 | U13: =T13*M13*$U$2 -> 0 | V13: =SUM(O13+Q13)+S13+U13 -> 538575
A14: =F14&G14&H14&I14 -> M010602702400101 | H14: M010602702400101 | J14: IPALG 조인트용 접착제(TB-100) | K14: 시트용 접착제, | L14: ㎏ | M14: 5 | N14: 15000 | O14: =SUM(N14:N14)*M14*$O$2 -> 62625 | Q14: =(P14*M14)*$Q$2 -> 0 | S14: =R14*M14*$S$2 -> 0 | U14: =T14*M14*$U$2 -> 0 | V14: =SUM(O14+Q14)+S14+U14 -> 62625
J15: ="시중가_"&K15&")" -> 시중가_합지벽지(LG하우시스 휘앙세)) | K15: 합지벽지(LG하우시스 휘앙세) | L15: ㎡ | M15: 136 | N15: 1300 | O15: =SUM(N15:N15)*M15*$O$2 -> 147628 | Q15: =(P15*M15)*$Q$2 -> 0 | S15: =R15*M15*$S$2 -> 0 | U15: =T15*M15*$U$2 -> 0 | V15: =SUM(O15+Q15)+S15+U15 -> 147628
J16: ="시중가_"&K16&"" -> 시중가_청소, 실내건축 일위대가 적용 | K16: 청소, 실내건축 일위대가 적용 | L16: ㎡ | M16: 40 | O16: =SUM(N16:N16)*M16*$O$2 -> 0 | P16: 7853 | Q16: =(P16*M16)*$Q$2 -> 262290.2 | S16: =R16*M16*$S$2 -> 0 | U16: =T16*M16*$U$2 -> 0 | V16: =SUM(O16+Q16)+S16+U16 -> 262290.2
A17: =F17&G17&H17&I17 | O17: =SUM(N17:N17)*M17*$O$2 -> 0 | Q17: =(P17*M17)*$Q$2 -> 0 | S17: =R17*M17*$S$2 -> 0 | U17: =T17*M17*$U$2 -> 0 | V17: =SUM(O17+Q17)+S17+U17 -> 0
O18: =SUM(O5:O17) -> 756808.93 | Q18: =SUM(Q5:Q17) -> 1636279.4 | S18: =SUM(S5:S17) -> 0 | U18: =SUM(U5:U17) -> 0 | V18: =SUM(V5:V17) -> 2393088.3

Sheet 상세내역
A1: 내 역 서
A2: 품 명 | B2: 규 격 | C2: 단위 | D2: 수 량 | E2: 재 료 비 | G2: 노 무 비 | I2: 기계경비 | K2: 기타경비(부자재비) | M2: 합 계 | O2: 비 고
E3: 단 가 | F3: 금 액 | G3: 단 가 | H3: 금 액 | K3: 단 가 | L3: 금 액 | M3: 단 가 | N3: 금 액
A4: 사택 9-106 수장공사
A5: 1.도배 | B5: 거실 벽면 | C5: ㎡ | D5: 40 | E5: 1086 | F5: =D5*E5 -> 43440 | G5: 5587 | H5: =D5*G5 -> 223480 | N5: =F5+H5+J5+L5 -> 266920 | O5: 광폭합지 벽지(LX하우시스, 휘앙세), 23년 11월 물가자료
B6: 거실 천정 | C6: ㎡
B7: 방A 벽면 | C7: ㎡ | D7: 32 | E7: 1086 | F7: =D7*E7 -> 34752 | G7: 5587 | H7: =D7*G7 -> 178784 | N7: =F7+H7+J7+L7 -> 213536
B8: 방A 천정 | C8: ㎡
B9: 방B 벽면 | C9: ㎡ | D9: 32 | E9: 1086 | F9: =D9*E9 -> 34752 | G9: 5587 | H9: =D9*G9 -> 178784 | N9: =F9+H9+J9+L9 -> 213536
B10: 방B 천정 | C10: ㎡
B11: 방C 벽면 | C11: ㎡ | D11: 32 | E11: 1086 | F11: =D11*E11 -> 34752 | G11: 5587 | H11: =D11*G11 -> 178784 | N11: =F11+H11+J11+L11 -> 213536
B12: 방C 천정 | C12: ㎡
B13: 벽지 떼어내기 50% 적용 | C13: ㎡ | D13: =SUM(D5:D12)*50% -> 68 | G13: 1351 | H13: =D13*G13 -> 91868 | N13: =F13+H13+J13+L13 -> 91868
A14: 소 계 | D14: =SUM(D5:D12) -> 136 | F14: =SUM(F5:F13) -> 147696 | H14: =SUM(H5:H13) -> 851700 | J14: =SUM(J5:J13) -> 0 | L14: =SUM(L5:L13) -> 0 | N14: =SUM(N5:N13) -> 999396
A15: 2.바닥재 | B15: 거실 바닥 철거 | C15: ㎡ | D15: 15 | G15: 4054 | H15: =D15*G15 -> 60810 | N15: =F15+H15+J15+L15 -> 60810 | O15: LX하우시스, 청맥 1.8T
B16: 방A 바닥 철거 | C16: ㎡ | D16: 8 | G16: 4054 | H16: =D16*G16 -> 32432 | N16: =F16+H16+J16+L16 -> 32432
B17: 방B 바닥 철거 | C17: ㎡ | D17: 8 | G17: 4054 | H17: =D17*G17 -> 32432 | N17: =F17+H17+J17+L17 -> 32432
B18: 방C 바닥 철거 | C18: ㎡ | D18: 12 | G18: 4054 | H18: =D18*G18 -> 48648 | N18: =F18+H18+J18+L18 -> 48648
B19: 접착제(부분접착) | C19: kg | D19: 5 | E19: 12525 | F19: =D19*E19 -> 62625 | N19: =F19+H19+J19+L19 -> 62625
B20: 거실 바닥 | C20: ㎡ | D20: 15 | E20: 12525 | F20: =D20*E20 -> 187875 | G20: 3718 | H20: =D20*G20 -> 55770 | N20: =F20+H20+J20+L20 -> 243645
B21: 방A 바닥 | C21: ㎡ | D21: 8 | E21: 12525 | F21: =D21*E21 -> 100200 | G21: 3718 | H21: =D21*G21 -> 29744 | N21: =F21+H21+J21+L21 -> 129944
B22: 방B 바닥 | C22: ㎡ | D22: 8 | E22: 12525 | F22: =D22*E22 -> 100200 | G22: 3718 | H22: =D22*G22 -> 29744 | N22: =F22+H22+J22+L22 -> 129944
B23: 방C 바닥 | C23: ㎡ | D23: 12 | E23: 12525 | F23: =D23*E23 -> 150300 | G23: 3718 | H23: =D23*G23 -> 44616 | N23: =F23+H23+J23+L23 -> 194916
A24: 소 계 | D24: =SUM(D20:D23) -> 43 | F24: =SUM(F15:F23) -> 601200 | H24: =SUM(H15:H23) -> 334196 | J24: =SUM(J15:J23) -> 0 | L24: =SUM(L15:L23) -> 0 | N24: =SUM(N15:N23) -> 935396
A25: 3.도장
A26: 베란다 수성페인트(전면) | B26: 석고보드면 바탕만들기(줄퍼티) | C26: ㎡
B27: 붓칠,내벽 | C27: ㎡
A28: 베란다 수성페인트(후면) | B28: 석고보드면 바탕만들기(줄퍼티) | C28: ㎡
B29: 붓칠,내벽 | C29: ㎡
A30: 내부(문,틀,몰딩,기타) | B30: 철재면 청소(휘발유사용) | C30: ㎡ | D30: 14 | F30: =D30*E30 -> 0 | G30: 8706 | H30: =D30*G30 -> 121884 | N30: =F30+H30+J30+L30 -> 121884
B31: 유성페인트 롤러칠(석고보드면) | C31: ㎡ | D31: 14 | E31: 510 | F31: =D31*E31 -> 7140 | G31: 3119 | H31: =D31*G31 -> 43666 | N31: =F31+H31+J31+L31 -> 50806
A32: 방화도어 내부 | B32: 철재면 청소(휘발유사용) | C32: ㎡ | D32: 2 | F32: =D32*E32 -> 0 | G32: 8706 | H32: =D32*G32 -> 17412 | N32: =F32+H32+J32+L32 -> 17412
B33: 유성페인트 롤러칠(철재면) | C33: ㎡ | D33: 2 | E33: 419 | F33: =D33*E33 -> 838 | G33: 2566 | H33: =D33*G33 -> 5132 | N33: =F33+H33+J33+L33 -> 5970
A34: 소 계 | F34: =SUM(F25:F33) -> 7978 | H34: =SUM(H25:H33) -> 188094 | J34: =SUM(J25:J33) -> 0 | L34: =SUM(L25:L33) -> 0 | N34: =SUM(N25:N33) -> 196072
A35: 4.청소 | B35: 준공청소(특별인부) | C35: ㎡ | D35: 40 | G35: 6557 | H35: =D35*G35 -> 262280 | N35: =F35+H35+J35+L35 -> 262280 | O35: 2023년 실내건축 일위대가
A36: 소 계 | H36: =SUM(H35:H35) -> 262280 | J36: =SUM(J35:J35) -> 0 | L36: =SUM(L35:L35) -> 0 | N36: =SUM(N35:N35) -> 262280
A37: 합 계 | F37: =F14+F24+F34+F36 -> 756874 | H37: =H14+H24+H34+H36 -> 1636270 | J37: =J14+J24+J34+J36 -> 0 | L37: =L14+L24+L34+L36 -> 0 | N37: =N14+N24+N34+N36 -> 2393144

Sheet 시중가 근거서류
A2: ■ 벽지 자재비 근거서류(999999)
A3: 코드 | B3: 품목 | C3: 규격 | D3: 단가(m2) | E3: 적용기준
A4: 999999 | B4: 벽지(LG 휘앙세) | C4: 장폭합지 | D4: 1300 | E4: 물가자료 2023.11

Sheet Upload
A1: 표준내역코드 | B1: 세부공종 | C1: 품명 | D1: 규격 | E1: 단위 | F1: 수량 | G1: 재료비단가 | H1: 재료비소계 | I1: 노무비단가 | J1: 노무비소계 | K1: 기계경비단가 | L1: 기계경비소계 | M1: 기타경비단가 | N1: 기타경비소계 | O1: 할증코드 | P1: 재료비할증율 | Q1: 노무비할증율 | R1: 할증내용
A2: 999999 | B2: 영선,건축 | C2: 합지벽지, 23년 11월 물가자료 | D2: LX하우시스, 휘앙세 93*17.75, M2당 | E2: ㎡ | F2: 136 | G2: 1086
A3: 999999 | B3: 영선,건축 | C3: 청소 | D3: 2023년 실내건축 일위대가 적용 | E3: ㎡ | F3: 40 | I3: 6557

Sheet Upload-rsss
A1: 구분 | B1: 표준단가 | C1: 표준품셈 | D1: 물가정보 | E1: 노임단가 | F1: 수량
A2: ='내역서(표준단가)'!A5 -> D02641 | B2: ='내역서(표준단가)'!F5 -> D02641 | C2: ='내역서(표준단가)'!G5 -> 0 | D2: ='내역서(표준단가)'!H5 -> 0 | E2: ='내역서(표준단가)'!I5 -> 0 | F2: ='내역서(표준단가)'!M5 -> 136
A3: ='내역서(표준단가)'!A6 -> D02873 | B3: ='내역서(표준단가)'!F6 -> D02873 | C3: ='내역서(표준단가)'!G6 -> 0 | D3: ='내역서(표준단가)'!H6 -> 0 | E3: ='내역서(표준단가)'!I6 -> 0 | F3: ='내역서(표준단가)'!M6 -> 68
A4: ='내역서(표준단가)'!A7 -> D02859 | B4: ='내역서(표준단가)'!F7 -> D02859 | C4: ='내역서(표준단가)'!G7 -> 0 | D4: ='내역서(표준단가)'!H7 -> 0 | E4: ='내역서(표준단가)'!I7 -> 0 | F4: ='내역서(표준단가)'!M7 -> 43
A5: ='내역서(표준단가)'!A8 -> D02558 | B5: ='내역서(표준단가)'!F8 -> D02558 | C5: ='내역서(표준단가)'!G8 -> 0 | D5: ='내역서(표준단가)'!H8 -> 0 | E5: ='내역서(표준단가)'!I8 -> 0 | F5: ='내역서(표준단가)'!M8 -> 43
A6: ='내역서(표준단가)'!A9 -> D02830 | B6: ='내역서(표준단가)'!F9 -> D02830 | C6: ='내역서(표준단가)'!G9 -> 0 | D6: ='내역서(표준단가)'!H9 -> 0 | E6: ='내역서(표준단가)'!I9 -> 0 | F6: ='내역서(표준단가)'!M9 -> 14
A7: ='내역서(표준단가)'!A10 -> D02836 | B7: ='내역서(표준단가)'!F10 -> D02836 | C7: ='내역서(표준단가)'!G10 -> 0 | D7: ='내역서(표준단가)'!H10 -> 0 | E7: ='내역서(표준단가)'!I10 -> 0 | F7: ='내역서(표준단가)'!M10 -> 14
A8: ='내역서(표준단가)'!A11 -> D02830 | B8: ='내역서(표준단가)'!F11 -> D02830 | C8: ='내역서(표준단가)'!G11 -> 0 | D8: ='내역서(표준단가)'!H11 -> 0 | E8: ='내역서(표준단가)'!I11 -> 0 | F8: ='내역서(표준단가)'!M11 -> 2
A9: ='내역서(표준단가)'!A12 -> D02835 | B9: ='내역서(표준단가)'!F12 -> D02835 | C9: ='내역서(표준단가)'!G12 -> 0 | D9: ='내역서(표준단가)'!H12 -> 0 | E9: ='내역서(표준단가)'!I12 -> 0 | F9: ='내역서(표준단가)'!M12 -> 2
A10: ='내역서(표준단가)'!A13 -> M012003400500101 | B10: ='내역서(표준단가)'!F13 -> 0 | C10: ='내역서(표준단가)'!G13 -> 0 | D10: ='내역서(표준단가)'!H13 -> M012003400500101 | E10: ='내역서(표준단가)'!I13 -> 0 | F10: ='내역서(표준단가)'!M13 -> 43
A11: ='내역서(표준단가)'!A14 -> M010602702400101 | B11: ='내역서(표준단가)'!F14 -> 0 | C11: ='내역서(표준단가)'!G14 -> 0 | D11: ='내역서(표준단가)'!H14 -> M010602702400101 | E11: ='내역서(표준단가)'!I14 -> 0 | F11: ='내역서(표준단가)'!M14 -> 5
