Workbook

Sheet 갑지
A2: 견 적 서
A5: 수신인 : 주식회사 에스엔아이 코퍼레이션 | F5: 등록번호 | G5: 314-86-35718
F6: 상 호 | G6: ㈜일성건축
A7: 공사명 : 사택 5-104 안방 외벽 단열작업 | F7: 대표 이사 | G7: 상 석 희
F8: 사업장 | G8: 대전 서구 도마6길 107 (도마동)
A9: 견적일 : 2026년 01월 19일 | F9: 업 태 | G9: 건설업
F10: 종 목 | G10: 실내건축,인테리어공사
F11: TEL, FAX | G11: 042)527-0995, 042)527-0996
A12: 금액: | B12: =NUMBERSTRING(F31,1) -> 팔십육만사천 | D12: 원정
A14: NO | B14: 품명 | C14: 규격 | D14: 수량 | E14: 단위 | F14: 금액 | G14: 비고
B15: 직접비
B16: 재료비 | F16: ='내역서(표준단가)'!O11 -> 130808.63
B17: 노무비 | F17: ='내역서(표준단가)'!Q11 -> 597813.24
B18: 기계/기타경비 | F18: ='내역서(표준단가)'!S11+'내역서(표준단가)'!U11 -> 0
B19: 소계 | F19: =F16+F17+F18 -> 728621.87
B20: 간접비
B21: 국민연금 | C21: 노무비*4.5% | D21: 1 | E21: 식 | F21: =F17*4.5% -> 26901.596 | G21: 모든공사에 적용
B22: 건강보험료 | C22: 노무비*3.545% | D22: 1 | E22: 식 | F22: =F17*3.545% -> 21192.479 | G22: 모든공사에 적용
B23: 장기요양보험료 | C23: 건강보험료*12.95% | D23: 1 | E23: 식 | F23: =F22*12.95% -> 2744.4261 | G23: 모든공사에 적용
B24: 고용보험료 | C24: 노무비*1.01% | D24: 1 | E24: 식 | F24: =F17*1.01% -> 6037.9137 | G24: 모든공사에 적용
B25: 산재보험료 | C25: 노무비*3.56% | D25: 1 | E25: 식 | F25: =F17*3.56% -> 21282.151 | G25: 모든공사에 적용
B26: 산업안전보건관리비 | C26: (재료비+노무비)*3.11% | D26: 1 | E26: 식 | F26: =(F16+F17)*3.11% -> 22660.14 | G26: 모든공사에 적용
B27: 일반관리비/이윤 | C27: (노무비+간접공사비)*5% | D27: 1 | E27: 식 | F27: =SUM(F17+F21+F22+F23+F24+F25+F26)*5% -> 34931.597
B28: 소계 | F28: =F21+F22+F23+F24+F25+F26+F27 -> 135750.3
F30: =F19+F28+F29 -> 864372.17
B31: 합계(단수조정) | F31: =ROUNDDOWN(F30,-3) -> 864000
B32: VAT별도

Sheet 내역서(표준단가)
O1: ▼낙찰율 | Q1: ▼낙찰율 | S1: ▼낙찰율 | U1: ▼낙찰율
O2: 0.835 | Q2: 0.835 | S2: 0.835 | U2: 0.835
F3: ▶ 표준 Code(표준단가/품셈/물정/노임) 순서별 입력(Upload 자동반영) | J3: 주요내역 | L3: 단위 | M3: 수량 | N3: 재료비 | P3: 노무비 | R3: 기계경비 | T3: 기타경비(부자재비) | V3: 합계 | W3: 노무비 할증 | X3: 할증기준
E4: 합계 | F4: 표준단가 D | G4: 표준품셈 E | H4: 물가정보 M | I4: 노임단가 L | J4: 품목 | K4: 규격 | N4: 품셈/표단 | O4: 금액 | P4: 단가 | Q4: 금액 | R4: 단가 | S4: 금액 | T4: 단가 | U4: 금액
E5: =F5&G5&H5&I5 -> L003 | I5: L003 | J5: 현장정리, 가구이동 및 폐기물 처리 포함 | K5: 시중노임단가, 특별인부 | L5: 인 | M5: 0.8 | O5: =SUM(N5:N5)*M5*$O$2 -> 0 | P5: 219321 | Q5: =(P5*M5)*$Q$2 -> 146506.43 | S5: =R5*M5*$S$2 -> 0 | U5: =T5*M5*$U$2 -> 0 | V5: =SUM(O5+Q5)+S5+U5 -> 146506.43
E6: =F6&G6&H6&I6 -> M020750510120102 | H6: M020750510120102 | J6: 에너폴(태화론 TW-06, 6㎜×1M×50M단면-점착 대체) 4.0M*H:2.4=9.6 | K6: 900 X 1800X40, 3호(비중0.020) | L6: 매 | M6: 10 | N6: 6400 | O6: =SUM(N6:N6)*M6*$O$2 -> 53440 | Q6: =(P6*M6)*$Q$2 -> 0 | S6: =R6*M6*$S$2 -> 0 | U6: =T6*M6*$U$2 -> 0 | V6: =SUM(O6+Q6)+S6+U6 -> 53440
E7: =F7&G7&H7&I7 -> M020750510130102 | H7: M020750510130102 | J7: 에너폴(이보드, 1000*1000*13T, 대체) 4.0M*H:2.4=9.6 | K7: 900 X 1800X50, 3호(비중0.020) | L7: 매 | M7: 10 | N7: 8000 | O7: =SUM(N7:N7)*M7*$O$2 -> 66800 | Q7: =(P7*M7)*$Q$2 -> 0 | S7: =R7*M7*$S$2 -> 0 | U7: =T7*M7*$U$2 -> 0 | V7: =SUM(O7+Q7)+S7+U7 -> 66800
E8: =F8&G8&H8&I8 -> E00000803066520103 | G8: E00000803066520103 | J8: 석고판 설치(나사 고정) | K8: 바탕용(2겹) (일일시공량30㎡),시공총량20/일당30=0.666 | L8: (일당) | M8: 0.666 | O8: =SUM(N8:N8)*M8*$O$2 -> 0 | P8: 652621 | Q8: =(P8*M8)*$Q$2 -> 362929.06 | S8: =R8*M8*$S$2 -> 0 | U8: =T8*M8*$U$2 -> 0 | V8: =SUM(O8+Q8)+S8+U8 -> 362929.06
E9: =F9&G9&H9&I9 -> M020853710050101 | H9: M020853710050101 | J9: 아이리스 | K9: 합지벽지 1R/L=93㎝(고정)×17.75m=16.51㎡, 소요량10/16.51=0.6056R/L | L9: R/L | M9: 0.6056 | N9: 20900 | O9: =SUM(N9:N9)*M9*$S$2 -> 10568.628 | Q9: =(P9*M9)*$U$2 -> 0 | S9: =R9*M9*$W$2 -> 0 | U9: =T9*M9*$Y$2 -> 0 | V9: =SUM(O9+Q9)+S9+U9 -> 10568.628
E10: =F10&G10&H10&I10 -> E00000803071260301 | G10: E00000803071260301 | J10: 도배 교체(벽) | K10: 일당 시공량-벽 46㎡, 적산정보 500p 참조,시공총량10/일당46=0.2173 | L10: (일당) | M10: 0.2173 | O10: =SUM(N10:N10)*M10*$S$2 -> 0 | P10: 487076 | Q10: =(P10*M10)*$U$2 -> 88377.748 | S10: =R10*M10*$W$2 -> 0 | U10: =T10*M10*$Y$2 -> 0 | V10: =SUM(O10+Q10)+S10+U10 -> 88377.748
O11: =SUM(O5:O10) -> 130808.63 | Q11: =SUM(Q5:Q10) -> 597813.24 | S11: =SUM(S5:S10) -> 0 | U11: =SUM(U5:U10) -> 0 | V11: =SUM(V5:V10) -> 728621.87

Sheet Upload
A1: 구분 | B1: 표준단가 | C1: 표준품셈 | D1: 물가정보 | E1: 노임단가 | F1: 수량
A2: ='내역서(표준단가)'!E5 -> L003 | B2: ='내역서(표준단가)'!F5 -> 0 | C2: ='내역서(표준단가)'!G5 -> 0 | D2: ='내역서(표준단가)'!H5 -> 0 | E2: ='내역서(표준단가)'!I5 -> L003 | F2: ='내역서(표준단가)'!M5 -> 0.8
A3: ='내역서(표준단가)'!E6 -> M020750510120102 | B3: ='내역서(표준단가)'!F6 -> 0 | C3: ='내역서(표준단가)'!G6 -> 0 | D3: ='내역서(표준단가)'!H6 -> M020750510120102 | E3: ='내역서(표준단가)'!I6 -> 0 | F3: ='내역서(표준단가)'!M6 -> 10
A4: ='내역서(표준단가)'!E7 -> M020750510130102 | B4: ='내역서(표준단가)'!F7 -> 0 | C4: ='내역서(표준단가)'!G7 -> 0 | D4: ='내역서(표준단가)'!H7 -> M020750510130102 | E4: ='내역서(표준단가)'!I7 -> 0 | F4: ='내역서(표준단가)'!M7 -> 10
A5: ='내역서(표준단가)'!E8 -> E00000803066520103 | B5: ='내역서(표준단가)'!F8 -> 0 | C5: ='내역서(표준단가)'!G8 -> E00000803066520103 | D5: ='내역서(표준단가)'!H8 -> 0 | E5: ='내역서(표준단가)'!I8 -> 0 | F5: ='내역서(표준단가)'!M8 -> 0.666
A6: ='내역서(표준단가)'!E9 -> M020853710050101 | B6: ='내역서(표준단가)'!F9 -> 0 | C6: ='내역서(표준단가)'!G9 -> 0 | D6: ='내역서(표준단가)'!H9 -> M020853710050101 | E6: ='내역서(표준단가)'!I9 -> 0 | F6: ='내역서(표준단가)'!M9 -> 0.6056
A7: ='내역서(표준단가)'!E10 -> E00000803071260301 | B7: ='내역서(표준단가)'!F10 -> 0 | C7: ='내역서(표준단가)'!G10 -> E00000803071260301 | D7: ='내역서(표준단가)'!H10 -> 0 | E7: ='내역서(표준단가)'!I10 -> 0 | F7: ='내역서(표준단가)'!M10 -> 0.2173
