Workbook
Name 가입기간: #REF!
Name 가입기간: #REF!
Name 가입기간1: #REF!
Name 가입기간1: #REF!
Name 계좌: #REF!
Name 계좌: #REF!
Name 계좌1: #REF!
Name 계좌1: #REF!
Name 고객담당자: #REF!
Name 고객담당자: #REF!
Name 고객담당자1: #REF!
Name 고객담당자1: #REF!
Name 기간기준: #REF!
Name 기간기준: #REF!
Name 납부방법: [5]상품계산기!$J$46:$K$47
Name 맴버쉽상품5: #REF!
Name 맴버쉽상품5: #REF!
Name 멤버쉽대분류: #REF!
Name 멤버쉽대분류: #REF!
Name 멤버쉽대분류: #REF!
Name 멤버쉽상품: #REF!
Name 멤버쉽상품: #REF!
Name 멤버쉽상품1: #REF!
Name 멤버쉽상품1: #REF!
Name 멤버쉽상품3: #REF!
Name 멤버쉽상품3: #REF!
Name 멤버쉽상품4: #REF!
Name 멤버쉽상품4: #REF!
Name 설치기간: #REF!
Name 설치기간: #REF!
Name 설치기간1: #REF!
Name 설치기간1: #REF!
Name 세척1: #REF!
Name 세척1: #REF!
Name 세척2: #REF!
Name 세척2: #REF!
Name 세척2: #REF!
Name 세척3: #REF!
Name 세척3: #REF!
Name 세척4: #REF!
Name 세척4: #REF!
Name 연락처5: [5]상품계산기!$F$96:$T$107
Name 월간할인율: #REF!
Name 월간할인율: #REF!

Sheet PR당사안
A3: 見 積 書
A4: 수 신: LG에너지솔루션
B5: 대전 업무지원팀 / 김규환님 귀하
A7: 견 적 일 자 | D7: 2025 | E7: 년 | F7: 10 | G7: 월 | H7: 24 | I7: 일 | K7: 공 급 자 | L7: 등록번호 | M7: 707-86-02-404 | N7: 전 화 | O7: 02-6924-5539
A8: 견 적 담 당 | D8: 이종근 | H8: 파트너 | L8: 상 호 | M8: ㈜에스앤아이코퍼레이션 | N8: 대 표 | O8: 서 현
A9: 견적유효기간 | D9: 견적 제출 후 30일 까지 | L9: 주 소 | M9: 서울특별시 강서구 마곡중앙로150
A10: 납 기 | D10: 발주 후 개별 협의 | L10: 업 태 | M10: 부동산, 서비스 | N10: 종 목 | O10: 임대 및 관리
B13: 사택 5동 경비실 천장형 EHP 수리 | N13: 견적을 제출 합니다
B15: ="견 적 금 액 : 一金"&NUMBERSTRING(M32,1) & "원정""(\"& TEXT(M32,"#,###")&"원) [VAT 별도]" -> 견 적 금 액 : 一金구십사만칠천구백오십사원정"(\947,954원) [VAT 별도]
A17: NO | B17: 구 분 | H17: 수량 | I17: 단위 | J17: 금 액 | N17: 비 고
A18: 1 | B18: 재료비 | H18: 1 | I18: 식 | J18: =IFERROR(LOOKUP(2, 1/(TRIM('내역서(표준단가)'!O4:O100)<>""), '내역서(표준단가)'!O4:O100), "-") -> 719091
A19: 2 | B19: 노무비 | H19: 1 | I19: 식 | J19: =IFERROR(LOOKUP(2, 1/(TRIM('내역서(표준단가)'!Q4:Q100)<>""), '내역서(표준단가)'!Q4:Q100), "-") -> 162727
A20: 3 | B20: 경 비 | H20: 1 | I20: 식 | J20: =IFERROR(SUM(J21:M29),"-") -> 48699.594
C21: 기계 및 기타경비 | H21: 1 | I21: 식 | J21: =IFERROR(LOOKUP(2, 1/(TRIM('내역서(표준단가)'!S4:S100)<>""), '내역서(표준단가)'!S4:S100) + LOOKUP(2, 1/(TRIM('내역서(표준단가)'!U4:U100)<>""), '내역서(표준단가)'!U4:U100), "-") -> - | N21: 중장비 사용 등
C22: 안전관리비 | H22: 3.11 | I22: % | J22: =IFERROR((J18+J19)*H22%,"-") -> 27424.54 | N22: (재료비+노무비)*3.11%
C23: 산재 보험료 | H23: 3.56 | I23: % | J23: =IFERROR(J19*H23%,"-") -> 5793.0812 | N23: 노무비*3.56%
C24: 고용보험료 | H24: 1.01 | I24: % | J24: =IFERROR(J19*H24%,"-") -> 1643.5427 | N24: 노무비*1.01%
C25: 국민건강 보험료 | H25: 3.545 | I25: % | J25: =IFERROR(J19*H25%,"-") -> 5768.6722 | N25: 노무비*3.545%
C26: 국민연금 보험료 | H26: 4.5 | I26: % | J26: =IFERROR(J19*H26%,"-") -> 7322.715 | N26: 노무비*4.5%
C27: 노인장기요양 보험료 | H27: 12.95 | I27: % | J27: =IFERROR($H$27*J25%,"-") -> 747.04304 | N27: 건강보험료*12.95%
C28: 하도급대금지급보증증권 | H28: 0.081 | I28: % | J28: =IFERROR(IF(SUM(J21:J27,J18:J19)>=10000000,SUM(J21:J27,J18:J19)*H28%,"-"),"-") -> - | N28: 1천만원 이상 공사시 적용
C29: 폐기물처리 부담금 | H29: 1 | I29: 식 | J29: =34*0 -> 0 | N29: 폐기물발생 시 적용 (kg당 34원)
A30: 4 | C30: 일반관리비 | H30: 5 | I30: % | J30: =IFERROR(IF(ISNUMBER(H30), SUM(J18:M20) * (H30 / 100), "-"), "-") -> 46525.88 | N30: (재료비 + 노무비 + 경비)*5%
A31: 5 | C31: 이 윤 | H31: 7.5 | I31: % | J31: =IFERROR(SUM(J18:M20, J30) * (H31 / 100), "-")+-102367 -> -29088.739 | N31: (재료비+노무비+경비+일반관리비)*7.5%
A32: 공사금액 | M32: =IFERROR(ROUNDDOWN(SUM(J18:M20)+J30+J31,0),"-") -> 947954
A33: *유첨 : 견적서 내역서 1부 ─ 끝 ─

Sheet 내역서(표준단가)
J1: ■ 상세 내역
J2: 품 명 | K2: 규 격 | L2: 단 위 | M2: 수 량 | N2: 재 료 비 | P2: 노 무 비 | R2: 합 계 | S2: 비 고
N3: 단 가 | O3: 금 액 | P3: 단 가 | Q3: 금 액
J4: =#REF! -> #REF!
J5: =을지!B19 -> 실외기 PCB | K5: AAA77170102 | L5: 대 | M5: 1 | N5: =을지!D19 -> 572727 | O5: =N5*M5 -> 572727 | P5: 0 | Q5: =M5*P5 -> 0 | R5: =O5+Q5 -> 572727
J6: =을지!B20 -> 실외기 모터 | K6: 5231A30003B | L6: 대 | M6: 1 | N6: =을지!D20 -> 146364 | O6: =N6*M6 -> 146364 | P6: 0 | Q6: =M6*P6 -> 0 | R6: =O6+Q6 -> 146364
J7: =을지!B21 -> 공임비 | K7: AAA77170101 | L7: 대 | M7: 1 | N7: =을지!D24/1.1 -> 0 | O7: =N7*M7 -> 0 | P7: =을지!D21 -> 162727 | Q7: =M7*P7 -> 162727 | R7: =O7+Q7 -> 162727
J11: 합계 | O11: =SUM(O4:O10) -> 719091 | Q11: =SUM(Q4:Q10) -> 162727 | R11: =O11+Q11 -> 881818

Sheet 갑지 수리
A2: 見 積 書
A4: 엘지화학사택 貴中 | G4: 등록번호 | H4: 106-86-40809
A5: 견적일자 | C5: 45954 | G5: 상호 | H5: 하이엠솔루텍 주식회사 | K5: 대표자 | L5: 유 광 열
A6: 계 약 명 | C6: 5동 경비실 냉난방기 보수 | G6: 사업장 주소 | H6: 서울 강서구 마곡중앙5로 18, 10, 11층
A7: 유효기간 | C7: 작성일로 부터 30일
A8: 견적금액 (VAT별도) | C8: =H31 -> 881818 | G8: 업태 | H8: 서비스 외 | K8: 종목 | L8: 전기,전자기기수리,에어컨세척
G9: 전화 | H9: 010-7206-1096 | K9: 팩스 | L9: 042-486-4116
A11: 아래와 같이 전열소자 에어세척 및 고효율필터 교체에 대한 상세내역을 제출합니다.
A13: Ⅰ. 견적내역
A14: 구 분 | B14: 항 목 | E14: 구 성 비 | H14: 금 액 (원) | K14: 비 고
A15: 재료비 | B15: 직접재료비 | E15: 시중가 | H15: =[6]을지!F11 -> 719091
B16: 간접재료비 | H16: 0
B17: 소 계 | H17: =SUM(H15:J16) -> 719091
A18: 인건비 | B18: 직접노무비 | E18: 계약단가 + 시중가 | H18: =[6]을지!H11 -> 162727
B19: 간접노무비 | H19: 0
B20: 소 계 | H20: =SUM(H18:J19) -> 162727
A21: 간 접 공사비 | B21: 안전관리비 | E21: (재료비+직접노무비)의 3.09%
B22: 산재보험료 | E22: 인건비의 4.05%
B23: 고용보험료 | E23: 인건비의 0.87%
B24: 국민건강보험료 | E24: 인건비의 3.12%
B25: 국민연금보험료 | E25: 인건비의 4.5%
B26: 노인장기요양보험료 | E26: 건강보험료의 7.38%
B27: 소 계 | H27: =SUM(H21:J26) -> 0
A28: 일반관리비 | E28: (재료비+인건비+간접공사비)의 5%
A29: 이 윤 | E29: (인건비+간접공사비+일반관리비)의 10%이내
A30: 단수정리
A31: 합 계 | F31: =H31 -> 881818 | H31: =H17+H20+H27+H28+H30+H29 -> 881818 | K31: VAT별도
A33: 특이사항
A34: 1. 견적 외 별도 2. VAT 별도금액 3. SVC 비용 단수정리 불가
A37: 고객담당자 : | C37: 권용주 프로 | E37: 연락처 : | F37: 010-7206-1096 | K37: Fax : | L37: 042-486-4116

Sheet 을지
A1: 견 적 서
A5: LG 사택 어린이집 귀하 | E5: 106-86-40809
A6: 견적일자 | B6: 45954 | E6: 하이엠솔루텍주식회사
A7: S V C명 | B7: =#REF! -> #REF! | D7: 서울 강서구 마곡중앙5로 18, 10, 11층
A8: 수리일자 | B8: 협의 | D8: (메이플레이스빌딩)
A9: 지불조건 | B9: 카드/계산서 | D9: TEL. 010-3806-6919
A10: 합계금액 | B10: =G34 -> 881818 | D10: FAX. 042-486-4116
D11: FAX. 042-486-4116 | E11: 대표이사 : 유 광 열
A13: 하기와 같이 견적을 제출합니다.
A15: 견 적 내 용
G16: ※(VAT 별도)
A17: 구분 | B17: 품명 | C17: 규격 | D17: 단가 | E17: 단위 | F17: 수량 | G17: 금액
B18: (DESCRIPTION) | C18: (상 세 구 분) | F18: (Q/T) | G18: (TOTALPRICE)
A19: 1 | B19: 실외기 PCB | C19: EBR61481801 | D19: 572727 | E19: EA | F19: 1 | G19: =F19*D19 -> 572727 | H19: =G19/1.1 -> 520660.91 | I19: 572727
A20: 2 | B20: 실외기 모터 | C20: 4681A20172L | D20: 146364 | E20: EA | F20: 1 | G20: =F20*D20 -> 146364 | H20: =G20/1.1 -> 133058.18 | I20: 146364
A21: 3 | B21: 공임비 | C21: 공임 | D21: 162727 | E21: 식 | F21: 1 | G21: =F21*D21 -> 162727 | H21: =G21/1.1 -> 147933.64 | I21: 162727
G22: =F22*D22 -> 0 | H22: =G22/1.1 -> 0 | I22: =SUM(I19:I21) -> 881818
G23: =F23*D23 -> 0 | H23: =G23/1.1 -> 0 | I23: =I22*1.1 -> 969999.8
G24: =F24*D24 -> 0 | H24: =G24/1.1 -> 0
G25: =F25*D25 -> 0 | H25: =G25/1.1 -> 0
H32: =H33*1.1 -> 2332000
H33: 2120000
A34: 합계 | G34: =SUM(G19:G33) -> 881818 | H34: =G34*1.1 -> 969999.8
A35: 비 고
A37: 1. VAT 포함
A38: 2. 견적 외 사항 제외
A39: 3. 유효기간 : 견적일로 부터 15일
A40: 4. 담 당 자 : 권용주 프로 (010-7206-1096)
A41: 5. 사 무 실 : FAX (042-486-4116)
A42: 6. 입금계좌 : 우리은행 1005-501-085730 하이엠솔루텍주식회사
