Workbook

Sheet 갑지
A2: 견 적 서
A5: 수신인 : 주식회사 에스엔아이 코퍼레이션 | F5: 등록번호 | G5: 314-86-35718
F6: 상 호 | G6: ㈜일성건축
A7: 공사명 : 기숙사 B동 10층 1001호 옆 테라스 타일교체 | F7: 대표 이사 | G7: 상 석 희
F8: 사업장 | G8: 대전 서구 도마6길 107 (도마동)
A9: 견적일 : 2025년 06월 25일 | F9: 업 태 | G9: 건설업
F10: 종 목 | G10: 실내건축,인테리어공사
F11: TEL, FAX | G11: 042)527-0995, 042)527-0996
A12: 금액: | B12: =NUMBERSTRING(F31,1) -> 사백사십삼만사천 | D12: 원정
A14: NO | B14: 품명 | C14: 규격 | D14: 수량 | E14: 단위 | F14: 금액 | G14: 비고
B15: 직접비
B16: 재료비 | F16: ='내역서(표준단가)'!O22 -> 1590257.5
B17: 노무비 | F17: ='내역서(표준단가)'!Q22 -> 2288768.9
B18: 기계/기타경비 | F18: ='내역서(표준단가)'!S22+'내역서(표준단가)'!U22 -> 0
B19: 소계 | F19: =F16+F17+F18 -> 3879026.4
B20: 간접비
B21: 국민연금 | C21: 노무비*4.5% | D21: 1 | E21: 식 | F21: =F17*4.5% -> 102994.6 | G21: 모든공사에 적용
B22: 건강보험료 | C22: 노무비*3.545% | D22: 1 | E22: 식 | F22: =F17*3.545% -> 81136.859 | G22: 모든공사에 적용
B23: 장기요양보험료 | C23: 건강보험료*12.95% | D23: 1 | E23: 식 | F23: =F22*12.95% -> 10507.223 | G23: 모든공사에 적용
B24: 고용보험료 | C24: 노무비*1.01% | D24: 1 | E24: 식 | F24: =F17*1.01% -> 23116.566 | G24: 모든공사에 적용
B25: 산재보험료 | C25: 노무비*3.56% | D25: 1 | E25: 식 | F25: =F17*3.56% -> 81480.174 | G25: 모든공사에 적용
B26: 산업안전보건관리비 | C26: (재료비+노무비)*3.11% | D26: 1 | E26: 식 | F26: =(F16+F17)*3.11% -> 120637.72 | G26: 모든공사에 적용
B27: 일반관리비/이윤 | C27: (노무비+간접공사비)*5% | D27: 1 | E27: 식 | F27: =SUM(F17+F21+F22+F23+F24+F25+F26)*5% -> 135432.1
B28: 소계 | F28: =F21+F22+F23+F24+F25+F26+F27 -> 555305.25
F30: =F19+F28+F29 -> 4434331.7
B31: 합계(단수조정) | F31: =ROUNDDOWN(F30,-3) -> 4434000
B32: VAT별도

Sheet 내역서(표준단가)
O1: ▼낙찰율 | Q1: ▼낙찰율 | S1: ▼낙찰율 | U1: ▼낙찰율
O2: 0.835 | Q2: 0.835 | S2: 0.835 | U2: 0.835
F3: ▶ 표준 Code(표준단가/품셈/물정/노임) 순서별 입력(Upload 자동반영) | J3: 주요내역 | L3: 단위 | M3: 수량 | N3: 재료비 | P3: 노무비 | R3: 기계경비 | T3: 기타경비(부자재비) | V3: 합계 | W3: 노무비 할증 | X3: 할증기준
A4: 합계 | F4: 표준단가 D | G4: 표준품셈 E | H4: 물가정보 M | I4: 노임단가 L | J4: 품목 | K4: 규격 | N4: 품셈/표단 | O4: 금액 | P4: 단가 | Q4: 금액 | R4: 단가 | S4: 금액 | T4: 단가 | U4: 금액
A5: =F5&G5&H5&I5 -> E00000801011510102 | G5: E00000801011510102 | J5: 건축물보양 | K5: 보양지 붙이기 | L5: (보양면적 ㎡ 당) | M5: 40 | O5: =SUM(N5:N5)*M5*$O$2 -> 0 | P5: 1655 | Q5: =M5*P5*$Q$2 -> 55277 | S5: =R5*M5*$S$2 -> 0 | U5: =T5*M5*$U$2 -> 0 | V5: =SUM(O5+Q5)+S5+U5 -> 55277
A6: =F6&G6&H6&I6 -> E00000801011510201 | G6: E00000801011510201 | J6: 건출물 현장정리 | K6: 철근콘크리트조·철골·철근콘크리트조 | L6: (연면적 ㎡ 당) | M6: 20 | O6: =SUM(N6:N6)*M6*$O$2 -> 0 | P6: 21520 | Q6: =M6*P6*$Q$2 -> 359384 | S6: =R6*M6*$S$2 -> 0 | U6: =T6*M6*$U$2 -> 0 | V6: =SUM(O6+Q6)+S6+U6 -> 359384
A7: =F7&G7&H7&I7 -> E00000803071250901 | G7: E00000803071250901 | J7: 타일 해체 | K7: 떠붙이기 | L7: (㎡ 당) | M7: 33 | O7: =SUM(N7:N7)*M7*$O$2 -> 0 | P7: 14123 | Q7: =M7*P7*$Q$2 -> 389159.26 | S7: =R7*M7*$S$2 -> 0 | U7: =T7*M7*$U$2 -> 0 | V7: =SUM(O7+Q7)+S7+U7 -> 389159.26
A8: =F8&G8&H8&I8 -> E00000803073010101 | G8: E00000803073010101 | J8: 바탕처리 | K8: 보통 - 바닥 | L8: (㎡ 당) | M8: 33 | O8: =SUM(N8:N8)*M8*$O$2 -> 0 | P8: 8363 | Q8: =M8*P8*$Q$2 -> 230442.46 | S8: =R8*M8*$S$2 -> 0 | U8: =T8*M8*$U$2 -> 0 | V8: =SUM(O8+Q8)+S8+U8 -> 230442.46
A9: =F9&G9&H9&I9 -> E00000803021040201 | G9: E00000803021040201 | J9: 압착붙이기 - 바닥면 | K9: 0.04~0.10㎡이하 | L9: (㎡당) | M9: 33 | O9: =SUM(N9:N9)*M9*$O$2 -> 0 | P9: 38765 | Q9: =M9*P9*$Q$2 -> 1068169.6 | S9: =R9*M9*$S$2 -> 0 | U9: =T9*M9*$U$2 -> 0 | V9: =SUM(O9+Q9)+S9+U9 -> 1068169.6
A10: =F10&G10&H10&I10 -> E00000803021120201 | G10: E00000803021120201 | J10: 타일줄눈 설치 - 바닥면 | K10: 타일규격 0.04~0.1㎡이하 | L10: (㎡ 당) | M10: 33 | O10: =SUM(N10:N10)*M10*$O$2 -> 0 | P10: 3125 | Q10: =M10*P10*$Q$2 -> 86109.375 | S10: =R10*M10*$S$2 -> 0 | U10: =T10*M10*$U$2 -> 0 | V10: =SUM(O10+Q10)+S10+U10 -> 86109.375
A11: =F11&G11&H11&I11 -> E00000803051260301 | G11: E00000803051260301 | J11: 코킹 | K11: 코킹(11.5*2)+(2.9*2)28.8m | L11: (10m 당) | M11: 2.88 | O11: =SUM(N11:N11)*M11*$O$2 -> 0 | P11: 41678 | Q11: =M11*P11*$Q$2 -> 100227.25 | S11: =R11*M11*$S$2 -> 0 | U11: =T11*M11*$U$2 -> 0 | V11: =SUM(O11+Q11)+S11+U11 -> 100227.25
A12: =F12&G12&H12&I12 -> M020170910170101 | H12: M020170910170101 | J12: TS석재타일, (11.5m*2.9m)=33.35, 손실율 5% 적용, 33.35*105%=35 | K12: 테라스톤타일, 200×200×18㎜ | L12: ㎡ | M12: 35 | N12: 35000 | O12: =SUM(N12:N12)*M12*$O$2 -> 1022875 | Q12: =M12*P12 -> 0 | S12: =R12*M12*$S$2 -> 0 | U12: =T12*M12*$U$2 -> 0 | V12: =SUM(O12+Q12)+S12+U12 -> 1022875
A13: =F13&G13&H13&I13 -> M010550114370101 | H13: M010550114370101 | J13: REMIBOND, 소포장 | K13: 바탕고름용, 대리석 바탕고름, 붙임용 | L13: 40㎏/포 | M13: 5 | N13: 5600 | O13: =SUM(N13:N13)*M13*$O$2 -> 23380 | Q13: =M13*P13 -> 0 | S13: =R13*M13*$S$2 -> 0 | U13: =T13*M13*$U$2 -> 0 | V13: =SUM(O13+Q13)+S13+U13 -> 23380
A14: =F14&G14&H14&I14 -> M010550114050101 | H14: M010550114050101 | J14: REMIFLOW | K14: REMIFLOW FS100, 일반 바닥미장용 | L14: 40㎏/포 | M14: 35 | N14: 6500 | O14: =SUM(N14:N14)*M14*$O$2 -> 189962.5 | Q14: =M14*P14 -> 0 | S14: =R14*M14*$S$2 -> 0 | U14: =T14*M14*$U$2 -> 0 | V14: =SUM(O14+Q14)+S14+U14 -> 189962.5
A15: =F15&G15&H15&I15 -> M010551213750101 | H15: M010551213750101 | J15: 쌍곰 압착시멘트 | K15: 압착용&#160;회색&#160;(25㎏, 20㎏)&#160; | L15: 포 | M15: 7 | N15: 6000 | O15: =SUM(N15:N15)*M15*$O$2 -> 35070 | Q15: =M15*P15 -> 0 | S15: =R15*M15*$S$2 -> 0 | U15: =T15*M15*$U$2 -> 0 | V15: =SUM(O15+Q15)+S15+U15 -> 35070
A16: =F16&G16&H16&I16 -> M010551213790101 | H16: M010551213790101 | J16: 쌍곰 탄성줄눈 | K16: 내장줄눈전용칼라 탄성 줄눈(백색,14가지 주문색상)(20㎏) | L16: 포 | M16: 2 | N16: 11000 | O16: =SUM(N16:N16)*M16*$O$2 -> 18370 | Q16: =M16*P16 -> 0 | S16: =R16*M16*$S$2 -> 0 | U16: =T16*M16*$U$2 -> 0 | V16: =SUM(O16+Q16)+S16+U16 -> 18370
A17: =F17&G17&H17&I17 -> M020251411760101 | H17: M020251411760101 | J17: 다우실 MS 704 | K17: 1액형 변성 실리콘, 크랙 보수용, 비오염성, 방수씰링 | L17: 270㎖ | M17: 12 | N17: 5000 | O17: =SUM(N17:N17)*M17*$O$2 -> 50100 | Q17: =M17*P17 -> 0 | S17: =R17*M17*$S$2 -> 0 | U17: =T17*M17*$U$2 -> 0 | V17: =SUM(O17+Q17)+S17+U17 -> 50100
A18: =F18&G18&H18&I18 -> L003 | I18: L003 | J18: 벽 파손부위 미장 양생후 도장, 자재비 포함 | K18: 특별인부 2일 작업*1인 | L18: 인 | M18: 2 | O18: =SUM(N18:N18)*M18*$O$2 -> 0 | Q18: =M18*P18 -> 0 | S18: =R18*M18*$S$2 -> 0 | U18: =T18*M18*$U$2 -> 0 | V18: =SUM(O18+Q18)+S18+U18 -> 0 | X18: 건축 긴급 보수 인원으로 전환
A19: =F19&G19&H19&I19 -> L003 | I19: L003 | J19: 시중노임단가, 자재 및 폐기물운반 1→10층 | K19: 특별인부 3일 작업*2인 | L19: 인 | M19: 6 | O19: =SUM(N19:N19)*M19*$O$2 -> 0 | Q19: =M19*P19 -> 0 | S19: =R19*M19*$S$2 -> 0 | U19: =T19*M19*$U$2 -> 0 | V19: =SUM(O19+Q19)+S19+U19 -> 0 | X19: 건축 긴급 보수 인원으로 전환
A20: =F20&G20&H20&I20 -> M020806810430101 | H20: M020806810430101 | J20: 산업폐기물처리비=폐타일외 | K20: STEEL CONCORE PANEL 기준, (소운반비별도), 적용 | L20: TON | M20: 2 | N20: 150000 | O20: =SUM(N20:N20)*M20*$O$2 -> 250500 | Q20: =M20*P20 -> 0 | S20: =R20*M20*$S$2 -> 0 | U20: =T20*M20*$U$2 -> 0 | V20: =SUM(O20+Q20)+S20+U20 -> 250500
A21: =F21&G21&H21&I21 | O21: =SUM(N21:N21)*M21*$O$2 -> 0 | Q21: =M21*P21 -> 0 | S21: =R21*M21*$S$2 -> 0 | U21: =T21*M21*$U$2 -> 0 | V21: =SUM(O21+Q21)+S21+U21 -> 0
O22: =SUM(O5:O21) -> 1590257.5 | Q22: =SUM(Q5:Q21) -> 2288768.9 | S22: =SUM(S5:S21) -> 0 | U22: =SUM(U5:U21) -> 0 | V22: =SUM(V5:V21) -> 3879026.4
K23: 1. 타일교체 산출근거
K24: (11.5m*2.9m)=33.35㎡
K25: 33.35㎡*105%(손실율 5%)=35㎡
K26: 2.특별인부-사택 긴급 보수작업으로 전환 노무비 처리예정
K27: 2-1.테라스 벽 파손부위 미장 양생후 도장 노무비, 자재비 포함
K28: 2-2.자재 및 폐기물운반 1→10층 노무비

Sheet Upload
A1: 구분 | B1: 표준단가 | C1: 표준품셈 | D1: 물가정보 | E1: 노임단가 | F1: 수량
A2: ='내역서(표준단가)'!A5 -> E00000801011510102 | C2: ='내역서(표준단가)'!G5 -> E00000801011510102 | D2: ='내역서(표준단가)'!H5 -> 0 | E2: ='내역서(표준단가)'!I5 -> 0 | F2: ='내역서(표준단가)'!M5 -> 40
A3: ='내역서(표준단가)'!A6 -> E00000801011510201 | C3: ='내역서(표준단가)'!G6 -> E00000801011510201 | D3: ='내역서(표준단가)'!H6 -> 0 | E3: ='내역서(표준단가)'!I6 -> 0 | F3: ='내역서(표준단가)'!M6 -> 20
A4: ='내역서(표준단가)'!A7 -> E00000803071250901 | C4: ='내역서(표준단가)'!G7 -> E00000803071250901 | D4: ='내역서(표준단가)'!H7 -> 0 | E4: ='내역서(표준단가)'!I7 -> 0 | F4: ='내역서(표준단가)'!M7 -> 33
A5: ='내역서(표준단가)'!A8 -> E00000803073010101 | C5: ='내역서(표준단가)'!G8 -> E00000803073010101 | D5: ='내역서(표준단가)'!H8 -> 0 | E5: ='내역서(표준단가)'!I8 -> 0 | F5: ='내역서(표준단가)'!M8 -> 33
A6: ='내역서(표준단가)'!A9 -> E00000803021040201 | C6: ='내역서(표준단가)'!G9 -> E00000803021040201 | D6: ='내역서(표준단가)'!H9 -> 0 | E6: ='내역서(표준단가)'!I9 -> 0 | F6: ='내역서(표준단가)'!M9 -> 33
A7: ='내역서(표준단가)'!A10 -> E00000803021120201 | C7: ='내역서(표준단가)'!G10 -> E00000803021120201 | D7: ='내역서(표준단가)'!H10 -> 0 | E7: ='내역서(표준단가)'!I10 -> 0 | F7: ='내역서(표준단가)'!M10 -> 33
A8: ='내역서(표준단가)'!A11 -> E00000803051260301 | C8: ='내역서(표준단가)'!G11 -> E00000803051260301 | D8: ='내역서(표준단가)'!H11 -> 0 | E8: ='내역서(표준단가)'!I11 -> 0 | F8: ='내역서(표준단가)'!M11 -> 2.88
A9: ='내역서(표준단가)'!A12 -> M020170910170101 | C9: ='내역서(표준단가)'!G12 -> 0 | D9: ='내역서(표준단가)'!H12 -> M020170910170101 | E9: ='내역서(표준단가)'!I12 -> 0 | F9: ='내역서(표준단가)'!M12 -> 35
A10: ='내역서(표준단가)'!A13 -> M010550114370101 | C10: ='내역서(표준단가)'!G13 -> 0 | D10: ='내역서(표준단가)'!H13 -> M010550114370101 | E10: ='내역서(표준단가)'!I13 -> 0 | F10: ='내역서(표준단가)'!M13 -> 5
A11: ='내역서(표준단가)'!A14 -> M010550114050101 | C11: ='내역서(표준단가)'!G14 -> 0 | D11: ='내역서(표준단가)'!H14 -> M010550114050101 | E11: ='내역서(표준단가)'!I14 -> 0 | F11: ='내역서(표준단가)'!M14 -> 35
A12: ='내역서(표준단가)'!A15 -> M010551213750101 | C12: ='내역서(표준단가)'!G15 -> 0 | D12: ='내역서(표준단가)'!H15 -> M010551213750101 | E12: ='내역서(표준단가)'!I15 -> 0 | F12: ='내역서(표준단가)'!M15 -> 7
A13: ='내역서(표준단가)'!A16 -> M010551213790101 | C13: ='내역서(표준단가)'!G16 -> 0 | D13: ='내역서(표준단가)'!H16 -> M010551213790101 | E13: ='내역서(표준단가)'!I16 -> 0 | F13: ='내역서(표준단가)'!M16 -> 2
A14: ='내역서(표준단가)'!A17 -> M020251411760101 | C14: ='내역서(표준단가)'!G17 -> 0 | D14: ='내역서(표준단가)'!H17 -> M020251411760101 | E14: ='내역서(표준단가)'!I17 -> 0 | F14: ='내역서(표준단가)'!M17 -> 12
A15: ='내역서(표준단가)'!A20 -> M020806810430101 | C15: ='내역서(표준단가)'!G20 -> 0 | D15: ='내역서(표준단가)'!H20 -> M020806810430101 | E15: ='내역서(표준단가)'!I20 -> 0 | F15: ='내역서(표준단가)'!M20 -> 2
