Workbook
Name _: #REF!
Name ___A52762: #REF!
Name ___A82761: #REF!
Name __A52762: #REF!
Name __A82761: #REF!
Name __HW66000: #REF!
Name __jak10: #N/A
Name __jak11: #N/A
Name __jak12: #N/A
Name __jak13: #N/A
Name __jak2: #N/A
Name __jak3: #N/A
Name __jak4: #N/A
Name __jak5: #N/A
Name __jak6: #N/A
Name __jak7: #N/A
Name __jak9: #N/A
Name __PB1: #REF!
Name __PB2: #REF!
Name __PB3: #REF!
Name _\D: [3]조건표!$P$4
Name _\X: [3]조건표!$P$4:$U$4
Name _0: [4]직재!#REF!
Name _1: #N/A
Name _1.전기공사: #REF!
Name _10_3_0Criteria: #REF!
Name _15A: [5]가격조사서!$D$4:$D$11
Name _15G_0Extr: #REF!
Name _1차_94년: #N/A
Name _2: [6]J直材4!$F$5:$G$5
Name _20G_0Extract: #REF!
Name _21단: #REF!
Name _2차결제일: #N/A
Name _3: #N/A
Name _4: #N/A
Name _5: '[7]설직재-1'!#REF!
Name _5_3_0Crite: #REF!
Name _6: '[8]C-직노1'!#REF!
Name _7: '[7]설직재-1'!#REF!
Name _A16800: #REF!
Name _A20000: [9]전계가!#REF!
Name _A52762: #REF!
Name _A82761: #REF!
Name _B1: #REF!
Name _B22: [10]일위대가!$1400:$1413=[10]일위대가!$A$1400
Name _C: #REF!
Name _CVC2: #N/A
Name _DAN1: [11]단가산출1!$1:$24
Name _DAN10: [11]단가산출1!$217:$240
Name _DAN100: #REF!
Name _DAN101: #REF!
Name _DAN102: #REF!
Name _DAN103: #REF!
Name _DAN104: #REF!
Name _DAN105: #REF!
Name _DAN106: #REF!
Name _DAN107: #REF!
Name _DAN108: #REF!
Name _DAN109: #REF!
Name _DAN11: [11]단가산출1!$241:$264

Sheet 갑지(엑셀)
A2: 견 적 서
A5: 수신인: | B5: ㈜S&I CORP
G6: 서울특별시 관악구 쑥고개로75, 7층
A7: 공사명: | B7: LG사원아파트 CCTV 보수 공사 | G7: (청룡동,광장빌딩) (우 : 08785)
G8: TEL:02-872-0766, FAX:02-872-0767
A9: 견적일: 2025년 07월 03일 | G9: 이유솔루션 주식회사
A10: . | G10: 대표이사 장 지 호
A12: 금액: | B12: =NUMBERSTRING(F31,1) -> 일백칠십육만팔천 | D12: 원정
A14: NO | B14: 품명 | C14: 규격 | D14: 수량 | E14: 단위 | F14: 금액 | G14: 비고
B15: 직접비
B16: 재료비 | F16: ='내역서(엑셀)'!G17 -> 709518
B17: 노무비 | F17: ='내역서(엑셀)'!I17 -> 863147.93
B18: 기계/기타경비
B19: 소계 | F19: =F16+F17+F18 -> 1572665.9
B20: 간접비
B21: 국민연금 | C21: 노무비*4.5% | D21: 1 | E21: 식 | F21: =F17*4.5% -> 38841.657 | G21: 모든공사에 적용
B22: 건강보험료 | C22: 노무비*3.545% | D22: 1 | E22: 식 | F22: =F17*3.545% -> 30598.594 | G22: 모든공사에 적용
B23: 장기요양보험료 | C23: 건강보험료*12.95% | D23: 1 | E23: 식 | F23: =F22*12.95% -> 3962.5179 | G23: 모든공사에 적용
B24: 고용보험료 | C24: 노무비*1.01% | D24: 1 | E24: 식 | F24: =F17*1.01% -> 8717.7941 | G24: 모든공사에 적용
B25: 산재보험료 | C25: 노무비*3.56% | D25: 1 | E25: 식 | F25: =F17*3.56% -> 30728.066 | G25: 모든공사에 적용
B26: 산업안전보건관리비 | C26: (재료비+노무비)*2.07% | D26: 1 | E26: 식 | F26: =(F16+F17)*2.07% -> 32554.185 | G26: 모든공사에 적용
B27: 일반관리비/이윤 | C27: (노무비+간접공사비)*5% | D27: 1 | E27: 식 | F27: =SUM(F17+F21+F22+F23+F24+F25+F26)*5% -> 50427.537
B28: 소계 | F28: =F21+F22+F23+F24+F25+F26+F27 -> 195830.35
F30: =F19+F28+F29 -> 1768496.3
B31: 합계(단수조정) | F31: =ROUNDDOWN(F30,-3) -> 1768000
B32: VAT별도

Sheet 내역서(엑셀)
G1: ▼낙찰율 | I1: ▼낙찰율 | K1: ▼낙찰율 | M1: ▼낙찰율
G2: 0.76 | I2: 0.29 | K2: 0.709 | M2: 0.879
A3: 표준 Code | B3: 주요내역 | D3: 단위 | E3: 수량 | F3: 재료비 | H3: 노무비 | J3: 기계경비 | L3: 기타경비(부자재비) | N3: 합계 | O3: 비고
B4: 품목 | C4: 규격 | F4: 단가 | G4: 금액 | H4: 단가 | I4: 금액 | J4: 단가 | K4: 금액 | L4: 단가 | M4: 금액 | O4: 할증율(%) | P4: 기준
A5: 999999 | B5: UTP케이블 포설 | C5: CAT6(LS) | D5: m | E5: 90 | F5: 519 | G5: =F5*E5 -> 46710 | H5: =IFERROR(VLOOKUP(A5,#REF!,19,FALSE),"") | N5: =SUM(G5+I5)+K5+M5 -> 46710 | O5: 1
A6: 999999 | B6: RJ45 JACK 접속 | C6: CAT6 | D6: EA | E6: 2 | F6: 1404 | G6: =F6*E6 -> 2808 | N6: =SUM(G6+I6)+K6+M6 -> 2808 | O6: 1
A7: 999999 | B7: BOX CCTV | C7: HNH-231V5I | D7: EA | E7: 1 | F7: 660000 | G7: =F7*E7 -> 660000 | N7: =SUM(G7+I7)+K7+M7 -> 660000 | O7: 1
A8: E10316005001001001 | B8: 제 1호표 꼬임 케이블 포설 | C8: UTP, STP, FTP(구내) 4Pr | D8: 10m | E8: 9 | G8: =F8*E8 -> 0 | H8: 61136.25 | I8: =(H8*E8*O8)*$I$2 -> 159565.61 | N8: =SUM(G8+I8)+K8+M8 -> 159565.61 | O8: 1
A9: E10316005001001001 | B9: 제 1호표 꼬임 케이블 포설 | C9: UTP, STP, FTP(구내) 4Pr | D9: 10m | E9: =E5*0.1 -> 9 | G9: =F9*E9 -> 0 | H9: 61136.25 | I9: =(H9*E9*O9)*$I$2 -> 79782.806 | N9: =SUM(G9+I9)+K9+M9 -> 79782.806 | O9: 0.5 | P9: 기존 케이블 철거
A10: E10316005002001006 | B10: 제 6호표 꼬임 케이블(커넥터 및 Jack 접속) | C10: Modular(RJ45-8Pin Plug) | D10: 10ea | E10: =E6*0.1 -> 0.2 | H10: 44773 | I10: =(H10*E10*O10)*$I$2 -> 2596.834 | N10: =SUM(G10+I10)+K10+M10 -> 2596.834 | O10: 1
A11: E10410040001001001 | B11: 제 1호표 CCTV 시스템 촬상부(카메라설치) | C11: 일반형 | D11: 대 | E11: =E7 -> 1 | G11: =F11*E11 -> 0 | H11: 221569 | I11: =(H11*E11*O11)*$I$2 -> 64255.01 | N11: =SUM(G11+I11)+K11+M11 -> 64255.01 | O11: 1
A12: E10410040001014001 | B12: 제 1호표 CCTV System 시험(종합시험) | C12: - | D12: CH 또는 Set | E12: 1 | G12: =F12*E12 -> 0 | H12: 275563 | I12: =(H12*E12*O12)*$I$2 -> 79913.27 | N12: =SUM(G12+I12)+K12+M12 -> 79913.27 | O12: 1
A13: E10316005003008001 | B13: 제 1호표 꼬임 케이블(회선시험) | C13: - | D13: Port(또는 4P) | E13: =E7 -> 1 | G13: =F13*E13 -> 0 | H13: 25234.49 | I13: =(H13*E13*O13)*$I$2 -> 7318.0021 | N13: =SUM(G13+I13)+K13+M13 -> 7318.0021 | O13: 1
A14: E10313002001009001 | B14: 제 1호표 CCTV 시스템(시험) | C14: 송수신 제어신호 및 영상 Level 조정 | D14: Set | E14: 1 | G14: =F14*E14 -> 0 | H14: 342522.05 | I14: =(H14*E14*O14)*$I$2 -> 99331.394 | N14: =SUM(G14+I14)+K14+M14 -> 99331.394 | O14: 1
A15: L002 | B15: 사다리 보조자 | C15: 보통인부 | D15: 인 | E15: 1 | G15: =E15*F15*$G$2 -> 0 | H15: 161858 | I15: =(H15*E15*O15) -> 161858 | N15: =SUM(G15+I15)+K15+M15 -> 161858 | O15: 1
A16: L003 | B16: 안전관찰자 | C16: 특별인부 | D16: 인 | E16: 1 | G16: =E16*F16*$G$2 -> 0 | H16: 208527 | I16: =(H16*E16*O16) -> 208527 | N16: =SUM(G16+I16)+K16+M16 -> 208527 | O16: 1
G17: =SUM(G5:G16) -> 709518 | I17: =SUM(I5:I16) -> 863147.93 | K17: =SUM(K5:K15) -> 0 | M17: =SUM(M5:M15) -> 0 | N17: =SUM(N5:N16) -> 1572665.9

Sheet Upload
A1: 구분 | B1: 표준단가 | C1: 표준품셈 | D1: 물가정보 | E1: 노임단가 | F1: 수량
A2: ='Upload(참조)'!Q2 | B2: ='Upload(참조)'!R2 -> 999999 | C2: ='Upload(참조)'!S2 -> 999999 | D2: ='Upload(참조)'!T2 -> 999999 | E2: ='Upload(참조)'!U2 -> 999999 | F2: ='Upload(참조)'!V2 -> 90
A3: ='Upload(참조)'!Q3 | B3: ='Upload(참조)'!R3 -> 999999 | C3: ='Upload(참조)'!S3 -> 999999 | D3: ='Upload(참조)'!T3 -> 999999 | E3: ='Upload(참조)'!U3 -> 999999 | F3: ='Upload(참조)'!V3 -> 2
A4: ='Upload(참조)'!Q4 | B4: ='Upload(참조)'!R4 -> 999999 | C4: ='Upload(참조)'!S4 -> 999999 | D4: ='Upload(참조)'!T4 -> 999999 | E4: ='Upload(참조)'!U4 -> 999999 | F4: ='Upload(참조)'!V4 -> 1
A5: ='Upload(참조)'!Q5 -> E10316005001001001 | B5: ='Upload(참조)'!R5 | C5: ='Upload(참조)'!S5 -> E10316005001001001 | D5: ='Upload(참조)'!T5 | E5: ='Upload(참조)'!U5 | F5: ='Upload(참조)'!V5 -> 9
A6: ='Upload(참조)'!Q6 -> E10316005001001001 | B6: ='Upload(참조)'!R6 | C6: ='Upload(참조)'!S6 -> E10316005001001001 | D6: ='Upload(참조)'!T6 | E6: ='Upload(참조)'!U6 | F6: ='Upload(참조)'!V6 -> 9
A7: ='Upload(참조)'!Q7 -> E10316005002001006 | B7: ='Upload(참조)'!R7 | C7: ='Upload(참조)'!S7 -> E10316005002001006 | D7: ='Upload(참조)'!T7 | E7: ='Upload(참조)'!U7 | F7: ='Upload(참조)'!V7 -> 0.2
A8: ='Upload(참조)'!Q8 -> E10410040001001001 | B8: ='Upload(참조)'!R8 | C8: ='Upload(참조)'!S8 -> E10410040001001001 | D8: ='Upload(참조)'!T8 | E8: ='Upload(참조)'!U8 | F8: ='Upload(참조)'!V8 -> 1
A9: ='Upload(참조)'!Q9 -> E10410040001014001 | B9: ='Upload(참조)'!R9 | C9: ='Upload(참조)'!S9 -> E10410040001014001 | D9: ='Upload(참조)'!T9 | E9: ='Upload(참조)'!U9 | F9: ='Upload(참조)'!V9 -> 1
A10: ='Upload(참조)'!Q10 -> E10316005003008001 | B10: ='Upload(참조)'!R10 | C10: ='Upload(참조)'!S10 -> E10316005003008001 | D10: ='Upload(참조)'!T10 | E10: ='Upload(참조)'!U10 | F10: ='Upload(참조)'!V10 -> 1
A11: ='Upload(참조)'!Q11 -> E10313002001009001 | B11: ='Upload(참조)'!R11 | C11: ='Upload(참조)'!S11 -> E10313002001009001 | D11: ='Upload(참조)'!T11 | E11: ='Upload(참조)'!U11 | F11: ='Upload(참조)'!V11 -> 1
A12: ='Upload(참조)'!Q12 -> L002 | B12: ='Upload(참조)'!R12 | C12: ='Upload(참조)'!S12 | D12: ='Upload(참조)'!T12 | E12: ='Upload(참조)'!U12 -> L002 | F12: ='Upload(참조)'!V12 -> 1
A13: ='Upload(참조)'!Q13 -> L003 | B13: ='Upload(참조)'!R13 | C13: ='Upload(참조)'!S13 | D13: ='Upload(참조)'!T13 | E13: ='Upload(참조)'!U13 -> L003 | F13: ='Upload(참조)'!V13 -> 1
... A956: ='Upload(참조)'!Q956 | B956: ='Upload(참조)'!R956 | C956: ='Upload(참조)'!S956 | D956: ='Upload(참조)'!T956 | E956: ='Upload(참조)'!U956 | F956: ='Upload(참조)'!V956 -> 0

Sheet Upload시중별도입력
A1: 표준내역코드 | B1: 세부공종 | C1: 품명 | D1: 규격 | E1: 단위 | F1: 수량 | G1: 재료비단가 | H1: 재료비소계 | I1: 노무비단가 | J1: 노무비소계 | K1: 기계경비단가 | L1: 기계경비소계 | M1: 기타경비단가 | N1: 기타경비소계 | O1: 할증코드 | P1: 재료비할증율 | Q1: 노무비할증율 | R1: 할증내용
A2: 999999 | B2: 통신 | C2: UTP케이블 포설 | D2: CAT6(LS) | E2: m | F2: 90 | G2: 519 | H2: =G2*F2 -> 46710
A3: 999999 | B3: 통신 | C3: RJ45 JACK 접속 | D3: CAT6 | E3: EA | F3: 2 | G3: 1404 | H3: =G3*F3 -> 2808
A4: 999999 | B4: 통신 | C4: BOX CCTV | D4: HNH-231V5I | E4: EA | F4: 1 | G4: 660000 | H4: =G4*F4 -> 660000

Sheet 작성 Guide
B2: ※ 견적작성 Guide
B4: ① 표준단가 코드(D Code), 품셈(E Code), 물정(M Code), 노임단가(L Code)입력기준 품명/규격/단가 입력(1열 입력)
B5: ② 내역 기준 표준단가 낙찰율/ 할증기준 반영
B6: ③ 시중가는 999999로 입력(업로드 파일 제외됨)
B7: ④ 업로드 파일 검토(오류시 Upload검토 순번 재정렬)☞ 숨기기 되어 있음
B8: ④ 담당자 제출 후 시중가/할증 별도 입력 요청

Sheet Upload(참조)
A1: 구분 | B1: 표준단가 | C1: 표준품셈 | D1: 물가정보 | E1: 노임단가 | F1: 수량 | I1: 예가내역서 코드 | J1: 코드구분 | L1: 표준단가 | M1: 표준품셈 | N1: 물가정보 | O1: 노임단가 | Q1: 최종구분 | R1: 표준단가 | S1: 표준품셈 | T1: 물가정보 | U1: 노임단가 | V1: 수량 | W1: 표준단가 | X1: 표준품셈 | Y1: *(공란) | Z1: ><(텍스트) | AA1: <>(수식모두)
I2: =IF('내역서(엑셀)'!A5<>"",'내역서(엑셀)'!A5,"") -> 999999 | J2: =LEFT(I2,1) -> 9 | L2: =IF(OR(J2="E",J2="L",J2="M"),"",I2) -> 999999 | M2: =IF(OR(J2="D",J2="L",J2="M"),"",I2) -> 999999 | N2: =IF(OR(J2="D",J2="E",J2="L"),"",I2) -> 999999 | O2: =IF(OR(J2="D",J2="E",J2="M"),"",I2) -> 999999 | Q2: =IF(Z2=0,"",IF(Z2=1,R2&S2&T2&U2,"E99999")) | R2: =IF(L2="","",L2) -> 999999 | S2: =IF(M2="","",M2) -> 999999 | T2: =IF(W2=1,"",N2) -> 999999 | U2: =IF(OR(W2=1,X2=1),"",O2) -> 999999 | V2: ='내역서(엑셀)'!E5 -> 90 | W2: =COUNTIFS(R2,"><") -> 0 | X2: =COUNTIFS(S2,"><") -> 0 | Y2: =COUNTIFS(R2:U2,"*") -> 0 | Z2: =COUNTIFS(R2:U2,"><") -> 0 | AA2: =COUNTIFS(R2:U2,"<>") -> 4
I3: =IF('내역서(엑셀)'!A6<>"",'내역서(엑셀)'!A6,"") -> 999999 | J3: =LEFT(I3,1) -> 9 | L3: =IF(OR(J3="E",J3="L",J3="M"),"",I3) -> 999999 | M3: =IF(OR(J3="D",J3="L",J3="M"),"",I3) -> 999999 | N3: =IF(OR(J3="D",J3="E",J3="L"),"",I3) -> 999999 | O3: =IF(OR(J3="D",J3="E",J3="M"),"",I3) -> 999999 | Q3: =IF(Z3=0,"",IF(Z3=1,R3&S3&T3&U3,"E99999")) | R3: =IF(L3="","",L3) -> 999999 | S3: =IF(M3="","",M3) -> 999999 | T3: =IF(W3=1,"",N3) -> 999999 | U3: =IF(OR(W3=1,X3=1),"",O3) -> 999999 | V3: ='내역서(엑셀)'!E6 -> 2 | W3: =COUNTIFS(R3,"><") -> 0 | X3: =COUNTIFS(S3,"><") -> 0 | Y3: =COUNTIFS(R3:U3,"*") -> 0 | Z3: =COUNTIFS(R3:U3,"><") -> 0 | AA3: =COUNTIFS(R3:U3,"<>") -> 4
I4: =IF('내역서(엑셀)'!A7<>"",'내역서(엑셀)'!A7,"") -> 999999 | J4: =LEFT(I4,1) -> 9 | L4: =IF(OR(J4="E",J4="L",J4="M"),"",I4) -> 999999 | M4: =IF(OR(J4="D",J4="L",J4="M"),"",I4) -> 999999 | N4: =IF(OR(J4="D",J4="E",J4="L"),"",I4) -> 999999 | O4: =IF(OR(J4="D",J4="E",J4="M"),"",I4) -> 999999 | Q4: =IF(Z4=0,"",IF(Z4=1,R4&S4&T4&U4,"E99999")) | R4: =IF(L4="","",L4) -> 999999 | S4: =IF(M4="","",M4) -> 999999 | T4: =IF(W4=1,"",N4) -> 999999 | U4: =IF(OR(W4=1,X4=1),"",O4) -> 999999 | V4: ='내역서(엑셀)'!E7 -> 1 | W4: =COUNTIFS(R4,"><") -> 0 | X4: =COUNTIFS(S4,"><") -> 0 | Y4: =COUNTIFS(R4:U4,"*") -> 0 | Z4: =COUNTIFS(R4:U4,"><") -> 0 | AA4: =COUNTIFS(R4:U4,"<>") -> 4
I5: =IF('내역서(엑셀)'!A8<>"",'내역서(엑셀)'!A8,"") -> E10316005001001001 | J5: =LEFT(I5,1) -> E | L5: =IF(OR(J5="E",J5="L",J5="M"),"",I5) | M5: =IF(OR(J5="D",J5="L",J5="M"),"",I5) -> E10316005001001001 | N5: =IF(OR(J5="D",J5="E",J5="L"),"",I5) | O5: =IF(OR(J5="D",J5="E",J5="M"),"",I5) | Q5: =IF(Z5=0,"",IF(Z5=1,R5&S5&T5&U5,"E99999")) -> E10316005001001001 | R5: =IF(L5="","",L5) | S5: =IF(M5="","",M5) -> E10316005001001001 | T5: =IF(W5=1,"",N5) | U5: =IF(OR(W5=1,X5=1),"",O5) | V5: ='내역서(엑셀)'!E8 -> 9 | W5: =COUNTIFS(R5,"><") -> 0 | X5: =COUNTIFS(S5,"><") -> 1 | Y5: =COUNTIFS(R5:U5,"*") -> 4 | Z5: =COUNTIFS(R5:U5,"><") -> 1 | AA5: =COUNTIFS(R5:U5,"<>") -> 4
I6: =IF('내역서(엑셀)'!A9<>"",'내역서(엑셀)'!A9,"") -> E10316005001001001 | J6: =LEFT(I6,1) -> E | L6: =IF(OR(J6="E",J6="L",J6="M"),"",I6) | M6: =IF(OR(J6="D",J6="L",J6="M"),"",I6) -> E10316005001001001 | N6: =IF(OR(J6="D",J6="E",J6="L"),"",I6) | O6: =IF(OR(J6="D",J6="E",J6="M"),"",I6) | Q6: =IF(Z6=0,"",IF(Z6=1,R6&S6&T6&U6,"E99999")) -> E10316005001001001 | R6: =IF(L6="","",L6) | S6: =IF(M6="","",M6) -> E10316005001001001 | T6: =IF(W6=1,"",N6) | U6: =IF(OR(W6=1,X6=1),"",O6) | V6: ='내역서(엑셀)'!E9 -> 9 | W6: =COUNTIFS(R6,"><") -> 0 | X6: =COUNTIFS(S6,"><") -> 1 | Y6: =COUNTIFS(R6:U6,"*") -> 4 | Z6: =COUNTIFS(R6:U6,"><") -> 1 | AA6: =COUNTIFS(R6:U6,"<>") -> 4
I7: =IF('내역서(엑셀)'!A10<>"",'내역서(엑셀)'!A10,"") -> E10316005002001006 | J7: =LEFT(I7,1) -> E | L7: =IF(OR(J7="E",J7="L",J7="M"),"",I7) | M7: =IF(OR(J7="D",J7="L",J7="M"),"",I7) -> E10316005002001006 | N7: =IF(OR(J7="D",J7="E",J7="L"),"",I7) | O7: =IF(OR(J7="D",J7="E",J7="M"),"",I7) | Q7: =IF(Z7=0,"",IF(Z7=1,R7&S7&T7&U7,"E99999")) -> E10316005002001006 | R7: =IF(L7="","",L7) | S7: =IF(M7="","",M7) -> E10316005002001006 | T7: =IF(W7=1,"",N7) | U7: =IF(OR(W7=1,X7=1),"",O7) | V7: ='내역서(엑셀)'!E10 -> 0.2 | W7: =COUNTIFS(R7,"><") -> 0 | X7: =COUNTIFS(S7,"><") -> 1 | Y7: =COUNTIFS(R7:U7,"*") -> 4 | Z7: =COUNTIFS(R7:U7,"><") -> 1 | AA7: =COUNTIFS(R7:U7,"<>") -> 4
I8: =IF('내역서(엑셀)'!A11<>"",'내역서(엑셀)'!A11,"") -> E10410040001001001 | J8: =LEFT(I8,1) -> E | L8: =IF(OR(J8="E",J8="L",J8="M"),"",I8) | M8: =IF(OR(J8="D",J8="L",J8="M"),"",I8) -> E10410040001001001 | N8: =IF(OR(J8="D",J8="E",J8="L"),"",I8) | O8: =IF(OR(J8="D",J8="E",J8="M"),"",I8) | Q8: =IF(Z8=0,"",IF(Z8=1,R8&S8&T8&U8,"E99999")) -> E10410040001001001 | R8: =IF(L8="","",L8) | S8: =IF(M8="","",M8) -> E10410040001001001 | T8: =IF(W8=1,"",N8) | U8: =IF(OR(W8=1,X8=1),"",O8) | V8: ='내역서(엑셀)'!E11 -> 1 | W8: =COUNTIFS(R8,"><") -> 0 | X8: =COUNTIFS(S8,"><") -> 1 | Y8: =COUNTIFS(R8:U8,"*") -> 4 | Z8: =COUNTIFS(R8:U8,"><") -> 1 | AA8: =COUNTIFS(R8:U8,"<>") -> 4
I9: =IF('내역서(엑셀)'!A12<>"",'내역서(엑셀)'!A12,"") -> E10410040001014001 | J9: =LEFT(I9,1) -> E | L9: =IF(OR(J9="E",J9="L",J9="M"),"",I9) | M9: =IF(OR(J9="D",J9="L",J9="M"),"",I9) -> E10410040001014001 | N9: =IF(OR(J9="D",J9="E",J9="L"),"",I9) | O9: =IF(OR(J9="D",J9="E",J9="M"),"",I9) | Q9: =IF(Z9=0,"",IF(Z9=1,R9&S9&T9&U9,"E99999")) -> E10410040001014001 | R9: =IF(L9="","",L9) | S9: =IF(M9="","",M9) -> E10410040001014001 | T9: =IF(W9=1,"",N9) | U9: =IF(OR(W9=1,X9=1),"",O9) | V9: ='내역서(엑셀)'!E12 -> 1 | W9: =COUNTIFS(R9,"><") -> 0 | X9: =COUNTIFS(S9,"><") -> 1 | Y9: =COUNTIFS(R9:U9,"*") -> 4 | Z9: =COUNTIFS(R9:U9,"><") -> 1 | AA9: =COUNTIFS(R9:U9,"<>") -> 4
I10: =IF('내역서(엑셀)'!A13<>"",'내역서(엑셀)'!A13,"") -> E10316005003008001 | J10: =LEFT(I10,1) -> E | L10: =IF(OR(J10="E",J10="L",J10="M"),"",I10) | M10: =IF(OR(J10="D",J10="L",J10="M"),"",I10) -> E10316005003008001 | N10: =IF(OR(J10="D",J10="E",J10="L"),"",I10) | O10: =IF(OR(J10="D",J10="E",J10="M"),"",I10) | Q10: =IF(Z10=0,"",IF(Z10=1,R10&S10&T10&U10,"E99999")) -> E10316005003008001 | R10: =IF(L10="","",L10) | S10: =IF(M10="","",M10) -> E10316005003008001 | T10: =IF(W10=1,"",N10) | U10: =IF(OR(W10=1,X10=1),"",O10) | V10: ='내역서(엑셀)'!E13 -> 1 | W10: =COUNTIFS(R10,"><") -> 0 | X10: =COUNTIFS(S10,"><") -> 1 | Y10: =COUNTIFS(R10:U10,"*") -> 4 | Z10: =COUNTIFS(R10:U10,"><") -> 1 | AA10: =COUNTIFS(R10:U10,"<>") -> 4
I11: =IF('내역서(엑셀)'!A14<>"",'내역서(엑셀)'!A14,"") -> E10313002001009001 | J11: =LEFT(I11,1) -> E | L11: =IF(OR(J11="E",J11="L",J11="M"),"",I11) | M11: =IF(OR(J11="D",J11="L",J11="M"),"",I11) -> E10313002001009001 | N11: =IF(OR(J11="D",J11="E",J11="L"),"",I11) | O11: =IF(OR(J11="D",J11="E",J11="M"),"",I11) | Q11: =IF(Z11=0,"",IF(Z11=1,R11&S11&T11&U11,"E99999")) -> E10313002001009001 | R11: =IF(L11="","",L11) | S11: =IF(M11="","",M11) -> E10313002001009001 | T11: =IF(W11=1,"",N11) | U11: =IF(OR(W11=1,X11=1),"",O11) | V11: ='내역서(엑셀)'!E14 -> 1 | W11: =COUNTIFS(R11,"><") -> 0 | X11: =COUNTIFS(S11,"><") -> 1 | Y11: =COUNTIFS(R11:U11,"*") -> 4 | Z11: =COUNTIFS(R11:U11,"><") -> 1 | AA11: =COUNTIFS(R11:U11,"<>") -> 4
I12: =IF('내역서(엑셀)'!A15<>"",'내역서(엑셀)'!A15,"") -> L002 | J12: =LEFT(I12,1) -> L | L12: =IF(OR(J12="E",J12="L",J12="M"),"",I12) | M12: =IF(OR(J12="D",J12="L",J12="M"),"",I12) | N12: =IF(OR(J12="D",J12="E",J12="L"),"",I12) | O12: =IF(OR(J12="D",J12="E",J12="M"),"",I12) -> L002 | Q12: =IF(Z12=0,"",IF(Z12=1,R12&S12&T12&U12,"E99999")) -> L002 | R12: =IF(L12="","",L12) | S12: =IF(M12="","",M12) | T12: =IF(W12=1,"",N12) | U12: =IF(OR(W12=1,X12=1),"",O12) -> L002 | V12: ='내역서(엑셀)'!E15 -> 1 | W12: =COUNTIFS(R12,"><") -> 0 | X12: =COUNTIFS(S12,"><") -> 0 | Y12: =COUNTIFS(R12:U12,"*") -> 4 | Z12: =COUNTIFS(R12:U12,"><") -> 1 | AA12: =COUNTIFS(R12:U12,"<>") -> 4
I13: =IF('내역서(엑셀)'!A16<>"",'내역서(엑셀)'!A16,"") -> L003 | J13: =LEFT(I13,1) -> L | L13: =IF(OR(J13="E",J13="L",J13="M"),"",I13) | M13: =IF(OR(J13="D",J13="L",J13="M"),"",I13) | N13: =IF(OR(J13="D",J13="E",J13="L"),"",I13) | O13: =IF(OR(J13="D",J13="E",J13="M"),"",I13) -> L003 | Q13: =IF(Z13=0,"",IF(Z13=1,R13&S13&T13&U13,"E99999")) -> L003 | R13: =IF(L13="","",L13) | S13: =IF(M13="","",M13) | T13: =IF(W13=1,"",N13) | U13: =IF(OR(W13=1,X13=1),"",O13) -> L003 | V13: ='내역서(엑셀)'!E16 -> 1 | W13: =COUNTIFS(R13,"><") -> 0 | X13: =COUNTIFS(S13,"><") -> 0 | Y13: =COUNTIFS(R13:U13,"*") -> 4 | Z13: =COUNTIFS(R13:U13,"><") -> 1 | AA13: =COUNTIFS(R13:U13,"<>") -> 4
... I70: =IF('내역서(엑셀)'!A73<>"",'내역서(엑셀)'!A73,"") | J70: =LEFT(I70,1) | L70: =IF(OR(J70="E",J70="L",J70="M"),"",I70) | M70: =IF(OR(J70="D",J70="L",J70="M"),"",I70) | N70: =IF(OR(J70="D",J70="E",J70="L"),"",I70) | O70: =IF(OR(J70="D",J70="E",J70="M"),"",I70) | Q70: =IF(Z70=0,"",IF(Z70=1,R70&S70&T70&U70,"E99999")) | R70: =IF(L70="","",L70) | S70: =IF(M70="","",M70) | T70: =IF(W70=1,"",N70) | U70: =IF(OR(W70=1,X70=1),"",O70) | V70: ='내역서(엑셀)'!E73 -> 0 | W70: =COUNTIFS(R70,"><") -> 0 | X70: =COUNTIFS(S70,"><") -> 0 | Y70: =COUNTIFS(R70:U70,"*") -> 4 | Z70: =COUNTIFS(R70:U70,"><") -> 0 | AA70: =COUNTIFS(R70:U70,"<>") -> 4
I71: =IF('내역서(엑셀)'!A54<>"",'내역서(엑셀)'!A54,"") | J71: =LEFT(I71,1) | L71: =IF(OR(J71="E",J71="L",J71="M"),"",I71) | M71: =IF(OR(J71="D",J71="L",J71="M"),"",I71) | N71: =IF(OR(J71="D",J71="E",J71="L"),"",I71) | O71: =IF(OR(J71="D",J71="E",J71="M"),"",I71) | Q71: =IF(Z71=0,"",IF(Z71=1,R71&S71&T71&U71,"E99999")) | R71: =IF(L71="","",L71) | S71: =IF(M71="","",M71) | T71: =IF(W71=1,"",N71) | U71: =IF(OR(W71=1,X71=1),"",O71) | V71: ='내역서(엑셀)'!E54 -> 0 | W71: =COUNTIFS(R71,"><") -> 0 | X71: =COUNTIFS(S71,"><") -> 0 | Y71: =COUNTIFS(R71:U71,"*") -> 4 | Z71: =COUNTIFS(R71:U71,"><") -> 0 | AA71: =COUNTIFS(R71:U71,"<>") -> 4
I72: =IF('내역서(엑셀)'!A55<>"",'내역서(엑셀)'!A55,"") | J72: =LEFT(I72,1) | L72: =IF(OR(J72="E",J72="L",J72="M"),"",I72) | M72: =IF(OR(J72="D",J72="L",J72="M"),"",I72) | N72: =IF(OR(J72="D",J72="E",J72="L"),"",I72) | O72: =IF(OR(J72="D",J72="E",J72="M"),"",I72) | Q72: =IF(Z72=0,"",IF(Z72=1,R72&S72&T72&U72,"E99999")) | R72: =IF(L72="","",L72) | S72: =IF(M72="","",M72) | T72: =IF(W72=1,"",N72) | U72: =IF(OR(W72=1,X72=1),"",O72) | V72: ='내역서(엑셀)'!E55 -> 0 | W72: =COUNTIFS(R72,"><") -> 0 | X72: =COUNTIFS(S72,"><") -> 0 | Y72: =COUNTIFS(R72:U72,"*") -> 4 | Z72: =COUNTIFS(R72:U72,"><") -> 0 | AA72: =COUNTIFS(R72:U72,"<>") -> 4
I73: =IF('내역서(엑셀)'!A56<>"",'내역서(엑셀)'!A56,"") | J73: =LEFT(I73,1) | L73: =IF(OR(J73="E",J73="L",J73="M"),"",I73) | M73: =IF(OR(J73="D",J73="L",J73="M"),"",I73) | N73: =IF(OR(J73="D",J73="E",J73="L"),"",I73) | O73: =IF(OR(J73="D",J73="E",J73="M"),"",I73) | Q73: =IF(Z73=0,"",IF(Z73=1,R73&S73&T73&U73,"E99999")) | R73: =IF(L73="","",L73) | S73: =IF(M73="","",M73) | T73: =IF(W73=1,"",N73) | U73: =IF(OR(W73=1,X73=1),"",O73) | V73: ='내역서(엑셀)'!E56 -> 0 | W73: =COUNTIFS(R73,"><") -> 0 | X73: =COUNTIFS(S73,"><") -> 0 | Y73: =COUNTIFS(R73:U73,"*") -> 4 | Z73: =COUNTIFS(R73:U73,"><") -> 0 | AA73: =COUNTIFS(R73:U73,"<>") -> 4
I74: =IF('내역서(엑셀)'!A57<>"",'내역서(엑셀)'!A57,"") | J74: =LEFT(I74,1) | L74: =IF(OR(J74="E",J74="L",J74="M"),"",I74) | M74: =IF(OR(J74="D",J74="L",J74="M"),"",I74) | N74: =IF(OR(J74="D",J74="E",J74="L"),"",I74) | O74: =IF(OR(J74="D",J74="E",J74="M"),"",I74) | Q74: =IF(Z74=0,"",IF(Z74=1,R74&S74&T74&U74,"E99999")) | R74: =IF(L74="","",L74) | S74: =IF(M74="","",M74) | T74: =IF(W74=1,"",N74) | U74: =IF(OR(W74=1,X74=1),"",O74) | V74: ='내역서(엑셀)'!E57 -> 0 | W74: =COUNTIFS(R74,"><") -> 0 | X74: =COUNTIFS(S74,"><") -> 0 | Y74: =COUNTIFS(R74:U74,"*") -> 4 | Z74: =COUNTIFS(R74:U74,"><") -> 0 | AA74: =COUNTIFS(R74:U74,"<>") -> 4
I75: =IF('내역서(엑셀)'!A58<>"",'내역서(엑셀)'!A58,"") | J75: =LEFT(I75,1) | L75: =IF(OR(J75="E",J75="L",J75="M"),"",I75) | M75: =IF(OR(J75="D",J75="L",J75="M"),"",I75) | N75: =IF(OR(J75="D",J75="E",J75="L"),"",I75) | O75: =IF(OR(J75="D",J75="E",J75="M"),"",I75) | Q75: =IF(Z75=0,"",IF(Z75=1,R75&S75&T75&U75,"E99999")) | R75: =IF(L75="","",L75) | S75: =IF(M75="","",M75) | T75: =IF(W75=1,"",N75) | U75: =IF(OR(W75=1,X75=1),"",O75) | V75: ='내역서(엑셀)'!E58 -> 0 | W75: =COUNTIFS(R75,"><") -> 0 | X75: =COUNTIFS(S75,"><") -> 0 | Y75: =COUNTIFS(R75:U75,"*") -> 4 | Z75: =COUNTIFS(R75:U75,"><") -> 0 | AA75: =COUNTIFS(R75:U75,"<>") -> 4
I76: =IF('내역서(엑셀)'!A59<>"",'내역서(엑셀)'!A59,"") | J76: =LEFT(I76,1) | L76: =IF(OR(J76="E",J76="L",J76="M"),"",I76) | M76: =IF(OR(J76="D",J76="L",J76="M"),"",I76) | N76: =IF(OR(J76="D",J76="E",J76="L"),"",I76) | O76: =IF(OR(J76="D",J76="E",J76="M"),"",I76) | Q76: =IF(Z76=0,"",IF(Z76=1,R76&S76&T76&U76,"E99999")) | R76: =IF(L76="","",L76) | S76: =IF(M76="","",M76) | T76: =IF(W76=1,"",N76) | U76: =IF(OR(W76=1,X76=1),"",O76) | V76: ='내역서(엑셀)'!E59 -> 0 | W76: =COUNTIFS(R76,"><") -> 0 | X76: =COUNTIFS(S76,"><") -> 0 | Y76: =COUNTIFS(R76:U76,"*") -> 4 | Z76: =COUNTIFS(R76:U76,"><") -> 0 | AA76: =COUNTIFS(R76:U76,"<>") -> 4
I77: =IF('내역서(엑셀)'!A60<>"",'내역서(엑셀)'!A60,"") | J77: =LEFT(I77,1) | L77: =IF(OR(J77="E",J77="L",J77="M"),"",I77) | M77: =IF(OR(J77="D",J77="L",J77="M"),"",I77) | N77: =IF(OR(J77="D",J77="E",J77="L"),"",I77) | O77: =IF(OR(J77="D",J77="E",J77="M"),"",I77) | Q77: =IF(Z77=0,"",IF(Z77=1,R77&S77&T77&U77,"E99999")) | R77: =IF(L77="","",L77) | S77: =IF(M77="","",M77) | T77: =IF(W77=1,"",N77) | U77: =IF(OR(W77=1,X77=1),"",O77) | V77: ='내역서(엑셀)'!E60 -> 0 | W77: =COUNTIFS(R77,"><") -> 0 | X77: =COUNTIFS(S77,"><") -> 0 | Y77: =COUNTIFS(R77:U77,"*") -> 4 | Z77: =COUNTIFS(R77:U77,"><") -> 0 | AA77: =COUNTIFS(R77:U77,"<>") -> 4
I78: =IF('내역서(엑셀)'!A61<>"",'내역서(엑셀)'!A61,"") | J78: =LEFT(I78,1) | L78: =IF(OR(J78="E",J78="L",J78="M"),"",I78) | M78: =IF(OR(J78="D",J78="L",J78="M"),"",I78) | N78: =IF(OR(J78="D",J78="E",J78="L"),"",I78) | O78: =IF(OR(J78="D",J78="E",J78="M"),"",I78) | Q78: =IF(Z78=0,"",IF(Z78=1,R78&S78&T78&U78,"E99999")) | R78: =IF(L78="","",L78) | S78: =IF(M78="","",M78) | T78: =IF(W78=1,"",N78) | U78: =IF(OR(W78=1,X78=1),"",O78) | V78: ='내역서(엑셀)'!E61 -> 0 | W78: =COUNTIFS(R78,"><") -> 0 | X78: =COUNTIFS(S78,"><") -> 0 | Y78: =COUNTIFS(R78:U78,"*") -> 4 | Z78: =COUNTIFS(R78:U78,"><") -> 0 | AA78: =COUNTIFS(R78:U78,"<>") -> 4
I79: =IF('내역서(엑셀)'!A62<>"",'내역서(엑셀)'!A62,"") | J79: =LEFT(I79,1) | L79: =IF(OR(J79="E",J79="L",J79="M"),"",I79) | M79: =IF(OR(J79="D",J79="L",J79="M"),"",I79) | N79: =IF(OR(J79="D",J79="E",J79="L"),"",I79) | O79: =IF(OR(J79="D",J79="E",J79="M"),"",I79) | Q79: =IF(Z79=0,"",IF(Z79=1,R79&S79&T79&U79,"E99999")) | R79: =IF(L79="","",L79) | S79: =IF(M79="","",M79) | T79: =IF(W79=1,"",N79) | U79: =IF(OR(W79=1,X79=1),"",O79) | V79: ='내역서(엑셀)'!E62 -> 0 | W79: =COUNTIFS(R79,"><") -> 0 | X79: =COUNTIFS(S79,"><") -> 0 | Y79: =COUNTIFS(R79:U79,"*") -> 4 | Z79: =COUNTIFS(R79:U79,"><") -> 0 | AA79: =COUNTIFS(R79:U79,"<>") -> 4
I80: =IF('내역서(엑셀)'!A63<>"",'내역서(엑셀)'!A63,"") | J80: =LEFT(I80,1) | L80: =IF(OR(J80="E",J80="L",J80="M"),"",I80) | M80: =IF(OR(J80="D",J80="L",J80="M"),"",I80) | N80: =IF(OR(J80="D",J80="E",J80="L"),"",I80) | O80: =IF(OR(J80="D",J80="E",J80="M"),"",I80) | Q80: =IF(Z80=0,"",IF(Z80=1,R80&S80&T80&U80,"E99999")) | R80: =IF(L80="","",L80) | S80: =IF(M80="","",M80) | T80: =IF(W80=1,"",N80) | U80: =IF(OR(W80=1,X80=1),"",O80) | V80: ='내역서(엑셀)'!E63 -> 0 | W80: =COUNTIFS(R80,"><") -> 0 | X80: =COUNTIFS(S80,"><") -> 0 | Y80: =COUNTIFS(R80:U80,"*") -> 4 | Z80: =COUNTIFS(R80:U80,"><") -> 0 | AA80: =COUNTIFS(R80:U80,"<>") -> 4
I81: =IF('내역서(엑셀)'!A64<>"",'내역서(엑셀)'!A64,"") | J81: =LEFT(I81,1) | L81: =IF(OR(J81="E",J81="L",J81="M"),"",I81) | M81: =IF(OR(J81="D",J81="L",J81="M"),"",I81) | N81: =IF(OR(J81="D",J81="E",J81="L"),"",I81) | O81: =IF(OR(J81="D",J81="E",J81="M"),"",I81) | Q81: =IF(Z81=0,"",IF(Z81=1,R81&S81&T81&U81,"E99999")) | R81: =IF(L81="","",L81) | S81: =IF(M81="","",M81) | T81: =IF(W81=1,"",N81) | U81: =IF(OR(W81=1,X81=1),"",O81) | V81: ='내역서(엑셀)'!E64 -> 0 | W81: =COUNTIFS(R81,"><") -> 0 | X81: =COUNTIFS(S81,"><") -> 0 | Y81: =COUNTIFS(R81:U81,"*") -> 4 | Z81: =COUNTIFS(R81:U81,"><") -> 0 | AA81: =COUNTIFS(R81:U81,"<>") -> 4
I82: =IF('내역서(엑셀)'!A65<>"",'내역서(엑셀)'!A65,"") | J82: =LEFT(I82,1) | L82: =IF(OR(J82="E",J82="L",J82="M"),"",I82) | M82: =IF(OR(J82="D",J82="L",J82="M"),"",I82) | N82: =IF(OR(J82="D",J82="E",J82="L"),"",I82) | O82: =IF(OR(J82="D",J82="E",J82="M"),"",I82) | Q82: =IF(Z82=0,"",IF(Z82=1,R82&S82&T82&U82,"E99999")) | R82: =IF(L82="","",L82) | S82: =IF(M82="","",M82) | T82: =IF(W82=1,"",N82) | U82: =IF(OR(W82=1,X82=1),"",O82) | V82: ='내역서(엑셀)'!E65 -> 0 | W82: =COUNTIFS(R82,"><") -> 0 | X82: =COUNTIFS(S82,"><") -> 0 | Y82: =COUNTIFS(R82:U82,"*") -> 4 | Z82: =COUNTIFS(R82:U82,"><") -> 0 | AA82: =COUNTIFS(R82:U82,"<>") -> 4
... I137: =IF('내역서(엑셀)'!A120<>"",'내역서(엑셀)'!A120,"") | J137: =LEFT(I137,1) | L137: =IF(OR(J137="E",J137="L",J137="M"),"",I137) | M137: =IF(OR(J137="D",J137="L",J137="M"),"",I137) | N137: =IF(OR(J137="D",J137="E",J137="L"),"",I137) | O137: =IF(OR(J137="D",J137="E",J137="M"),"",I137) | Q137: =IF(Z137=0,"",IF(Z137=1,R137&S137&T137&U137,"E99999")) | R137: =IF(L137="","",L137) | S137: =IF(M137="","",M137) | T137: =IF(W137=1,"",N137) | U137: =IF(OR(W137=1,X137=1),"",O137) | V137: ='내역서(엑셀)'!E120 -> 0 | W137: =COUNTIFS(R137,"><") -> 0 | X137: =COUNTIFS(S137,"><") -> 0 | Y137: =COUNTIFS(R137:U137,"*") -> 4 | Z137: =COUNTIFS(R137:U137,"><") -> 0 | AA137: =COUNTIFS(R137:U137,"<>") -> 4
I138: =IF('내역서(엑셀)'!A123<>"",'내역서(엑셀)'!A123,"") | J138: =LEFT(I138,1) | L138: =IF(OR(J138="E",J138="L",J138="M"),"",I138) | M138: =IF(OR(J138="D",J138="L",J138="M"),"",I138) | N138: =IF(OR(J138="D",J138="E",J138="L"),"",I138) | O138: =IF(OR(J138="D",J138="E",J138="M"),"",I138) | Q138: =IF(Z138=0,"",IF(Z138=1,R138&S138&T138&U138,"E99999")) | R138: =IF(L138="","",L138) | S138: =IF(M138="","",M138) | T138: =IF(W138=1,"",N138) | U138: =IF(OR(W138=1,X138=1),"",O138) | V138: ='내역서(엑셀)'!E123 -> 0 | W138: =COUNTIFS(R138,"><") -> 0 | X138: =COUNTIFS(S138,"><") -> 0 | Y138: =COUNTIFS(R138:U138,"*") -> 4 | Z138: =COUNTIFS(R138:U138,"><") -> 0 | AA138: =COUNTIFS(R138:U138,"<>") -> 4
I139: =IF('내역서(엑셀)'!A124<>"",'내역서(엑셀)'!A124,"") | J139: =LEFT(I139,1) | L139: =IF(OR(J139="E",J139="L",J139="M"),"",I139) | M139: =IF(OR(J139="D",J139="L",J139="M"),"",I139) | N139: =IF(OR(J139="D",J139="E",J139="L"),"",I139) | O139: =IF(OR(J139="D",J139="E",J139="M"),"",I139) | Q139: =IF(Z139=0,"",IF(Z139=1,R139&S139&T139&U139,"E99999")) | R139: =IF(L139="","",L139) | S139: =IF(M139="","",M139) | T139: =IF(W139=1,"",N139) | U139: =IF(OR(W139=1,X139=1),"",O139) | V139: ='내역서(엑셀)'!E124 -> 0 | W139: =COUNTIFS(R139,"><") -> 0 | X139: =COUNTIFS(S139,"><") -> 0 | Y139: =COUNTIFS(R139:U139,"*") -> 4 | Z139: =COUNTIFS(R139:U139,"><") -> 0 | AA139: =COUNTIFS(R139:U139,"<>") -> 4
I140: =IF('내역서(엑셀)'!A125<>"",'내역서(엑셀)'!A125,"") | J140: =LEFT(I140,1) | L140: =IF(OR(J140="E",J140="L",J140="M"),"",I140) | M140: =IF(OR(J140="D",J140="L",J140="M"),"",I140) | N140: =IF(OR(J140="D",J140="E",J140="L"),"",I140) | O140: =IF(OR(J140="D",J140="E",J140="M"),"",I140) | Q140: =IF(Z140=0,"",IF(Z140=1,R140&S140&T140&U140,"E99999")) | R140: =IF(L140="","",L140) | S140: =IF(M140="","",M140) | T140: =IF(W140=1,"",N140) | U140: =IF(OR(W140=1,X140=1),"",O140) | V140: ='내역서(엑셀)'!E125 -> 0 | W140: =COUNTIFS(R140,"><") -> 0 | X140: =COUNTIFS(S140,"><") -> 0 | Y140: =COUNTIFS(R140:U140,"*") -> 4 | Z140: =COUNTIFS(R140:U140,"><") -> 0 | AA140: =COUNTIFS(R140:U140,"<>") -> 4
I141: =IF('내역서(엑셀)'!A126<>"",'내역서(엑셀)'!A126,"") | J141: =LEFT(I141,1) | L141: =IF(OR(J141="E",J141="L",J141="M"),"",I141) | M141: =IF(OR(J141="D",J141="L",J141="M"),"",I141) | N141: =IF(OR(J141="D",J141="E",J141="L"),"",I141) | O141: =IF(OR(J141="D",J141="E",J141="M"),"",I141) | Q141: =IF(Z141=0,"",IF(Z141=1,R141&S141&T141&U141,"E99999")) | R141: =IF(L141="","",L141) | S141: =IF(M141="","",M141) | T141: =IF(W141=1,"",N141) | U141: =IF(OR(W141=1,X141=1),"",O141) | V141: ='내역서(엑셀)'!E126 -> 0 | W141: =COUNTIFS(R141,"><") -> 0 | X141: =COUNTIFS(S141,"><") -> 0 | Y141: =COUNTIFS(R141:U141,"*") -> 4 | Z141: =COUNTIFS(R141:U141,"><") -> 0 | AA141: =COUNTIFS(R141:U141,"<>") -> 4
I142: =IF('내역서(엑셀)'!A127<>"",'내역서(엑셀)'!A127,"") | J142: =LEFT(I142,1) | L142: =IF(OR(J142="E",J142="L",J142="M"),"",I142) | M142: =IF(OR(J142="D",J142="L",J142="M"),"",I142) | N142: =IF(OR(J142="D",J142="E",J142="L"),"",I142) | O142: =IF(OR(J142="D",J142="E",J142="M"),"",I142) | Q142: =IF(Z142=0,"",IF(Z142=1,R142&S142&T142&U142,"E99999")) | R142: =IF(L142="","",L142) | S142: =IF(M142="","",M142) | T142: =IF(W142=1,"",N142) | U142: =IF(OR(W142=1,X142=1),"",O142) | V142: ='내역서(엑셀)'!E127 -> 0 | W142: =COUNTIFS(R142,"><") -> 0 | X142: =COUNTIFS(S142,"><") -> 0 | Y142: =COUNTIFS(R142:U142,"*") -> 4 | Z142: =COUNTIFS(R142:U142,"><") -> 0 | AA142: =COUNTIFS(R142:U142,"<>") -> 4
I143: =IF('내역서(엑셀)'!A128<>"",'내역서(엑셀)'!A128,"") | J143: =LEFT(I143,1) | L143: =IF(OR(J143="E",J143="L",J143="M"),"",I143) | M143: =IF(OR(J143="D",J143="L",J143="M"),"",I143) | N143: =IF(OR(J143="D",J143="E",J143="L"),"",I143) | O143: =IF(OR(J143="D",J143="E",J143="M"),"",I143) | Q143: =IF(Z143=0,"",IF(Z143=1,R143&S143&T143&U143,"E99999")) | R143: =IF(L143="","",L143) | S143: =IF(M143="","",M143) | T143: =IF(W143=1,"",N143) | U143: =IF(OR(W143=1,X143=1),"",O143) | V143: ='내역서(엑셀)'!E128 -> 0 | W143: =COUNTIFS(R143,"><") -> 0 | X143: =COUNTIFS(S143,"><") -> 0 | Y143: =COUNTIFS(R143:U143,"*") -> 4 | Z143: =COUNTIFS(R143:U143,"><") -> 0 | AA143: =COUNTIFS(R143:U143,"<>") -> 4
I144: =IF('내역서(엑셀)'!A129<>"",'내역서(엑셀)'!A129,"") | J144: =LEFT(I144,1) | L144: =IF(OR(J144="E",J144="L",J144="M"),"",I144) | M144: =IF(OR(J144="D",J144="L",J144="M"),"",I144) | N144: =IF(OR(J144="D",J144="E",J144="L"),"",I144) | O144: =IF(OR(J144="D",J144="E",J144="M"),"",I144) | Q144: =IF(Z144=0,"",IF(Z144=1,R144&S144&T144&U144,"E99999")) | R144: =IF(L144="","",L144) | S144: =IF(M144="","",M144) | T144: =IF(W144=1,"",N144) | U144: =IF(OR(W144=1,X144=1),"",O144) | V144: ='내역서(엑셀)'!E129 -> 0 | W144: =COUNTIFS(R144,"><") -> 0 | X144: =COUNTIFS(S144,"><") -> 0 | Y144: =COUNTIFS(R144:U144,"*") -> 4 | Z144: =COUNTIFS(R144:U144,"><") -> 0 | AA144: =COUNTIFS(R144:U144,"<>") -> 4
I145: =IF('내역서(엑셀)'!A130<>"",'내역서(엑셀)'!A130,"") | J145: =LEFT(I145,1) | L145: =IF(OR(J145="E",J145="L",J145="M"),"",I145) | M145: =IF(OR(J145="D",J145="L",J145="M"),"",I145) | N145: =IF(OR(J145="D",J145="E",J145="L"),"",I145) | O145: =IF(OR(J145="D",J145="E",J145="M"),"",I145) | Q145: =IF(Z145=0,"",IF(Z145=1,R145&S145&T145&U145,"E99999")) | R145: =IF(L145="","",L145) | S145: =IF(M145="","",M145) | T145: =IF(W145=1,"",N145) | U145: =IF(OR(W145=1,X145=1),"",O145) | V145: ='내역서(엑셀)'!E130 -> 0 | W145: =COUNTIFS(R145,"><") -> 0 | X145: =COUNTIFS(S145,"><") -> 0 | Y145: =COUNTIFS(R145:U145,"*") -> 4 | Z145: =COUNTIFS(R145:U145,"><") -> 0 | AA145: =COUNTIFS(R145:U145,"<>") -> 4
I146: =IF('내역서(엑셀)'!A131<>"",'내역서(엑셀)'!A131,"") | J146: =LEFT(I146,1) | L146: =IF(OR(J146="E",J146="L",J146="M"),"",I146) | M146: =IF(OR(J146="D",J146="L",J146="M"),"",I146) | N146: =IF(OR(J146="D",J146="E",J146="L"),"",I146) | O146: =IF(OR(J146="D",J146="E",J146="M"),"",I146) | Q146: =IF(Z146=0,"",IF(Z146=1,R146&S146&T146&U146,"E99999")) | R146: =IF(L146="","",L146) | S146: =IF(M146="","",M146) | T146: =IF(W146=1,"",N146) | U146: =IF(OR(W146=1,X146=1),"",O146) | V146: ='내역서(엑셀)'!E131 -> 0 | W146: =COUNTIFS(R146,"><") -> 0 | X146: =COUNTIFS(S146,"><") -> 0 | Y146: =COUNTIFS(R146:U146,"*") -> 4 | Z146: =COUNTIFS(R146:U146,"><") -> 0 | AA146: =COUNTIFS(R146:U146,"<>") -> 4
I147: =IF('내역서(엑셀)'!A132<>"",'내역서(엑셀)'!A132,"") | J147: =LEFT(I147,1) | L147: =IF(OR(J147="E",J147="L",J147="M"),"",I147) | M147: =IF(OR(J147="D",J147="L",J147="M"),"",I147) | N147: =IF(OR(J147="D",J147="E",J147="L"),"",I147) | O147: =IF(OR(J147="D",J147="E",J147="M"),"",I147) | Q147: =IF(Z147=0,"",IF(Z147=1,R147&S147&T147&U147,"E99999")) | R147: =IF(L147="","",L147) | S147: =IF(M147="","",M147) | T147: =IF(W147=1,"",N147) | U147: =IF(OR(W147=1,X147=1),"",O147) | V147: ='내역서(엑셀)'!E132 -> 0 | W147: =COUNTIFS(R147,"><") -> 0 | X147: =COUNTIFS(S147,"><") -> 0 | Y147: =COUNTIFS(R147:U147,"*") -> 4 | Z147: =COUNTIFS(R147:U147,"><") -> 0 | AA147: =COUNTIFS(R147:U147,"<>") -> 4
I148: =IF('내역서(엑셀)'!A133<>"",'내역서(엑셀)'!A133,"") | J148: =LEFT(I148,1) | L148: =IF(OR(J148="E",J148="L",J148="M"),"",I148) | M148: =IF(OR(J148="D",J148="L",J148="M"),"",I148) | N148: =IF(OR(J148="D",J148="E",J148="L"),"",I148) | O148: =IF(OR(J148="D",J148="E",J148="M"),"",I148) | Q148: =IF(Z148=0,"",IF(Z148=1,R148&S148&T148&U148,"E99999")) | R148: =IF(L148="","",L148) | S148: =IF(M148="","",M148) | T148: =IF(W148=1,"",N148) | U148: =IF(OR(W148=1,X148=1),"",O148) | V148: ='내역서(엑셀)'!E133 -> 0 | W148: =COUNTIFS(R148,"><") -> 0 | X148: =COUNTIFS(S148,"><") -> 0 | Y148: =COUNTIFS(R148:U148,"*") -> 4 | Z148: =COUNTIFS(R148:U148,"><") -> 0 | AA148: =COUNTIFS(R148:U148,"<>") -> 4
I149: =IF('내역서(엑셀)'!A134<>"",'내역서(엑셀)'!A134,"") | J149: =LEFT(I149,1) | L149: =IF(OR(J149="E",J149="L",J149="M"),"",I149) | M149: =IF(OR(J149="D",J149="L",J149="M"),"",I149) | N149: =IF(OR(J149="D",J149="E",J149="L"),"",I149) | O149: =IF(OR(J149="D",J149="E",J149="M"),"",I149) | Q149: =IF(Z149=0,"",IF(Z149=1,R149&S149&T149&U149,"E99999")) | R149: =IF(L149="","",L149) | S149: =IF(M149="","",M149) | T149: =IF(W149=1,"",N149) | U149: =IF(OR(W149=1,X149=1),"",O149) | V149: ='내역서(엑셀)'!E134 -> 0 | W149: =COUNTIFS(R149,"><") -> 0 | X149: =COUNTIFS(S149,"><") -> 0 | Y149: =COUNTIFS(R149:U149,"*") -> 4 | Z149: =COUNTIFS(R149:U149,"><") -> 0 | AA149: =COUNTIFS(R149:U149,"<>") -> 4
I150: =IF('내역서(엑셀)'!A124<>"",'내역서(엑셀)'!A124,"") | J150: =LEFT(I150,1) | L150: =IF(OR(J150="E",J150="L",J150="M"),"",I150) | M150: =IF(OR(J150="D",J150="L",J150="M"),"",I150) | N150: =IF(OR(J150="D",J150="E",J150="L"),"",I150) | O150: =IF(OR(J150="D",J150="E",J150="M"),"",I150) | Q150: =IF(Z150=0,"",IF(Z150=1,R150&S150&T150&U150,"E99999")) | R150: =IF(L150="","",L150) | S150: =IF(M150="","",M150) | T150: =IF(W150=1,"",N150) | U150: =IF(OR(W150=1,X150=1),"",O150) | V150: ='내역서(엑셀)'!E124 -> 0 | W150: =COUNTIFS(R150,"><") -> 0 | X150: =COUNTIFS(S150,"><") -> 0 | Y150: =COUNTIFS(R150:U150,"*") -> 4 | Z150: =COUNTIFS(R150:U150,"><") -> 0 | AA150: =COUNTIFS(R150:U150,"<>") -> 4
I151: =IF('내역서(엑셀)'!A125<>"",'내역서(엑셀)'!A125,"") | J151: =LEFT(I151,1) | L151: =IF(OR(J151="E",J151="L",J151="M"),"",I151) | M151: =IF(OR(J151="D",J151="L",J151="M"),"",I151) | N151: =IF(OR(J151="D",J151="E",J151="L"),"",I151) | O151: =IF(OR(J151="D",J151="E",J151="M"),"",I151) | Q151: =IF(Z151=0,"",IF(Z151=1,R151&S151&T151&U151,"E99999")) | R151: =IF(L151="","",L151) | S151: =IF(M151="","",M151) | T151: =IF(W151=1,"",N151) | U151: =IF(OR(W151=1,X151=1),"",O151) | V151: ='내역서(엑셀)'!E125 -> 0 | W151: =COUNTIFS(R151,"><") -> 0 | X151: =COUNTIFS(S151,"><") -> 0 | Y151: =COUNTIFS(R151:U151,"*") -> 4 | Z151: =COUNTIFS(R151:U151,"><") -> 0 | AA151: =COUNTIFS(R151:U151,"<>") -> 4
I152: =IF('내역서(엑셀)'!A126<>"",'내역서(엑셀)'!A126,"") | J152: =LEFT(I152,1) | L152: =IF(OR(J152="E",J152="L",J152="M"),"",I152) | M152: =IF(OR(J152="D",J152="L",J152="M"),"",I152) | N152: =IF(OR(J152="D",J152="E",J152="L"),"",I152) | O152: =IF(OR(J152="D",J152="E",J152="M"),"",I152) | Q152: =IF(Z152=0,"",IF(Z152=1,R152&S152&T152&U152,"E99999")) | R152: =IF(L152="","",L152) | S152: =IF(M152="","",M152) | T152: =IF(W152=1,"",N152) | U152: =IF(OR(W152=1,X152=1),"",O152) | V152: ='내역서(엑셀)'!E126 -> 0 | W152: =COUNTIFS(R152,"><") -> 0 | X152: =COUNTIFS(S152,"><") -> 0 | Y152: =COUNTIFS(R152:U152,"*") -> 4 | Z152: =COUNTIFS(R152:U152,"><") -> 0 | AA152: =COUNTIFS(R152:U152,"<>") -> 4
I153: =IF('내역서(엑셀)'!A127<>"",'내역서(엑셀)'!A127,"") | J153: =LEFT(I153,1) | L153: =IF(OR(J153="E",J153="L",J153="M"),"",I153) | M153: =IF(OR(J153="D",J153="L",J153="M"),"",I153) | N153: =IF(OR(J153="D",J153="E",J153="L"),"",I153) | O153: =IF(OR(J153="D",J153="E",J153="M"),"",I153) | Q153: =IF(Z153=0,"",IF(Z153=1,R153&S153&T153&U153,"E99999")) | R153: =IF(L153="","",L153) | S153: =IF(M153="","",M153) | T153: =IF(W153=1,"",N153) | U153: =IF(OR(W153=1,X153=1),"",O153) | V153: ='내역서(엑셀)'!E127 -> 0 | W153: =COUNTIFS(R153,"><") -> 0 | X153: =COUNTIFS(S153,"><") -> 0 | Y153: =COUNTIFS(R153:U153,"*") -> 4 | Z153: =COUNTIFS(R153:U153,"><") -> 0 | AA153: =COUNTIFS(R153:U153,"<>") -> 4
I154: =IF('내역서(엑셀)'!A128<>"",'내역서(엑셀)'!A128,"") | J154: =LEFT(I154,1) | L154: =IF(OR(J154="E",J154="L",J154="M"),"",I154) | M154: =IF(OR(J154="D",J154="L",J154="M"),"",I154) | N154: =IF(OR(J154="D",J154="E",J154="L"),"",I154) | O154: =IF(OR(J154="D",J154="E",J154="M"),"",I154) | Q154: =IF(Z154=0,"",IF(Z154=1,R154&S154&T154&U154,"E99999")) | R154: =IF(L154="","",L154) | S154: =IF(M154="","",M154) | T154: =IF(W154=1,"",N154) | U154: =IF(OR(W154=1,X154=1),"",O154) | V154: ='내역서(엑셀)'!E128 -> 0 | W154: =COUNTIFS(R154,"><") -> 0 | X154: =COUNTIFS(S154,"><") -> 0 | Y154: =COUNTIFS(R154:U154,"*") -> 4 | Z154: =COUNTIFS(R154:U154,"><") -> 0 | AA154: =COUNTIFS(R154:U154,"<>") -> 4
I155: =IF('내역서(엑셀)'!A129<>"",'내역서(엑셀)'!A129,"") | J155: =LEFT(I155,1) | L155: =IF(OR(J155="E",J155="L",J155="M"),"",I155) | M155: =IF(OR(J155="D",J155="L",J155="M"),"",I155) | N155: =IF(OR(J155="D",J155="E",J155="L"),"",I155) | O155: =IF(OR(J155="D",J155="E",J155="M"),"",I155) | Q155: =IF(Z155=0,"",IF(Z155=1,R155&S155&T155&U155,"E99999")) | R155: =IF(L155="","",L155) | S155: =IF(M155="","",M155) | T155: =IF(W155=1,"",N155) | U155: =IF(OR(W155=1,X155=1),"",O155) | V155: ='내역서(엑셀)'!E129 -> 0 | W155: =COUNTIFS(R155,"><") -> 0 | X155: =COUNTIFS(S155,"><") -> 0 | Y155: =COUNTIFS(R155:U155,"*") -> 4 | Z155: =COUNTIFS(R155:U155,"><") -> 0 | AA155: =COUNTIFS(R155:U155,"<>") -> 4
I156: =IF('내역서(엑셀)'!A130<>"",'내역서(엑셀)'!A130,"") | J156: =LEFT(I156,1) | L156: =IF(OR(J156="E",J156="L",J156="M"),"",I156) | M156: =IF(OR(J156="D",J156="L",J156="M"),"",I156) | N156: =IF(OR(J156="D",J156="E",J156="L"),"",I156) | O156: =IF(OR(J156="D",J156="E",J156="M"),"",I156) | Q156: =IF(Z156=0,"",IF(Z156=1,R156&S156&T156&U156,"E99999")) | R156: =IF(L156="","",L156) | S156: =IF(M156="","",M156) | T156: =IF(W156=1,"",N156) | U156: =IF(OR(W156=1,X156=1),"",O156) | V156: ='내역서(엑셀)'!E130 -> 0 | W156: =COUNTIFS(R156,"><") -> 0 | X156: =COUNTIFS(S156,"><") -> 0 | Y156: =COUNTIFS(R156:U156,"*") -> 4 | Z156: =COUNTIFS(R156:U156,"><") -> 0 | AA156: =COUNTIFS(R156:U156,"<>") -> 4
I157: =IF('내역서(엑셀)'!A131<>"",'내역서(엑셀)'!A131,"") | J157: =LEFT(I157,1) | L157: =IF(OR(J157="E",J157="L",J157="M"),"",I157) | M157: =IF(OR(J157="D",J157="L",J157="M"),"",I157) | N157: =IF(OR(J157="D",J157="E",J157="L"),"",I157) | O157: =IF(OR(J157="D",J157="E",J157="M"),"",I157) | Q157: =IF(Z157=0,"",IF(Z157=1,R157&S157&T157&U157,"E99999")) | R157: =IF(L157="","",L157) | S157: =IF(M157="","",M157) | T157: =IF(W157=1,"",N157) | U157: =IF(OR(W157=1,X157=1),"",O157) | V157: ='내역서(엑셀)'!E131 -> 0 | W157: =COUNTIFS(R157,"><") -> 0 | X157: =COUNTIFS(S157,"><") -> 0 | Y157: =COUNTIFS(R157:U157,"*") -> 4 | Z157: =COUNTIFS(R157:U157,"><") -> 0 | AA157: =COUNTIFS(R157:U157,"<>") -> 4
I158: =IF('내역서(엑셀)'!A132<>"",'내역서(엑셀)'!A132,"") | J158: =LEFT(I158,1) | L158: =IF(OR(J158="E",J158="L",J158="M"),"",I158) | M158: =IF(OR(J158="D",J158="L",J158="M"),"",I158) | N158: =IF(OR(J158="D",J158="E",J158="L"),"",I158) | O158: =IF(OR(J158="D",J158="E",J158="M"),"",I158) | Q158: =IF(Z158=0,"",IF(Z158=1,R158&S158&T158&U158,"E99999")) | R158: =IF(L158="","",L158) | S158: =IF(M158="","",M158) | T158: =IF(W158=1,"",N158) | U158: =IF(OR(W158=1,X158=1),"",O158) | V158: ='내역서(엑셀)'!E132 -> 0 | W158: =COUNTIFS(R158,"><") -> 0 | X158: =COUNTIFS(S158,"><") -> 0 | Y158: =COUNTIFS(R158:U158,"*") -> 4 | Z158: =COUNTIFS(R158:U158,"><") -> 0 | AA158: =COUNTIFS(R158:U158,"<>") -> 4
I159: =IF('내역서(엑셀)'!A133<>"",'내역서(엑셀)'!A133,"") | J159: =LEFT(I159,1) | L159: =IF(OR(J159="E",J159="L",J159="M"),"",I159) | M159: =IF(OR(J159="D",J159="L",J159="M"),"",I159) | N159: =IF(OR(J159="D",J159="E",J159="L"),"",I159) | O159: =IF(OR(J159="D",J159="E",J159="M"),"",I159) | Q159: =IF(Z159=0,"",IF(Z159=1,R159&S159&T159&U159,"E99999")) | R159: =IF(L159="","",L159) | S159: =IF(M159="","",M159) | T159: =IF(W159=1,"",N159) | U159: =IF(OR(W159=1,X159=1),"",O159) | V159: ='내역서(엑셀)'!E133 -> 0 | W159: =COUNTIFS(R159,"><") -> 0 | X159: =COUNTIFS(S159,"><") -> 0 | Y159: =COUNTIFS(R159:U159,"*") -> 4 | Z159: =COUNTIFS(R159:U159,"><") -> 0 | AA159: =COUNTIFS(R159:U159,"<>") -> 4
I160: =IF('내역서(엑셀)'!A134<>"",'내역서(엑셀)'!A134,"") | J160: =LEFT(I160,1) | L160: =IF(OR(J160="E",J160="L",J160="M"),"",I160) | M160: =IF(OR(J160="D",J160="L",J160="M"),"",I160) | N160: =IF(OR(J160="D",J160="E",J160="L"),"",I160) | O160: =IF(OR(J160="D",J160="E",J160="M"),"",I160) | Q160: =IF(Z160=0,"",IF(Z160=1,R160&S160&T160&U160,"E99999")) | R160: =IF(L160="","",L160) | S160: =IF(M160="","",M160) | T160: =IF(W160=1,"",N160) | U160: =IF(OR(W160=1,X160=1),"",O160) | V160: ='내역서(엑셀)'!E134 -> 0 | W160: =COUNTIFS(R160,"><") -> 0 | X160: =COUNTIFS(S160,"><") -> 0 | Y160: =COUNTIFS(R160:U160,"*") -> 4 | Z160: =COUNTIFS(R160:U160,"><") -> 0 | AA160: =COUNTIFS(R160:U160,"<>") -> 4
I161: =IF('내역서(엑셀)'!A135<>"",'내역서(엑셀)'!A135,"") | J161: =LEFT(I161,1) | L161: =IF(OR(J161="E",J161="L",J161="M"),"",I161) | M161: =IF(OR(J161="D",J161="L",J161="M"),"",I161) | N161: =IF(OR(J161="D",J161="E",J161="L"),"",I161) | O161: =IF(OR(J161="D",J161="E",J161="M"),"",I161) | Q161: =IF(Z161=0,"",IF(Z161=1,R161&S161&T161&U161,"E99999")) | R161: =IF(L161="","",L161) | S161: =IF(M161="","",M161) | T161: =IF(W161=1,"",N161) | U161: =IF(OR(W161=1,X161=1),"",O161) | V161: ='내역서(엑셀)'!E135 -> 0 | W161: =COUNTIFS(R161,"><") -> 0 | X161: =COUNTIFS(S161,"><") -> 0 | Y161: =COUNTIFS(R161:U161,"*") -> 4 | Z161: =COUNTIFS(R161:U161,"><") -> 0 | AA161: =COUNTIFS(R161:U161,"<>") -> 4
... I372: =IF('내역서(엑셀)'!A346<>"",'내역서(엑셀)'!A346,"") | J372: =LEFT(I372,1) | L372: =IF(OR(J372="E",J372="L",J372="M"),"",I372) | M372: =IF(OR(J372="D",J372="L",J372="M"),"",I372) | N372: =IF(OR(J372="D",J372="E",J372="L"),"",I372) | O372: =IF(OR(J372="D",J372="E",J372="M"),"",I372) | Q372: =IF(Z372=0,"",IF(Z372=1,R372&S372&T372&U372,"E99999")) | R372: =IF(L372="","",L372) | S372: =IF(M372="","",M372) | T372: =IF(W372=1,"",N372) | U372: =IF(OR(W372=1,X372=1),"",O372) | V372: ='내역서(엑셀)'!E346 -> 0 | W372: =COUNTIFS(R372,"><") -> 0 | X372: =COUNTIFS(S372,"><") -> 0 | Y372: =COUNTIFS(R372:U372,"*") -> 4 | Z372: =COUNTIFS(R372:U372,"><") -> 0 | AA372: =COUNTIFS(R372:U372,"<>") -> 4
I373: =IF('내역서(엑셀)'!A169<>"",'내역서(엑셀)'!A169,"") | J373: =LEFT(I373,1) | L373: =IF(OR(J373="E",J373="L",J373="M"),"",I373) | M373: =IF(OR(J373="D",J373="L",J373="M"),"",I373) | N373: =IF(OR(J373="D",J373="E",J373="L"),"",I373) | O373: =IF(OR(J373="D",J373="E",J373="M"),"",I373) | Q373: =IF(Z373=0,"",IF(Z373=1,R373&S373,"E99999")) | R373: =IF(L373="","",L373) | S373: =IF(M373="","",M373) | T373: =IF(W373=1,"",N373) | U373: =IF(OR(W373=1,X373=1),"",O373) | V373: ='내역서(엑셀)'!E376 -> 0 | W373: =COUNTIFS(R373,"><") -> 0 | X373: =COUNTIFS(S373,"><") -> 0 | Y373: =COUNTIFS(R373:U373,"*") -> 4 | Z373: =COUNTIFS(R373:U373,"><") -> 0 | AA373: =COUNTIFS(R373:U373,"<>") -> 4
I374: =IF('내역서(엑셀)'!A170<>"",'내역서(엑셀)'!A170,"") | J374: =LEFT(I374,1) | L374: =IF(OR(J374="E",J374="L",J374="M"),"",I374) | M374: =IF(OR(J374="D",J374="L",J374="M"),"",I374) | N374: =IF(OR(J374="D",J374="E",J374="L"),"",I374) | O374: =IF(OR(J374="D",J374="E",J374="M"),"",I374) | Q374: =IF(Z374=0,"",IF(Z374=1,R374&S374,"E99999")) | R374: =IF(L374="","",L374) | S374: =IF(M374="","",M374) | T374: =IF(W374=1,"",N374) | U374: =IF(OR(W374=1,X374=1),"",O374) | V374: ='내역서(엑셀)'!E377 -> 0 | W374: =COUNTIFS(R374,"><") -> 0 | X374: =COUNTIFS(S374,"><") -> 0 | Y374: =COUNTIFS(R374:U374,"*") -> 4 | Z374: =COUNTIFS(R374:U374,"><") -> 0 | AA374: =COUNTIFS(R374:U374,"<>") -> 4
I375: =IF('내역서(엑셀)'!A171<>"",'내역서(엑셀)'!A171,"") | J375: =LEFT(I375,1) | L375: =IF(OR(J375="E",J375="L",J375="M"),"",I375) | M375: =IF(OR(J375="D",J375="L",J375="M"),"",I375) | N375: =IF(OR(J375="D",J375="E",J375="L"),"",I375) | O375: =IF(OR(J375="D",J375="E",J375="M"),"",I375) | Q375: =IF(Z375=0,"",IF(Z375=1,R375&S375,"E99999")) | R375: =IF(L375="","",L375) | S375: =IF(M375="","",M375) | T375: =IF(W375=1,"",N375) | U375: =IF(OR(W375=1,X375=1),"",O375) | V375: ='내역서(엑셀)'!E378 -> 0 | W375: =COUNTIFS(R375,"><") -> 0 | X375: =COUNTIFS(S375,"><") -> 0 | Y375: =COUNTIFS(R375:U375,"*") -> 4 | Z375: =COUNTIFS(R375:U375,"><") -> 0 | AA375: =COUNTIFS(R375:U375,"<>") -> 4
I376: =IF('내역서(엑셀)'!A172<>"",'내역서(엑셀)'!A172,"") | J376: =LEFT(I376,1) | L376: =IF(OR(J376="E",J376="L",J376="M"),"",I376) | M376: =IF(OR(J376="D",J376="L",J376="M"),"",I376) | N376: =IF(OR(J376="D",J376="E",J376="L"),"",I376) | O376: =IF(OR(J376="D",J376="E",J376="M"),"",I376) | Q376: =IF(Z376=0,"",IF(Z376=1,R376&S376,"E99999")) | R376: =IF(L376="","",L376) | S376: =IF(M376="","",M376) | T376: =IF(W376=1,"",N376) | U376: =IF(OR(W376=1,X376=1),"",O376) | V376: ='내역서(엑셀)'!E379 -> 0 | W376: =COUNTIFS(R376,"><") -> 0 | X376: =COUNTIFS(S376,"><") -> 0 | Y376: =COUNTIFS(R376:U376,"*") -> 4 | Z376: =COUNTIFS(R376:U376,"><") -> 0 | AA376: =COUNTIFS(R376:U376,"<>") -> 4
I377: =IF('내역서(엑셀)'!A173<>"",'내역서(엑셀)'!A173,"") | J377: =LEFT(I377,1) | L377: =IF(OR(J377="E",J377="L",J377="M"),"",I377) | M377: =IF(OR(J377="D",J377="L",J377="M"),"",I377) | N377: =IF(OR(J377="D",J377="E",J377="L"),"",I377) | O377: =IF(OR(J377="D",J377="E",J377="M"),"",I377) | Q377: =IF(Z377=0,"",IF(Z377=1,R377&S377,"E99999")) | R377: =IF(L377="","",L377) | S377: =IF(M377="","",M377) | T377: =IF(W377=1,"",N377) | U377: =IF(OR(W377=1,X377=1),"",O377) | V377: ='내역서(엑셀)'!E380 -> 0 | W377: =COUNTIFS(R377,"><") -> 0 | X377: =COUNTIFS(S377,"><") -> 0 | Y377: =COUNTIFS(R377:U377,"*") -> 4 | Z377: =COUNTIFS(R377:U377,"><") -> 0 | AA377: =COUNTIFS(R377:U377,"<>") -> 4
I378: =IF('내역서(엑셀)'!A174<>"",'내역서(엑셀)'!A174,"") | J378: =LEFT(I378,1) | L378: =IF(OR(J378="E",J378="L",J378="M"),"",I378) | M378: =IF(OR(J378="D",J378="L",J378="M"),"",I378) | N378: =IF(OR(J378="D",J378="E",J378="L"),"",I378) | O378: =IF(OR(J378="D",J378="E",J378="M"),"",I378) | Q378: =IF(Z378=0,"",IF(Z378=1,R378&S378,"E99999")) | R378: =IF(L378="","",L378) | S378: =IF(M378="","",M378) | T378: =IF(W378=1,"",N378) | U378: =IF(OR(W378=1,X378=1),"",O378) | V378: ='내역서(엑셀)'!E381 -> 0 | W378: =COUNTIFS(R378,"><") -> 0 | X378: =COUNTIFS(S378,"><") -> 0 | Y378: =COUNTIFS(R378:U378,"*") -> 4 | Z378: =COUNTIFS(R378:U378,"><") -> 0 | AA378: =COUNTIFS(R378:U378,"<>") -> 4
I379: =IF('내역서(엑셀)'!A175<>"",'내역서(엑셀)'!A175,"") | J379: =LEFT(I379,1) | L379: =IF(OR(J379="E",J379="L",J379="M"),"",I379) | M379: =IF(OR(J379="D",J379="L",J379="M"),"",I379) | N379: =IF(OR(J379="D",J379="E",J379="L"),"",I379) | O379: =IF(OR(J379="D",J379="E",J379="M"),"",I379) | Q379: =IF(Z379=0,"",IF(Z379=1,R379&S379,"E99999")) | R379: =IF(L379="","",L379) | S379: =IF(M379="","",M379) | T379: =IF(W379=1,"",N379) | U379: =IF(OR(W379=1,X379=1),"",O379) | V379: ='내역서(엑셀)'!E382 -> 0 | W379: =COUNTIFS(R379,"><") -> 0 | X379: =COUNTIFS(S379,"><") -> 0 | Y379: =COUNTIFS(R379:U379,"*") -> 4 | Z379: =COUNTIFS(R379:U379,"><") -> 0 | AA379: =COUNTIFS(R379:U379,"<>") -> 4
I380: =IF('내역서(엑셀)'!A176<>"",'내역서(엑셀)'!A176,"") | J380: =LEFT(I380,1) | L380: =IF(OR(J380="E",J380="L",J380="M"),"",I380) | M380: =IF(OR(J380="D",J380="L",J380="M"),"",I380) | N380: =IF(OR(J380="D",J380="E",J380="L"),"",I380) | O380: =IF(OR(J380="D",J380="E",J380="M"),"",I380) | Q380: =IF(Z380=0,"",IF(Z380=1,R380&S380,"E99999")) | R380: =IF(L380="","",L380) | S380: =IF(M380="","",M380) | T380: =IF(W380=1,"",N380) | U380: =IF(OR(W380=1,X380=1),"",O380) | V380: ='내역서(엑셀)'!E383 -> 0 | W380: =COUNTIFS(R380,"><") -> 0 | X380: =COUNTIFS(S380,"><") -> 0 | Y380: =COUNTIFS(R380:U380,"*") -> 4 | Z380: =COUNTIFS(R380:U380,"><") -> 0 | AA380: =COUNTIFS(R380:U380,"<>") -> 4
I381: =IF('내역서(엑셀)'!A177<>"",'내역서(엑셀)'!A177,"") | J381: =LEFT(I381,1) | L381: =IF(OR(J381="E",J381="L",J381="M"),"",I381) | M381: =IF(OR(J381="D",J381="L",J381="M"),"",I381) | N381: =IF(OR(J381="D",J381="E",J381="L"),"",I381) | O381: =IF(OR(J381="D",J381="E",J381="M"),"",I381) | Q381: =IF(Z381=0,"",IF(Z381=1,R381&S381,"E99999")) | R381: =IF(L381="","",L381) | S381: =IF(M381="","",M381) | T381: =IF(W381=1,"",N381) | U381: =IF(OR(W381=1,X381=1),"",O381) | V381: ='내역서(엑셀)'!E384 -> 0 | W381: =COUNTIFS(R381,"><") -> 0 | X381: =COUNTIFS(S381,"><") -> 0 | Y381: =COUNTIFS(R381:U381,"*") -> 4 | Z381: =COUNTIFS(R381:U381,"><") -> 0 | AA381: =COUNTIFS(R381:U381,"<>") -> 4
I382: =IF('내역서(엑셀)'!A178<>"",'내역서(엑셀)'!A178,"") | J382: =LEFT(I382,1) | L382: =IF(OR(J382="E",J382="L",J382="M"),"",I382) | M382: =IF(OR(J382="D",J382="L",J382="M"),"",I382) | N382: =IF(OR(J382="D",J382="E",J382="L"),"",I382) | O382: =IF(OR(J382="D",J382="E",J382="M"),"",I382) | Q382: =IF(Z382=0,"",IF(Z382=1,R382&S382,"E99999")) | R382: =IF(L382="","",L382) | S382: =IF(M382="","",M382) | T382: =IF(W382=1,"",N382) | U382: =IF(OR(W382=1,X382=1),"",O382) | V382: ='내역서(엑셀)'!E385 -> 0 | W382: =COUNTIFS(R382,"><") -> 0 | X382: =COUNTIFS(S382,"><") -> 0 | Y382: =COUNTIFS(R382:U382,"*") -> 4 | Z382: =COUNTIFS(R382:U382,"><") -> 0 | AA382: =COUNTIFS(R382:U382,"<>") -> 4
I383: =IF('내역서(엑셀)'!A179<>"",'내역서(엑셀)'!A179,"") | J383: =LEFT(I383,1) | L383: =IF(OR(J383="E",J383="L",J383="M"),"",I383) | M383: =IF(OR(J383="D",J383="L",J383="M"),"",I383) | N383: =IF(OR(J383="D",J383="E",J383="L"),"",I383) | O383: =IF(OR(J383="D",J383="E",J383="M"),"",I383) | Q383: =IF(Z383=0,"",IF(Z383=1,R383&S383,"E99999")) | R383: =IF(L383="","",L383) | S383: =IF(M383="","",M383) | T383: =IF(W383=1,"",N383) | U383: =IF(OR(W383=1,X383=1),"",O383) | V383: ='내역서(엑셀)'!E386 -> 0 | W383: =COUNTIFS(R383,"><") -> 0 | X383: =COUNTIFS(S383,"><") -> 0 | Y383: =COUNTIFS(R383:U383,"*") -> 4 | Z383: =COUNTIFS(R383:U383,"><") -> 0 | AA383: =COUNTIFS(R383:U383,"<>") -> 4
I384: =IF('내역서(엑셀)'!A180<>"",'내역서(엑셀)'!A180,"") | J384: =LEFT(I384,1) | L384: =IF(OR(J384="E",J384="L",J384="M"),"",I384) | M384: =IF(OR(J384="D",J384="L",J384="M"),"",I384) | N384: =IF(OR(J384="D",J384="E",J384="L"),"",I384) | O384: =IF(OR(J384="D",J384="E",J384="M"),"",I384) | Q384: =IF(Z384=0,"",IF(Z384=1,R384&S384,"E99999")) | R384: =IF(L384="","",L384) | S384: =IF(M384="","",M384) | T384: =IF(W384=1,"",N384) | U384: =IF(OR(W384=1,X384=1),"",O384) | V384: ='내역서(엑셀)'!E387 -> 0 | W384: =COUNTIFS(R384,"><") -> 0 | X384: =COUNTIFS(S384,"><") -> 0 | Y384: =COUNTIFS(R384:U384,"*") -> 4 | Z384: =COUNTIFS(R384:U384,"><") -> 0 | AA384: =COUNTIFS(R384:U384,"<>") -> 4
... I652: =IF('내역서(엑셀)'!A448<>"",'내역서(엑셀)'!A448,"") | J652: =LEFT(I652,1) | L652: =IF(OR(J652="E",J652="L",J652="M"),"",I652) | M652: =IF(OR(J652="D",J652="L",J652="M"),"",I652) | N652: =IF(OR(J652="D",J652="E",J652="L"),"",I652) | O652: =IF(OR(J652="D",J652="E",J652="M"),"",I652) | Q652: =IF(Z652=0,"",IF(Z652=1,R652&S652,"E99999")) | R652: =IF(L652="","",L652) | S652: =IF(M652="","",M652) | T652: =IF(W652=1,"",N652) | U652: =IF(OR(W652=1,X652=1),"",O652) | V652: ='내역서(엑셀)'!E655 -> 0 | W652: =COUNTIFS(R652,"><") -> 0 | X652: =COUNTIFS(S652,"><") -> 0 | Y652: =COUNTIFS(R652:U652,"*") -> 4 | Z652: =COUNTIFS(R652:U652,"><") -> 0 | AA652: =COUNTIFS(R652:U652,"<>") -> 4
I653: =IF('내역서(엑셀)'!A656<>"",'내역서(엑셀)'!A656,"") | J653: =LEFT(I653,1) | L653: =IF(OR(J653="E",J653="L",J653="M"),"",I653) | M653: =IF(OR(J653="D",J653="L",J653="M"),"",I653) | N653: =IF(OR(J653="D",J653="E",J653="L"),"",I653) | O653: =IF(OR(J653="D",J653="E",J653="M"),"",I653) | Q653: =IF(Z653=0,"",IF(Z653=1,R653&S653,"E99999")) | R653: =IF(L653="","",L653) | S653: =IF(M653="","",M653) | T653: =IF(W653=1,"",N653) | U653: =IF(OR(W653=1,X653=1),"",O653) | V653: ='내역서(엑셀)'!E656 -> 0 | W653: =COUNTIFS(R653,"><") -> 0 | X653: =COUNTIFS(S653,"><") -> 0 | Y653: =COUNTIFS(R653:U653,"*") -> 4 | Z653: =COUNTIFS(R653:U653,"><") -> 0 | AA653: =COUNTIFS(R653:U653,"<>") -> 4
I654: =IF('내역서(엑셀)'!A657<>"",'내역서(엑셀)'!A657,"") | J654: =LEFT(I654,1) | L654: =IF(OR(J654="E",J654="L",J654="M"),"",I654) | M654: =IF(OR(J654="D",J654="L",J654="M"),"",I654) | N654: =IF(OR(J654="D",J654="E",J654="L"),"",I654) | O654: =IF(OR(J654="D",J654="E",J654="M"),"",I654) | Q654: =IF(Z654=0,"",IF(Z654=1,R654&S654,"E99999")) | R654: =IF(L654="","",L654) | S654: =IF(M654="","",M654) | T654: =IF(W654=1,"",N654) | U654: =IF(OR(W654=1,X654=1),"",O654) | V654: ='내역서(엑셀)'!E657 -> 0 | W654: =COUNTIFS(R654,"><") -> 0 | X654: =COUNTIFS(S654,"><") -> 0 | Y654: =COUNTIFS(R654:U654,"*") -> 4 | Z654: =COUNTIFS(R654:U654,"><") -> 0 | AA654: =COUNTIFS(R654:U654,"<>") -> 4
I655: =IF('내역서(엑셀)'!A658<>"",'내역서(엑셀)'!A658,"") | J655: =LEFT(I655,1) | L655: =IF(OR(J655="E",J655="L",J655="M"),"",I655) | M655: =IF(OR(J655="D",J655="L",J655="M"),"",I655) | N655: =IF(OR(J655="D",J655="E",J655="L"),"",I655) | O655: =IF(OR(J655="D",J655="E",J655="M"),"",I655) | Q655: =IF(Z655=0,"",IF(Z655=1,R655&S655,"E99999")) | R655: =IF(L655="","",L655) | S655: =IF(M655="","",M655) | T655: =IF(W655=1,"",N655) | U655: =IF(OR(W655=1,X655=1),"",O655) | V655: ='내역서(엑셀)'!E658 -> 0 | W655: =COUNTIFS(R655,"><") -> 0 | X655: =COUNTIFS(S655,"><") -> 0 | Y655: =COUNTIFS(R655:U655,"*") -> 4 | Z655: =COUNTIFS(R655:U655,"><") -> 0 | AA655: =COUNTIFS(R655:U655,"<>") -> 4
I656: =IF('내역서(엑셀)'!A659<>"",'내역서(엑셀)'!A659,"") | J656: =LEFT(I656,1) | L656: =IF(OR(J656="E",J656="L",J656="M"),"",I656) | M656: =IF(OR(J656="D",J656="L",J656="M"),"",I656) | N656: =IF(OR(J656="D",J656="E",J656="L"),"",I656) | O656: =IF(OR(J656="D",J656="E",J656="M"),"",I656) | Q656: =IF(Z656=0,"",IF(Z656=1,R656&S656,"E99999")) | R656: =IF(L656="","",L656) | S656: =IF(M656="","",M656) | T656: =IF(W656=1,"",N656) | U656: =IF(OR(W656=1,X656=1),"",O656) | V656: ='내역서(엑셀)'!E659 -> 0 | W656: =COUNTIFS(R656,"><") -> 0 | X656: =COUNTIFS(S656,"><") -> 0 | Y656: =COUNTIFS(R656:U656,"*") -> 4 | Z656: =COUNTIFS(R656:U656,"><") -> 0 | AA656: =COUNTIFS(R656:U656,"<>") -> 4
I657: =IF('내역서(엑셀)'!A660<>"",'내역서(엑셀)'!A660,"") | J657: =LEFT(I657,1) | L657: =IF(OR(J657="E",J657="L",J657="M"),"",I657) | M657: =IF(OR(J657="D",J657="L",J657="M"),"",I657) | N657: =IF(OR(J657="D",J657="E",J657="L"),"",I657) | O657: =IF(OR(J657="D",J657="E",J657="M"),"",I657) | Q657: =IF(Z657=0,"",IF(Z657=1,R657&S657,"E99999")) | R657: =IF(L657="","",L657) | S657: =IF(M657="","",M657) | T657: =IF(W657=1,"",N657) | U657: =IF(OR(W657=1,X657=1),"",O657) | V657: ='내역서(엑셀)'!E660 -> 0 | W657: =COUNTIFS(R657,"><") -> 0 | X657: =COUNTIFS(S657,"><") -> 0 | Y657: =COUNTIFS(R657:U657,"*") -> 4 | Z657: =COUNTIFS(R657:U657,"><") -> 0 | AA657: =COUNTIFS(R657:U657,"<>") -> 4
I658: =IF('내역서(엑셀)'!A661<>"",'내역서(엑셀)'!A661,"") | J658: =LEFT(I658,1) | L658: =IF(OR(J658="E",J658="L",J658="M"),"",I658) | M658: =IF(OR(J658="D",J658="L",J658="M"),"",I658) | N658: =IF(OR(J658="D",J658="E",J658="L"),"",I658) | O658: =IF(OR(J658="D",J658="E",J658="M"),"",I658) | Q658: =IF(Z658=0,"",IF(Z658=1,R658&S658,"E99999")) | R658: =IF(L658="","",L658) | S658: =IF(M658="","",M658) | T658: =IF(W658=1,"",N658) | U658: =IF(OR(W658=1,X658=1),"",O658) | V658: ='내역서(엑셀)'!E661 -> 0 | W658: =COUNTIFS(R658,"><") -> 0 | X658: =COUNTIFS(S658,"><") -> 0 | Y658: =COUNTIFS(R658:U658,"*") -> 4 | Z658: =COUNTIFS(R658:U658,"><") -> 0 | AA658: =COUNTIFS(R658:U658,"<>") -> 4
I659: =IF('내역서(엑셀)'!A662<>"",'내역서(엑셀)'!A662,"") | J659: =LEFT(I659,1) | L659: =IF(OR(J659="E",J659="L",J659="M"),"",I659) | M659: =IF(OR(J659="D",J659="L",J659="M"),"",I659) | N659: =IF(OR(J659="D",J659="E",J659="L"),"",I659) | O659: =IF(OR(J659="D",J659="E",J659="M"),"",I659) | Q659: =IF(Z659=0,"",IF(Z659=1,R659&S659,"E99999")) | R659: =IF(L659="","",L659) | S659: =IF(M659="","",M659) | T659: =IF(W659=1,"",N659) | U659: =IF(OR(W659=1,X659=1),"",O659) | V659: ='내역서(엑셀)'!E662 -> 0 | W659: =COUNTIFS(R659,"><") -> 0 | X659: =COUNTIFS(S659,"><") -> 0 | Y659: =COUNTIFS(R659:U659,"*") -> 4 | Z659: =COUNTIFS(R659:U659,"><") -> 0 | AA659: =COUNTIFS(R659:U659,"<>") -> 4
I660: =IF('내역서(엑셀)'!A663<>"",'내역서(엑셀)'!A663,"") | J660: =LEFT(I660,1) | L660: =IF(OR(J660="E",J660="L",J660="M"),"",I660) | M660: =IF(OR(J660="D",J660="L",J660="M"),"",I660) | N660: =IF(OR(J660="D",J660="E",J660="L"),"",I660) | O660: =IF(OR(J660="D",J660="E",J660="M"),"",I660) | Q660: =IF(Z660=0,"",IF(Z660=1,R660&S660,"E99999")) | R660: =IF(L660="","",L660) | S660: =IF(M660="","",M660) | T660: =IF(W660=1,"",N660) | U660: =IF(OR(W660=1,X660=1),"",O660) | V660: ='내역서(엑셀)'!E663 -> 0 | W660: =COUNTIFS(R660,"><") -> 0 | X660: =COUNTIFS(S660,"><") -> 0 | Y660: =COUNTIFS(R660:U660,"*") -> 4 | Z660: =COUNTIFS(R660:U660,"><") -> 0 | AA660: =COUNTIFS(R660:U660,"<>") -> 4
I661: =IF('내역서(엑셀)'!A664<>"",'내역서(엑셀)'!A664,"") | J661: =LEFT(I661,1) | L661: =IF(OR(J661="E",J661="L",J661="M"),"",I661) | M661: =IF(OR(J661="D",J661="L",J661="M"),"",I661) | N661: =IF(OR(J661="D",J661="E",J661="L"),"",I661) | O661: =IF(OR(J661="D",J661="E",J661="M"),"",I661) | Q661: =IF(Z661=0,"",IF(Z661=1,R661&S661,"E99999")) | R661: =IF(L661="","",L661) | S661: =IF(M661="","",M661) | T661: =IF(W661=1,"",N661) | U661: =IF(OR(W661=1,X661=1),"",O661) | V661: ='내역서(엑셀)'!E664 -> 0 | W661: =COUNTIFS(R661,"><") -> 0 | X661: =COUNTIFS(S661,"><") -> 0 | Y661: =COUNTIFS(R661:U661,"*") -> 4 | Z661: =COUNTIFS(R661:U661,"><") -> 0 | AA661: =COUNTIFS(R661:U661,"<>") -> 4
I662: =IF('내역서(엑셀)'!A665<>"",'내역서(엑셀)'!A665,"") | J662: =LEFT(I662,1) | L662: =IF(OR(J662="E",J662="L",J662="M"),"",I662) | M662: =IF(OR(J662="D",J662="L",J662="M"),"",I662) | N662: =IF(OR(J662="D",J662="E",J662="L"),"",I662) | O662: =IF(OR(J662="D",J662="E",J662="M"),"",I662) | Q662: =IF(Z662=0,"",IF(Z662=1,R662&S662,"E99999")) | R662: =IF(L662="","",L662) | S662: =IF(M662="","",M662) | T662: =IF(W662=1,"",N662) | U662: =IF(OR(W662=1,X662=1),"",O662) | V662: ='내역서(엑셀)'!E665 -> 0 | W662: =COUNTIFS(R662,"><") -> 0 | X662: =COUNTIFS(S662,"><") -> 0 | Y662: =COUNTIFS(R662:U662,"*") -> 4 | Z662: =COUNTIFS(R662:U662,"><") -> 0 | AA662: =COUNTIFS(R662:U662,"<>") -> 4
I663: =IF('내역서(엑셀)'!A666<>"",'내역서(엑셀)'!A666,"") | J663: =LEFT(I663,1) | L663: =IF(OR(J663="E",J663="L",J663="M"),"",I663) | M663: =IF(OR(J663="D",J663="L",J663="M"),"",I663) | N663: =IF(OR(J663="D",J663="E",J663="L"),"",I663) | O663: =IF(OR(J663="D",J663="E",J663="M"),"",I663) | Q663: =IF(Z663=0,"",IF(Z663=1,R663&S663,"E99999")) | R663: =IF(L663="","",L663) | S663: =IF(M663="","",M663) | T663: =IF(W663=1,"",N663) | U663: =IF(OR(W663=1,X663=1),"",O663) | V663: ='내역서(엑셀)'!E666 -> 0 | W663: =COUNTIFS(R663,"><") -> 0 | X663: =COUNTIFS(S663,"><") -> 0 | Y663: =COUNTIFS(R663:U663,"*") -> 4 | Z663: =COUNTIFS(R663:U663,"><") -> 0 | AA663: =COUNTIFS(R663:U663,"<>") -> 4
I664: =IF('내역서(엑셀)'!A667<>"",'내역서(엑셀)'!A667,"") | J664: =LEFT(I664,1) | L664: =IF(OR(J664="E",J664="L",J664="M"),"",I664) | M664: =IF(OR(J664="D",J664="L",J664="M"),"",I664) | N664: =IF(OR(J664="D",J664="E",J664="L"),"",I664) | O664: =IF(OR(J664="D",J664="E",J664="M"),"",I664) | Q664: =IF(Z664=0,"",IF(Z664=1,R664&S664,"E99999")) | R664: =IF(L664="","",L664) | S664: =IF(M664="","",M664) | T664: =IF(W664=1,"",N664) | U664: =IF(OR(W664=1,X664=1),"",O664) | V664: ='내역서(엑셀)'!E667 -> 0 | W664: =COUNTIFS(R664,"><") -> 0 | X664: =COUNTIFS(S664,"><") -> 0 | Y664: =COUNTIFS(R664:U664,"*") -> 4 | Z664: =COUNTIFS(R664:U664,"><") -> 0 | AA664: =COUNTIFS(R664:U664,"<>") -> 4
... I957: =IF('내역서(엑셀)'!A960<>"",'내역서(엑셀)'!A960,"") | J957: =LEFT(I957,1) | L957: =IF(OR(J957="E",J957="L",J957="M"),"",I957) | M957: =IF(OR(J957="D",J957="L",J957="M"),"",I957) | N957: =IF(OR(J957="D",J957="E",J957="L"),"",I957) | O957: =IF(OR(J957="D",J957="E",J957="M"),"",I957) | Q957: =IF(Z957=0,"",IF(Z957=1,R957&S957,"E99999")) | R957: =IF(L957="","",L957) | S957: =IF(M957="","",M957) | T957: =IF(W957=1,"",N957) | U957: =IF(OR(W957=1,X957=1),"",O957) | V957: ='내역서(엑셀)'!E960 -> 0 | W957: =COUNTIFS(R957,"><") -> 0 | X957: =COUNTIFS(S957,"><") -> 0 | Y957: =COUNTIFS(R957:U957,"*") -> 4 | Z957: =COUNTIFS(R957:U957,"><") -> 0 | AA957: =COUNTIFS(R957:U957,"<>") -> 4
I958: =IF('내역서(엑셀)'!A961<>"",'내역서(엑셀)'!A961,"") | J958: =LEFT(I958,1)
I959: =IF('내역서(엑셀)'!A962<>"",'내역서(엑셀)'!A962,"") | J959: =LEFT(I959,1)
