Workbook

Sheet PR당사안
A3: 見 積 書
A4: 수 신: LG에너지솔루션
B5: 대전 업무지원팀 / 김규환님 귀하
A7: 견 적 일 자 | D7: 2025 | E7: 년 | F7: 4 | G7: 월 | H7: 7 | I7: 일 | K7: 공 급 자 | L7: 등록번호 | M7: 707-86-02-404 | N7: 전 화 | O7: 02-6924-5539
A8: 견 적 담 당 | D8: 이종근 | H8: 파트너 | L8: 상 호 | M8: ㈜에스앤아이코퍼레이션 | N8: 대 표 | O8: 형원준
A9: 견적유효기간 | D9: 견적 제출 후 30일 까지 | L9: 주 소 | M9: 서울특별시 강서구 마곡중앙로150
A10: 납 기 | D10: 발주 후 개별 협의 | L10: 업 태 | M10: 부동산, 서비스 | N10: 종 목 | O10: 임대 및 관리
B13: 사택 8-401 수장공사 | N13: 견적을 제출 합니다
B15: ="견 적 금 액 : 一金"&NUMBERSTRING(M32,1) & "원정""(\"& TEXT(M32,"#,###")&"원) [VAT 별도]" -> 견 적 금 액 : 一金오백오십칠만일천칠백이십오원정"(\5,571,725원) [VAT 별도]
A17: NO | B17: 구 분 | H17: 수량 | I17: 단위 | J17: 금 액 | N17: 비 고
A18: 1 | B18: 재료비 | H18: 1 | I18: 식 | J18: =IFERROR(LOOKUP(2, 1/(TRIM('내역서(표준단가)'!O4:O100)<>""), '내역서(표준단가)'!O4:O100), "-") -> 897493.74
A19: 2 | B19: 노무비 | H19: 1 | I19: 식 | J19: =IFERROR(LOOKUP(2, 1/(TRIM('내역서(표준단가)'!Q4:Q100)<>""), '내역서(표준단가)'!Q4:Q100), "-") -> 3489621.2
A20: 3 | B20: 경 비 | H20: 1 | I20: 식 | J20: =IFERROR(SUM(J21:M29),"-") -> 592675.06
C21: 기계 및 기타경비 | H21: 1 | I21: 식 | J21: =IFERROR(LOOKUP(2, 1/(TRIM('내역서(표준단가)'!S4:S100)<>""), '내역서(표준단가)'!S4:S100) + LOOKUP(2, 1/(TRIM('내역서(표준단가)'!U4:U100)<>""), '내역서(표준단가)'!U4:U100), "-") -> 0 | N21: 중장비 사용 등
C22: 안전관리비 | H22: 3.11 | I22: % | J22: =IFERROR((J18+J19)*H22%,"-") -> 136439.28 | N22: (재료비+노무비)*3.11%
C23: 산재 보험료 | H23: 3.56 | I23: % | J23: =IFERROR(J19*H23%,"-") -> 124230.52 | N23: 노무비*3.56%
C24: 고용보험료 | H24: 1.01 | I24: % | J24: =IFERROR(J19*H24%,"-") -> 35245.174 | N24: 노무비*1.01%
C25: 국민건강 보험료 | H25: 3.545 | I25: % | J25: =IFERROR(J19*H25%,"-") -> 123707.07 | N25: 노무비*3.545%
C26: 국민연금 보험료 | H26: 4.5 | I26: % | J26: =IFERROR(J19*H26%,"-") -> 157032.95 | N26: 노무비*4.5%
C27: 노인장기요양 보험료 | H27: 12.95 | I27: % | J27: =IFERROR($H$27*J25%,"-") -> 16020.066 | N27: 건강보험료*12.95%
C28: 하도급대금지급보증증권 | H28: 0.081 | I28: % | J28: =IFERROR(IF(SUM(J21:J27,J18:J19)>=10000000,SUM(J21:J27,J18:J19)*H28%,"-"),"-") -> - | N28: 1천만원 이상 공사시 적용
C29: 폐기물처리 부담금 | H29: 1 | I29: 식 | J29: =34*0 -> 0 | N29: 폐기물발생 시 적용 (kg당 34원)
A30: 4 | C30: 일반관리비 | H30: 5 | I30: % | J30: =IFERROR(IF(ISNUMBER(H30), SUM(J18:M20) * (H30 / 100), "-"), "-") -> 248989.5 | N30: (재료비 + 노무비 + 경비)*5%
A31: 5 | C31: 이 윤 | H31: 7.5 | I31: % | J31: =IFERROR(SUM(J18:M20, J30) * (H31 / 100), "-")+-49212 -> 342946.46 | N31: (재료비+노무비+경비+일반관리비)*7.5%
A32: 공사금액 | M32: =IFERROR(ROUNDDOWN(SUM(J18:M20)+J30+J31,0),"-") -> 5571725
A33: *유첨 : 견적서 내역서 1부 ─ 끝 ─

Sheet 내역서(표준단가)
O1: ▼낙찰율 | Q1: ▼낙찰율 | S1: ▼낙찰율 | U1: ▼낙찰율
O2: 0.835 | Q2: 0.835 | S2: 0.835 | U2: 0.835
F3: ▶ 표준 Code(표준단가/품셈/물정/노임) 순서별 입력(Upload 자동반영) | J3: 주요내역 | L3: 단위 | M3: 수량 | N3: 재료비 | P3: 노무비 | R3: 기계경비 | T3: 기타경비(부자재비) | V3: 합계 | W3: 노무비 할증 | X3: 할증기준
A4: 합계 | F4: 표준단가 D | G4: 표준품셈 E | H4: 물가정보 M | I4: 노임단가 L | J4: 품목 | K4: 규격 | N4: 품셈/표단 | O4: 금액 | P4: 단가 | Q4: 금액 | R4: 단가 | S4: 금액 | T4: 단가 | U4: 금액
A5: =F5&G5&H5&I5 -> M020853710050101 | H5: M020853710050101 | J5: 아이리스 | K5: 합지벽지 1R/L=93㎝(고정)×17.75m=16.51㎡, 소요량198/16.51=11.992R/L | L5: R/L | M5: 11.992 | N5: 20900 | O5: =SUM(N5:N5)*M5*$O$2 -> 209278.39 | Q5: =(P5*M5)*$Q$2 -> 0 | S5: =R5*M5*$S$2 -> 0 | U5: =T5*M5*$U$2 -> 0 | V5: =SUM(O5+Q5)+S5+U5 -> 209278.39
A6: =F6&G6&H6&I6 -> E00000803071260301 | G6: E00000803071260301 | J6: 도배 교체(벽) | K6: 일당 시공량-벽 46㎡, 적산정보 500p 참조,시공총량136㎡/일당46㎡=2.956, | L6: (일당) | M6: 2.956 | O6: =SUM(N6:N6)*M6*$O$2 -> 0 | P6: 487076 | Q6: =(P6*M6)*$Q$2 -> 1202230.2 | S6: =R6*M6*$S$2 -> 0 | U6: =T6*M6*$U$2 -> 0 | V6: =SUM(O6+Q6)+S6+U6 -> 1202230.2
A7: =F7&G7&H7&I7 -> E00000803071260301 | G7: E00000803071260301 | J7: 도배 교체(천장) | K7: 일당 시공량-천장 35㎡ 적산정보 500p 참조, 시공총량62㎡/일당35㎡=1.771 | L7: (일당) | M7: 1.771 | O7: =SUM(N7:N7)*M7*$O$2 -> 0 | P7: 487076 | Q7: =(P7*M7)*$Q$2 -> 720280.68 | S7: =R7*M7*$S$2 -> 0 | U7: =T7*M7*$U$2 -> 0 | V7: =SUM(O7+Q7)+S7+U7 -> 720280.68
A8: =F8&G8&H8&I8 -> M020809012520101 | H8: M020809012520101 | J8: 비닐시트바닥재 | K8: 데코리아 다솜(륨) 1.8T×1,830㎜ | L8: ㎡ | M8: 59.5 | N8: 13000 | O8: =SUM(N8:N8)*M8*$O$2 -> 645872.5 | Q8: =(P8*M8)*$Q$2 -> 0 | S8: =R8*M8*$S$2 -> 0 | U8: =T8*M8*$U$2 -> 0 | V8: =SUM(O8+Q8)+S8+U8 -> 645872.5
A9: =F9&G9&H9&I9 -> E00000803071260401 | G9: E00000803071260401 | J9: PVC계바닥재 교체 | K9: 일당 시공량-61㎡ 적산정보 500p 참조,시공총량59.5/일당61=0.9754 | L9: (일당) | M9: 0.9754 | O9: =SUM(N9:N9)*M9*$O$2 -> 0 | P9: 487076 | Q9: =(P9*M9)*$Q$2 -> 396703.43 | S9: =R9*M9*$S$2 -> 0 | U9: =T9*M9*$U$2 -> 0 | V9: =SUM(O9+Q9)+S9+U9 -> 396703.43
A10: =F10&G10&H10&I10 -> M020412614110102 | H10: M020412614110102 | J10: 합성수지에멀션페인트 | K10: KSM-6010 내부용, 2급, 백색 | L10: 18ℓ | M10: 0.5 | N10: 65500 | O10: =SUM(N10:N10)*M10*$O$2 -> 27346.25 | V10: =SUM(O10+Q10)+S10+U10 -> 27346.25
A11: =F11&G11&H11&I11 -> E00000803061120402 | G11: E00000803061120402 | J11: 석고보드면 바탕만들기 | K11: 줄퍼티 | L11: (㎡ 당) | M11: 48 | O11: =SUM(N11:N11)*M11*$O$2 -> 0 | P11: 10432 | Q11: =(P11*M11)*$Q$2 -> 418114.56 | S11: =R11*M11*$S$2 -> 0 | U11: =T11*M11*$U$2 -> 0 | V11: =SUM(O11+Q11)+S11+U11 -> 418114.56
A12: =F12&G12&H12&I12 -> E00000803061300201 | G12: E00000803061300201 | J12: 수성페인트 붓칠 | K12: 1회칠 | L12: (㎡ 당) | M12: 48 | O12: =SUM(N12:N12)*M12*$O$2 -> 0 | P12: 6179 | Q12: =(P12*M12)*$Q$2 -> 247654.32 | S12: =R12*M12*$S$2 -> 0 | U12: =T12*M12*$U$2 -> 0 | V12: =SUM(O12+Q12)+S12+U12 -> 247654.32
A13: =F13&G13&H13&I13 -> M020411810170101 | H13: M020411810170101 | J13: 조합페인트 | K13: 백색 무광 | L13: 18ℓ | M13: 0.2 | N13: 89800 | O13: =SUM(N13:N13)*M13*$O$2 -> 14996.6 | S13: =R13*M13*$S$2 -> 0 | U13: =T13*M13*$U$2 -> 0 | V13: =SUM(O13+Q13)+S13+U13 -> 14996.6
A14: =F14&G14&H14&I14 -> E00000803061120802 | G14: E00000803061120802 | J14: 목재면 바탕만들기 | K14: 퍼티 및 연마 | L14: (㎡ 당) | M14: 16 | O14: =SUM(N14:N14)*M14*$O$2 -> 0 | P14: 2422 | Q14: =(P14*M14)*$Q$2 -> 32357.92 | S14: =R14*M14*$S$2 -> 0 | U14: =T14*M14*$U$2 -> 0 | V14: =SUM(O14+Q14)+S14+U14 -> 32357.92
A15: =F15&G15&H15&I15 -> E00000803061300701 | G15: E00000803061300701 | J15: 유성페인트 롤러칠 - 콘크리트·모르터면·석고보드면 | K15: 1회칠 | L15: (㎡ 당) | M15: 16 | O15: =SUM(N15:N15)*M15*$O$2 -> 0 | P15: 3756 | Q15: =(P15*M15)*$Q$2 -> 50180.16 | S15: =R15*M15*$S$2 -> 0 | U15: =T15*M15*$U$2 -> 0 | V15: =SUM(O15+Q15)+S15+U15 -> 50180.16
A16: =F16&G16&H16&I16 -> E00000803061120802 | G16: E00000803061120802 | J16: 목재면 바탕만들기(방화문 적용) | K16: 퍼티 및 연마 | L16: (㎡ 당) | M16: 1.1 | O16: =SUM(N16:N16)*M16*$O$2 -> 0 | P16: 2422 | Q16: =(P16*M16)*$Q$2 -> 2224.607 | S16: =R16*M16*$S$2 -> 0 | U16: =T16*M16*$U$2 -> 0 | V16: =SUM(O16+Q16)+S16+U16 -> 2224.607
A17: =F17&G17&H17&I17 -> E00000803061300401 | G17: E00000803061300401 | J17: 유성페인트 붓칠 - 철재면 | K17: 1회칠 | L17: (㎡ 당) | M17: 1.1 | O17: =SUM(N17:N17)*M17*$O$2 -> 0 | P17: 5677 | Q17: =(P17*M17)*$Q$2 -> 5214.3245 | S17: =R17*M17*$S$2 -> 0 | U17: =T17*M17*$U$2 -> 0 | V17: =SUM(O17+Q17)+S17+U17 -> 5214.3245
A18: =F18&G18&H18&I18 -> E00000801011510701 | G18: E00000801011510701 | J18: 준공청소 | K18: 전체면적 | L18: (연면적 ㎡당) | M18: 100 | O18: =SUM(N18:N18)*M18*$O$2 -> 0 | P18: 4966 | Q18: =(P18*M18)*$Q$2 -> 414661 | S18: =R18*M18*$S$2 -> 0 | U18: =T18*M18*$U$2 -> 0 | V18: =SUM(O18+Q18)+S18+U18 -> 414661
O19: =SUM(O5:O18) -> 897493.74 | Q19: =SUM(Q5:Q18) -> 3489621.2 | S19: =SUM(S5:S18) -> 0 | U19: =SUM(U5:U18) -> 0 | V19: =SUM(V5:V18) -> 4387115

Sheet 상세내역
A1: 내 역 서
A2: 품 명 | B2: 규 격 | C2: 단위 | D2: 수 량 | E2: 재 료 비 | G2: 노 무 비 | I2: 기계경비 | K2: 기타경비(부자재비) | M2: 합 계 | O2: 비 고
E3: 단 가 | F3: 금 액 | G3: 단 가 | H3: 금 액 | K3: 단 가 | L3: 금 액 | M3: 단 가 | N3: 금 액
A4: 사택 8-401 수장공사
A5: 1.도배 | B5: 거실 벽면 | C5: ㎡ | D5: 40 | E5: 1057 | F5: =D5*E5 -> 42280 | G5: 8839.9 | H5: =D5*G5 -> 353596 | N5: =F5+H5+J5+L5 -> 395876 | O5: 광폭합지 벽지(LX하우시스, 휘앙세), 24년 12월 물가자료
B6: 거실 천정 | C6: ㎡ | D6: 24 | E6: 1057 | F6: =D6*E6 -> 25368 | G6: 11617.4 | H6: =D6*G6 -> 278817.6 | N6: =F6+H6+J6+L6 -> 304185.6
B7: 방A 벽면 | C7: ㎡ | D7: 32 | E7: 1057 | F7: =D7*E7 -> 33824 | G7: 8839.9 | H7: =D7*G7 -> 282876.8 | N7: =F7+H7+J7+L7 -> 316700.8
B8: 방A 천정 | C8: ㎡ | D8: 16 | E8: 1057 | F8: =D8*E8 -> 16912 | G8: 11617.4 | H8: =D8*G8 -> 185878.4 | N8: =F8+H8+J8+L8 -> 202790.4
B9: 방B 벽면 | C9: ㎡ | D9: 32 | E9: 1057 | F9: =D9*E9 -> 33824 | G9: 8839.9 | H9: =D9*G9 -> 282876.8 | N9: =F9+H9+J9+L9 -> 316700.8
B10: 방B 천정 | C10: ㎡ | D10: 11 | E10: 1057 | F10: =D10*E10 -> 11627 | G10: 11617.4 | H10: =D10*G10 -> 127791.4 | N10: =F10+H10+J10+L10 -> 139418.4
B11: 방C 벽면 | C11: ㎡ | D11: 32 | E11: 1057 | F11: =D11*E11 -> 33824 | G11: 8839.9 | H11: =D11*G11 -> 282876.8 | N11: =F11+H11+J11+L11 -> 316700.8
B12: 방C 천정 | C12: ㎡ | D12: 11 | E12: 1057 | F12: =D12*E12 -> 11627 | G12: 11617.4 | H12: =D12*G12 -> 127791.4 | N12: =F12+H12+J12+L12 -> 139418.4
A13: 소 계 | D13: 198 | F13: =SUM(F5:F12) -> 209286 | H13: =SUM(H5:H12) -> 1922505.2 | J13: =SUM(J5:J12) -> 0 | L13: =SUM(L5:L12) -> 0 | N13: =SUM(N5:N12) -> 2131791.2
A14: 2.바닥재 | B14: 거실 바닥 | C14: ㎡ | D14: 28.9 | E14: 10855 | F14: =D14*E14 -> 313709.5 | G14: 6668.1 | H14: =D14*G14 -> 192708.09 | N14: =F14+H14+J14+L14 -> 506417.59
B15: 방A 바닥 | C15: ㎡ | D15: 12.4 | E15: 10855 | F15: =D15*E15 -> 134602 | G15: 6668.1 | H15: =D15*G15 -> 82684.44 | N15: =F15+H15+J15+L15 -> 217286.44
B16: 방B 바닥 | C16: ㎡ | D16: 9.9 | E16: 10855 | F16: =D16*E16 -> 107464.5 | G16: 6668.1 | H16: =D16*G16 -> 66014.19 | N16: =F16+H16+J16+L16 -> 173478.69
B17: 방C 바닥 | C17: ㎡ | D17: 8.3 | E17: 10855 | F17: =D17*E17 -> 90096.5 | G17: 6668.1 | H17: =D17*G17 -> 55345.23 | N17: =F17+H17+J17+L17 -> 145441.73
A18: 소 계 | D18: =SUM(D14:D17) -> 59.5 | F18: =SUM(F14:F17) -> 645872.5 | H18: =SUM(H14:H17) -> 396751.95 | J18: =SUM(J14:J17) -> 0 | L18: =SUM(L14:L17) -> 0 | N18: =SUM(N14:N17) -> 1042624.4
A19: 3.도장
A20: 수성페인트 | B20: KSM-6010 내부용, 2급, 백색 | C20: 18ℓ | D20: 0.5 | E20: 54693 | F20: =D20*E20 -> 27346.5 | N20: =F20+H20+J20+L20 -> 27346.5
A21: 베란다 수성페인트(전면) | B21: 석고보드면 바탕만들기(줄퍼티) | C21: ㎡ | D21: 24 | F21: =D21*E21 -> 0 | G21: 8711 | H21: =D21*G21 -> 209064 | N21: =F21+H21+J21+L21 -> 209064
B22: 붓칠,내벽 | C22: ㎡ | D22: 24 | F22: =D22*E22 -> 0 | G22: 5159 | H22: =D22*G22 -> 123816 | N22: =F22+H22+J22+L22 -> 123816
A23: 베란다 수성페인트(후면) | B23: 석고보드면 바탕만들기(줄퍼티) | C23: ㎡ | D23: 24 | F23: =D23*E23 -> 0 | G23: 8711 | H23: =D23*G23 -> 209064 | N23: =F23+H23+J23+L23 -> 209064
B24: 붓칠,내벽 | C24: ㎡ | D24: 24 | F24: =D24*E24 -> 0 | G24: 5159 | H24: =D24*G24 -> 123816 | N24: =F24+H24+J24+L24 -> 123816
A25: 조합페인트 | B25: 백색 무광 | C25: 18ℓ | D25: 0.2 | E25: 74987 | F25: =D25*E25 -> 14997.4 | N25: =F25+H25+J25+L25 -> 14997.4
A26: 내부(문,틀,몰딩,기타) | B26: 철재면 청소(휘발유사용) | C26: ㎡ | D26: 16 | F26: =D26*E26 -> 0 | G26: 2022 | H26: =D26*G26 -> 32352 | N26: =F26+H26+J26+L26 -> 32352
B27: 유성페인트 롤러칠(석고보드면) | C27: ㎡ | D27: 16 | F27: =D27*E27 -> 0 | G27: 3136 | H27: =D27*G27 -> 50176 | N27: =F27+H27+J27+L27 -> 50176
A28: 방화도어 내부 | B28: 철재면 청소(휘발유사용) | C28: ㎡ | D28: 2 | F28: =D28*E28 -> 0 | G28: 2022 | H28: =D28*G28 -> 4044 | N28: =F28+H28+J28+L28 -> 4044
B29: 유성페인트 롤러칠(철재면) | C29: ㎡ | D29: 2 | F29: =D29*E29 -> 0 | G29: 4740 | H29: =D29*G29 -> 9480 | N29: =F29+H29+J29+L29 -> 9480
A30: 소 계 | F30: =SUM(F19:F29) -> 42343.9 | H30: =SUM(H19:H29) -> 761812 | J30: =SUM(J19:J29) -> 0 | L30: =SUM(L19:L29) -> 0 | N30: =SUM(N19:N29) -> 804155.9
A31: 4.청소 | B31: 준공청소(특별인부), | C31: ㎡ | D31: 100 | G31: 4147 | H31: =D31*G31 -> 414700 | N31: =F31+H31+J31+L31 -> 414700 | O31: 2023년 실내건축 일위대가
A32: 소 계 | H32: =SUM(H31:H31) -> 414700 | J32: =SUM(J31:J31) -> 0 | L32: =SUM(L31:L31) -> 0 | N32: =SUM(N31:N31) -> 414700
A33: 합 계 | F33: =F13+F18+F30+F32 -> 897502.4 | H33: =H13+H18+H30+H32 -> 3495769.1 | J33: =J13+J18+J30+J32 -> 0 | L33: =L13+L18+L30+L32 -> 0 | N33: =N13+N18+N30+N32 -> 4393271.5

Sheet Upload
A1: 구분 | B1: 표준단가 | C1: 표준품셈 | D1: 물가정보 | E1: 노임단가 | F1: 수량
A2: ='내역서(표준단가)'!A5 -> M020853710050101 | B2: ='내역서(표준단가)'!F5 -> 0 | C2: ='내역서(표준단가)'!G5 -> 0 | D2: ='내역서(표준단가)'!H5 -> M020853710050101 | E2: ='내역서(표준단가)'!I5 -> 0 | F2: ='내역서(표준단가)'!M5 -> 11.992
A3: ='내역서(표준단가)'!A6 -> E00000803071260301 | B3: ='내역서(표준단가)'!F6 -> 0 | C3: ='내역서(표준단가)'!G6 -> E00000803071260301 | D3: ='내역서(표준단가)'!H6 -> 0 | E3: ='내역서(표준단가)'!I6 -> 0 | F3: ='내역서(표준단가)'!M6 -> 2.956
A4: ='내역서(표준단가)'!A7 -> E00000803071260301 | B4: ='내역서(표준단가)'!F7 -> 0 | C4: ='내역서(표준단가)'!G7 -> E00000803071260301 | D4: ='내역서(표준단가)'!H7 -> 0 | E4: ='내역서(표준단가)'!I7 -> 0 | F4: ='내역서(표준단가)'!M7 -> 1.771
A5: ='내역서(표준단가)'!A8 -> M020809012520101 | B5: ='내역서(표준단가)'!F8 -> 0 | C5: ='내역서(표준단가)'!G8 -> 0 | D5: ='내역서(표준단가)'!H8 -> M020809012520101 | E5: ='내역서(표준단가)'!I8 -> 0 | F5: ='내역서(표준단가)'!M8 -> 59.5
A6: ='내역서(표준단가)'!A9 -> E00000803071260401 | B6: ='내역서(표준단가)'!F9 -> 0 | C6: ='내역서(표준단가)'!G9 -> E00000803071260401 | D6: ='내역서(표준단가)'!H9 -> 0 | E6: ='내역서(표준단가)'!I9 -> 0 | F6: ='내역서(표준단가)'!M9 -> 0.9754
A7: ='내역서(표준단가)'!A10 -> M020412614110102 | B7: ='내역서(표준단가)'!F10 -> 0 | C7: ='내역서(표준단가)'!G10 -> 0 | D7: ='내역서(표준단가)'!H10 -> M020412614110102 | E7: ='내역서(표준단가)'!I10 -> 0 | F7: ='내역서(표준단가)'!M10 -> 0.5
A8: ='내역서(표준단가)'!A11 -> E00000803061120402 | B8: ='내역서(표준단가)'!F11 -> 0 | C8: ='내역서(표준단가)'!G11 -> E00000803061120402 | D8: ='내역서(표준단가)'!H11 -> 0 | E8: ='내역서(표준단가)'!I11 -> 0 | F8: ='내역서(표준단가)'!M11 -> 48
A9: ='내역서(표준단가)'!A12 -> E00000803061300201 | B9: ='내역서(표준단가)'!F12 -> 0 | C9: ='내역서(표준단가)'!G12 -> E00000803061300201 | D9: ='내역서(표준단가)'!H12 -> 0 | E9: ='내역서(표준단가)'!I12 -> 0 | F9: ='내역서(표준단가)'!M12 -> 48
A10: ='내역서(표준단가)'!A13 -> M020411810170101 | B10: ='내역서(표준단가)'!F13 -> 0 | C10: ='내역서(표준단가)'!G13 -> 0 | D10: ='내역서(표준단가)'!H13 -> M020411810170101 | E10: ='내역서(표준단가)'!I13 -> 0 | F10: ='내역서(표준단가)'!M13 -> 0.2
A11: ='내역서(표준단가)'!A14 -> E00000803061120802 | B11: ='내역서(표준단가)'!F14 -> 0 | C11: ='내역서(표준단가)'!G14 -> E00000803061120802 | D11: ='내역서(표준단가)'!H14 -> 0 | E11: ='내역서(표준단가)'!I14 -> 0 | F11: ='내역서(표준단가)'!M14 -> 16
A12: ='내역서(표준단가)'!A15 -> E00000803061300701 | B12: ='내역서(표준단가)'!F15 -> 0 | C12: ='내역서(표준단가)'!G15 -> E00000803061300701 | D12: ='내역서(표준단가)'!H15 -> 0 | E12: ='내역서(표준단가)'!I15 -> 0 | F12: ='내역서(표준단가)'!M15 -> 16
A13: ='내역서(표준단가)'!A16 -> E00000803061120802 | B13: ='내역서(표준단가)'!F16 -> 0 | C13: ='내역서(표준단가)'!G16 -> E00000803061120802 | D13: ='내역서(표준단가)'!H16 -> 0 | E13: ='내역서(표준단가)'!I16 -> 0 | F13: ='내역서(표준단가)'!M16 -> 1.1
... A15: ='내역서(표준단가)'!A18 -> E00000801011510701 | B15: ='내역서(표준단가)'!F18 -> 0 | C15: ='내역서(표준단가)'!G18 -> E00000801011510701 | D15: ='내역서(표준단가)'!H18 -> 0 | E15: ='내역서(표준단가)'!I18 -> 0 | F15: ='내역서(표준단가)'!M18 -> 100

Sheet 6,8,9동 도면
