Workbook

Sheet 갑지
A2: 견 적 서
A5: 수신인 : 주식회사 에스엔아이 코퍼레이션 | F5: 등록번호 | G5: 314-86-35718
F6: 상 호 | G6: ㈜일성건축
A7: 공사명 : 사택 5-503 외 5세대 씽크대 후드교체 | F7: 대표 이사 | G7: 상 석 희
F8: 사업장 | G8: 대전 서구 도마6길 107 (도마동)
A9: 견적일 : 2026년 09월 08일 | F9: 업 태 | G9: 건설업
F10: 종 목 | G10: 실내건축,인테리어공사
F11: TEL, FAX | G11: 042)527-0995, 042)527-0996
A12: 금액: | B12: =NUMBERSTRING(F31,1) -> 일백육십일만육천 | D12: 원정
A14: NO | B14: 품명 | C14: 규격 | D14: 수량 | E14: 단위 | F14: 금액 | G14: 비고
B15: 직접비
B16: 재료비 | F16: ='내역서(표준단가)'!K11 -> 1000000
B17: 노무비 | F17: ='내역서(표준단가)'!M11 -> 479721
B18: 기계/기타경비 | F18: ='내역서(표준단가)'!O11+'내역서(표준단가)'!Q11 -> 0
B19: 소계 | F19: =F16+F17+F18 -> 1479721
B20: 간접비
B21: 국민연금 | C21: 노무비*4.75% | D21: 1 | E21: 식 | F21: =F17*4.75% -> 22786.748 | G21: 모든공사에 적용
B22: 건강보험료 | C22: 노무비*3.595% | D22: 1 | E22: 식 | F22: =F17*3.595% -> 17245.97 | G22: 모든공사에 적용
B23: 장기요양보험료 | C23: 건강보험료*12.95% | D23: 1 | E23: 식 | F23: =F22*12.95% -> 2233.3531 | G23: 모든공사에 적용
B24: 고용보험료 | C24: 노무비*1.01% | D24: 1 | E24: 식 | F24: =F17*1.01% -> 4845.1821 | G24: 모든공사에 적용
B25: 산재보험료 | C25: 노무비*3.56% | D25: 1 | E25: 식 | F25: =F17*3.56% -> 17078.068 | G25: 모든공사에 적용
B26: 산업안전보건관리비 | C26: (재료비+노무비)*2.93% | D26: 1 | E26: 식 | F26: =(F16+F17)*2.93% -> 43355.825 | G26: 모든공사에 적용
B27: 일반관리비/이윤 | C27: (노무비+간접공사비)*5% | D27: 1 | E27: 식 | F27: =SUM(F17+F21+F22+F23+F24+F25+F26)*5% -> 29363.307
B28: 소계 | F28: =F21+F22+F23+F24+F25+F26+F27 -> 136908.45
F30: =F19+F28+F29 -> 1616629.5
B31: 합계(단수조정) | F31: =ROUNDDOWN(F30,-3) -> 1616000
B32: VAT별도

Sheet 내역서(표준단가)
K1: ▼낙찰율 | M1: ▼낙찰율 | O1: ▼낙찰율 | Q1: ▼낙찰율
K2: 0.835 | M2: 0.835 | O2: 0.835 | Q2: 0.835
B3: ▶ 표준 Code(표준단가/품셈/물정/노임) 순서별 입력(Upload 자동반영) | F3: 주요내역 | H3: 단위 | I3: 수량 | J3: 재료비 | L3: 노무비 | N3: 기계경비 | P3: 기타경비(부자재비) | R3: 합계 | S3: 노무비 할증 | T3: 할증기준
A4: 합계 | B4: 표준단가 D | C4: 표준품셈 E | D4: 물가정보 M | E4: 노임단가 L | F4: 품목 | G4: 규격 | J4: 품셈/표단 | K4: 금액 | L4: 단가 | M4: 금액 | N4: 단가 | O4: 금액 | P4: 단가 | Q4: 금액
A5: =B5&C5&D5&E5 -> L030 | E5: L030 | F5: 4가구 씽크대 후드교체, 폐기물 처리 및 현장 청소작업 내장공, 최소 인건비 적용 | G5: 내장공, 시중노임단가 | H5: 인 | I5: 1 | K5: =SUM(J5:J5)*I5*$K$2 -> 0 | L5: 255231 | M5: =I5*L5 -> 255231 | O5: =N5*I5*$O$2 -> 0 | Q5: =P5*I5*$Q$2 -> 0 | R5: =SUM(K5+M5)+O5+Q5 -> 255231
A6: =B6&C6&D6&E6 -> L003 | E6: L003 | F6: 4가구 씽크대 후드교체, 폐기물 처리 및 현장 청소작업 특별인부, 최소 인건비 적용 | G6: 특별인부, 시중노임단가 | H6: 인 | I6: 1 | K6: =SUM(J6:J6)*I6*$K$2 -> 0 | L6: 224490 | M6: =I6*L6 -> 224490 | O6: =N6*I6*$O$2 -> 0 | Q6: =P6*I6*$Q$2 -> 0 | R6: =SUM(K6+M6)+O6+Q6 -> 224490
A7: 999999 | F7: 5-503 통 후드교체 | G7: 재료+ 노무비, 전문업체 세금계산서 첨부예정 | H7: set | I7: 1 | J7: 250000 | K7: =I7*J7 -> 250000 | M7: =I7*L7 -> 0 | O7: =N7*I7*$O$2 -> 0 | Q7: =P7*I7*$Q$2 -> 0 | R7: =SUM(K7+M7)+O7+Q7 -> 250000
A8: 999999 | F8: 5-506 통 후드교체 | G8: 재료+ 노무비, 전문업체 세금계산서 첨부예정 | H8: set | I8: 1 | J8: 250000 | K8: =I8*J8 -> 250000 | M8: =I8*L8 -> 0 | O8: =N8*I8*$O$2 -> 0 | Q8: =P8*I8*$Q$2 -> 0 | R8: =SUM(K8+M8)+O8+Q8 -> 250000
A9: 999999 | F9: 8-408 통 후드교체(입주세대) | G9: 재료+ 노무비, 전문업체 세금계산서 첨부예정 | H9: set | I9: 1 | J9: 250000 | K9: =I9*J9 -> 250000 | M9: =I9*L9 -> 0 | O9: =N9*I9*$O$2 -> 0 | Q9: =P9*I9*$Q$2 -> 0 | R9: =SUM(K9+M9)+O9+Q9 -> 250000
A10: 999999 | F10: 8-510 통 후드교체 | G10: 재료+ 노무비, 전문업체 세금계산서 첨부예정 | H10: set | I10: 1 | J10: 250000 | K10: =I10*J10 -> 250000 | M10: =I10*L10 -> 0 | O10: =N10*I10*$O$2 -> 0 | Q10: =P10*I10*$Q$2 -> 0 | R10: =SUM(K10+M10)+O10+Q10 -> 250000
K11: =SUM(K5:K10) -> 1000000 | M11: =SUM(M5:M10) -> 479721 | O11: =SUM(O5:O10) -> 0 | Q11: =SUM(Q5:Q10) -> 0 | R11: =SUM(R5:R10) -> 1479721

Sheet Upload
A1: 구분 | B1: 표준단가 | C1: 표준품셈 | D1: 물가정보 | E1: 노임단가 | F1: 수량
A2: ='내역서(표준단가)'!A5 -> L030 | B2: ='내역서(표준단가)'!B5 -> 0 | C2: ='내역서(표준단가)'!C5 -> 0 | D2: ='내역서(표준단가)'!D5 -> 0 | E2: ='내역서(표준단가)'!E5 -> L030 | F2: ='내역서(표준단가)'!I5 -> 1
A3: ='내역서(표준단가)'!A6 -> L003 | B3: ='내역서(표준단가)'!B6 -> 0 | C3: ='내역서(표준단가)'!C6 -> 0 | D3: ='내역서(표준단가)'!D6 -> 0 | E3: ='내역서(표준단가)'!E6 -> L003 | F3: ='내역서(표준단가)'!I6 -> 1

Sheet Upload(시중가)
A1: 표준내역코드 | B1: 세부공종 | C1: 품명 | D1: 규격 | E1: 단위 | F1: 수량 | G1: 재료비단가 | H1: 재료비소계 | I1: 노무비단가 | J1: 노무비소계 | K1: 기계경비단가 | L1: 기계경비소계 | M1: 기타경비단가 | N1: 기타경비소계 | O1: 할증코드 | P1: 재료비할증율 | Q1: 노무비할증율 | R1: 할증내용
C2: 5-503 통 후드교체 | D2: 재료+ 노무비, 전문업체 견적서 참조 | E2: set | F2: 1 | G2: 250000
C3: 5-506 통 후드교체 | D3: 재료+ 노무비, 전문업체 견적서 참조 | E3: set | F3: 1 | G3: 250000
C4: 8-408 통 후드교체(입주세대) | D4: 재료+ 노무비, 전문업체 견적서 참조 | E4: set | F4: 1 | G4: 250000
C5: 8-510 통 후드교체 | D5: 재료+ 노무비, 전문업체 견적서 참조 | E5: set | F5: 1 | G5: 250000

Sheet 시중가 근거서류
