Workbook

Sheet 갑지
A2: 견 적 서
A5: 수신인 : 주식회사 에스엔아이 코퍼레이션 | F5: 등록번호 | G5: 314-86-35718
F6: 상 호 | G6: ㈜일성건축
A7: 공사명 : 기숙사 A동 401-1호외 21세대 친환경 부분도장 | F7: 대표 이사 | G7: 상 석 희
F8: 사업장 | G8: 대전 서구 도마6길 107 (도마동)
A9: 견적일 : 2026년 01월 27일 | F9: 업 태 | G9: 건설업
F10: 종 목 | G10: 실내건축,인테리어공사
F11: TEL, FAX | G11: 042)527-0995, 042)527-0996
A12: 금액: | B12: =NUMBERSTRING(F31,1) -> 삼백육십사만구천 | D12: 원정
A14: NO | B14: 품명 | C14: 규격 | D14: 수량 | E14: 단위 | F14: 금액 | G14: 비고
B15: 직접비
B16: 재료비 | F16: ='내역서(표준단가)'!O11 -> 1296838.5
B17: 노무비 | F17: ='내역서(표준단가)'!Q11 -> 1888587
B18: 기계/기타경비 | F18: ='내역서(표준단가)'!S11+'내역서(표준단가)'!U11 -> 0
B19: 소계 | F19: =F16+F17+F18 -> 3185425.5
B20: 간접비
B21: 국민연금 | C21: 노무비*4.75% | D21: 1 | E21: 식 | F21: =F17*4.75% -> 89707.881 | G21: 모든공사에 적용
B22: 건강보험료 | C22: 노무비*3.595% | D22: 1 | E22: 식 | F22: =F17*3.595% -> 67894.701 | G22: 모든공사에 적용
B23: 장기요양보험료 | C23: 건강보험료*12.95% | D23: 1 | E23: 식 | F23: =F22*12.95% -> 8792.3638 | G23: 모든공사에 적용
B24: 고용보험료 | C24: 노무비*1.01% | D24: 1 | E24: 식 | F24: =F17*1.01% -> 19074.728 | G24: 모든공사에 적용
B25: 산재보험료 | C25: 노무비*3.56% | D25: 1 | E25: 식 | F25: =F17*3.56% -> 67233.696 | G25: 모든공사에 적용
B26: 산업안전보건관리비 | C26: (재료비+노무비)*3.11% | D26: 1 | E26: 식 | F26: =(F16+F17)*3.11% -> 99066.732 | G26: 모든공사에 적용
B27: 일반관리비/이윤 | C27: (노무비+간접공사비)*5% | D27: 1 | E27: 식 | F27: =SUM(F17+F21+F22+F23+F24+F25+F26)*5% -> 112017.85
B28: 소계 | F28: =F21+F22+F23+F24+F25+F26+F27 -> 463787.96
F30: =F19+F28+F29 -> 3649213.4
B31: 합계(단수조정) | F31: =ROUNDDOWN(F30,-3) -> 3649000
B32: VAT별도

Sheet 내역서(표준단가)
O1: ▼낙찰율 | Q1: ▼낙찰율 | S1: ▼낙찰율 | U1: ▼낙찰율
O2: 0.835 | Q2: 0.835 | S2: 0.835 | U2: 0.835
F3: ▶ 표준 Code(표준단가/품셈/물정/노임) 순서별 입력(Upload 자동반영) | J3: 주요내역 | L3: 단위 | M3: 수량 | N3: 재료비 | P3: 노무비 | R3: 기계경비 | T3: 기타경비(부자재비) | V3: 합계 | W3: 노무비할증 | X3: 할증기준
E4: 합계 | F4: 표준단가 D | G4: 표준품셈 E | H4: 물가정보 M | I4: 노임단가 L | J4: 품목 | K4: 규격 | N4: 품셈/표단 | O4: 금액 | P4: 단가 | Q4: 금액 | R4: 단가 | S4: 금액 | T4: 단가 | U4: 금액
E5: =F5&G5&H5&I5 -> M020414115290101 | H5: M020414115290101 | J5: 도배 내부용, 친환경페인트 | K5: 새잎새골드(백색), 친환경 고기능성 수성코팅재, 고급 실내거주용, 1ℓ 도색량= 2평(1회칠 기준6.6㎡), 11.52/6.6=1.7454ℓ | L5: ℓ | M5: 100 | N5: 15400 | O5: =SUM(N5:N5)*M5*$O$2 -> 1285900 | Q5: =(P5*M5)*$Q$2 -> 0 | S5: =R5*M5*$S$2 -> 0 | U5: =T5*M5*$U$2 -> 0 | V5: =SUM(O5+Q5)+S5+U5 -> 1285900
E6: =F6&G6&H6&I6 -> E00000803061300101 | G6: E00000803061300101 | J6: 실내 벽면 2회칠, 수성페인트 롤러칠 | K6: 29㎡*2회칠=58, (2.4*2.4)*2회칠=11.52 | L6: (㎡ 당) | M6: 576 | O6: =SUM(N6:N6)*M6*$O$2 -> 0 | P6: 3442 | Q6: =(P6*M6)*$Q$2 -> 1655464.3 | S6: =R6*M6*$S$2 -> 0 | U6: =T6*M6*$U$2 -> 0 | V6: =SUM(O6+Q6)+S6+U6 -> 1655464.3
E7: =F7&G7&H7&I7 -> E00000803061300101 | G7: E00000803061300101 | J7: 실내 천정면 2회칠, 수성페인트 롤러칠 | K7: 천정 11㎡*천정할증20%=13.2, 13.2*2회칠=26.4 | L7: (㎡ 당) | M7: 26.4 | O7: =SUM(N7:N7)*M7*$O$2 -> 0 | P7: 3442 | Q7: =(P7*M7)*$Q$2 -> 75875.448 | S7: =R7*M7*$S$2 -> 0 | U7: =T7*M7*$U$2 -> 0 | V7: =SUM(O7+Q7)+S7+U7 -> 75875.448
E8: =F8&G8&H8&I8 -> M020412614110102 | H8: M020412614110102 | J8: 합성수지에멀션페인트 | K8: KSM-6010 내부용, 2급, 백색 | L8: 18ℓ | M8: 0.2 | N8: 65500 | O8: =SUM(N8:N8)*M8*$O$2 -> 10938.5 | V8: =SUM(O8+Q8)+S8+U8 -> 10938.5
E9: =F9&G9&H9&I9 -> E00000803061120402 | G9: E00000803061120402 | J9: 석고보드면 바탕만들기 | K9: 줄퍼티 | L9: (㎡ 당) | M9: 11 | O9: =SUM(N9:N9)*M9*$O$2 -> 0 | P9: 10752 | Q9: =(P9*M9)*$Q$2 -> 98757.12 | S9: =R9*M9*$S$2 -> 0 | U9: =T9*M9*$U$2 -> 0 | V9: =SUM(O9+Q9)+S9+U9 -> 98757.12
E10: =F10&G10&H10&I10 -> E00000803061300201 | G10: E00000803061300201 | J10: 수성페인트 붓칠 | K10: 1회칠 | L10: (㎡ 당) | M10: 11 | O10: =SUM(N10:N10)*M10*$O$2 -> 0 | P10: 6368 | Q10: =(P10*M10)*$Q$2 -> 58490.08 | S10: =R10*M10*$S$2 -> 0 | U10: =T10*M10*$U$2 -> 0 | V10: =SUM(O10+Q10)+S10+U10 -> 58490.08
O11: =SUM(O5:O10) -> 1296838.5 | Q11: =SUM(Q5:Q10) -> 1888587 | S11: =SUM(S5:S10) -> 0 | U11: =SUM(U5:U10) -> 0 | V11: =SUM(V5:V10) -> 3185425.5
K12: *도배 위 친환경 도장시, 검토 사항 입니다.
K13: 1.석고보드와 기존 도배지와의 박리현상 발생 여지 있슴
K14: 2.오염의 정도, 도배 대비 심함-약 스크러치 발생시, 표시의 정도 심할 수 있슴.
K15: 3.벽면, 천정 석고보드 박리 현장 발생시- 석고보드 보수후 도배위 도장작업 요구됨-추가 작업비용 발생.
J16: 작업요청번호 | K16: 호실 및 품명 | L16: 규 격 | M16: 재료비 수량(L) | N16: 노무비 수량(㎡)
J18: 21 | K18: 1.A동 401-1호 | L18: 벽면(3번 면) | M18: 2 | N18: 12
J19: 22 | K19: 2.A동 702-5호 | L19: 벽면(2, 3번 면) | M19: 4 | N19: 24
J20: 23 | K20: 3.A동 403-3호 | L20: 벽면(2, 5번 면) | M20: 4 | N20: 24
J21: 24 | K21: 4.A동 403-4호 | L21: 벽면(2, 3번 면), | M21: 4 | N21: 24
J22: 25 | K22: 5.A동 1002-3호 | L22: 벽면(2, 3, 4, 5번 면), | M22: 8 | N22: 48
J23: 29 | K23: 6.B동 702-5호 | L23: 벽면(1,2, 3번 면), | M23: 6 | N23: 36
J24: 30 | K24: 7.A동 404-6호 | L24: 벽면(2, 3, 5번 면), | M24: 6 | N24: 36
J25: 31 | K25: 8.A동 1002-5호 | L25: 벽면(2, 3, 4, 5번 면) | M25: 8 | N25: 48
J26: 33 | K26: 9.A동 604-1호 | L26: 벽면(3번 면), | M26: 2 | N26: 12
J27: 34 | K27: 10.A동 803-4호 | L27: 벽면(3번 면), | M27: 2 | N27: 12
J28: 35 | K28: 11.A동 601-6호 | L28: 벽면(2, 3번 면), | M28: 4 | N28: 24
J29: 36 | K29: 12.A동 802-1호 | L29: 벽면(6번 면), | M29: 2 | N29: 12
... J39: 49 | K39: 22.B동 601-5호 | L39: 벽면(1, 2, 3, 4번 면), | M39: 8 | N39: 48
L40: 천정면 | M40: 4 | N40: 26.4
L41: KSM-6010 내부용, 2급, 백색 | M41: 18ℓ | N41: 0.2
L42: 석고보드면 바탕만들기(줄퍼티) | M42: ㎡ | N42: 11
L43: 붓칠,내벽 | M43: ㎡ | N43: 11
K44: 합 계 | M44: =SUM(M18:M40) -> 100 | N44: =SUM(N18:N40) -> 602.4

Sheet 상세내역
A1: 내 역 서
A2: 기숙사 A동 401-1호외 21세대 친환경 부분도장 재료비 산정⇒1면 기준(2.4*2.4)*2회칠=11.52, 재료비 1ℓ 도색량= 2평(1회칠 기준6.6㎡), 11.52/6.6=1.7454L 1면 도장 재료 수량(손실포함)=2L
A3: 작업요청번호 | B3: 호실 및 품명 | C3: 규 격 | D3: 재료비 수량(L) | E3: 노무비 수량(㎡) | F3: 재 료 비 | H3: 노 무 비 | J3: 기계경비 | L3: 기타경비(부자재비) | N3: 합 계 | P3: 비 고
F4: 단 가 | G4: 금 액 | H4: 단 가 | I4: 금 액 | L4: 단 가 | M4: 금 액 | N4: 단 가 | O4: 금 액
A5: 21 | B5: 1.A동 401-1호 | C5: 벽면(3번 면) | D5: 2 | E5: 12 | F5: 12859 | G5: =D5*F5 -> 25718 | H5: 2874 | I5: =E5*H5 -> 34488 | O5: =G5+I5+K5+M5 -> 60206
A6: 22 | B6: 2.A동 702-5호 | C6: 벽면(2, 3번 면) | D6: 4 | E6: 24 | F6: 12859 | G6: =D6*F6 -> 51436 | H6: 2874 | I6: =E6*H6 -> 68976 | O6: =G6+I6+K6+M6 -> 120412
A7: 23 | B7: 3.A동 403-3호 | C7: 벽면(2, 5번 면) | D7: 4 | E7: 24 | F7: 12859 | G7: =D7*F7 -> 51436 | H7: 2874 | I7: =E7*H7 -> 68976 | O7: =G7+I7+K7+M7 -> 120412
A8: 24 | B8: 4.A동 403-4호 | C8: 벽면(2, 3번 면), | D8: 4 | E8: 24 | F8: 12859 | G8: =D8*F8 -> 51436 | H8: 2874 | I8: =E8*H8 -> 68976 | O8: =G8+I8+K8+M8 -> 120412
A9: 25 | B9: 5.A동 1002-3호 | C9: 벽면(2, 3, 4, 5번 면), | D9: 8 | E9: 48 | F9: 12859 | G9: =D9*F9 -> 102872 | H9: 2874 | I9: =E9*H9 -> 137952 | O9: =G9+I9+K9+M9 -> 240824
A10: 29 | B10: 6.B동 702-5호 | C10: 벽면(1,2, 3번 면), | D10: 6 | E10: 36 | F10: 12859 | G10: =D10*F10 -> 77154 | H10: 2874 | I10: =E10*H10 -> 103464 | O10: =G10+I10+K10+M10 -> 180618
A11: 30 | B11: 7.A동 404-6호 | C11: 벽면(2, 3, 5번 면), | D11: 6 | E11: 36 | F11: 12859 | G11: =D11*F11 -> 77154 | H11: 2874 | I11: =E11*H11 -> 103464 | O11: =G11+I11+K11+M11 -> 180618
A12: 31 | B12: 8.A동 1002-5호 | C12: 벽면(2, 3, 4, 5번 면) | D12: 8 | E12: 48 | F12: 12859 | G12: =D12*F12 -> 102872 | H12: 2874 | I12: =E12*H12 -> 137952 | O12: =G12+I12+K12+M12 -> 240824
A13: 33 | B13: 9.A동 604-1호 | C13: 벽면(3번 면), | D13: 2 | E13: 12 | F13: 12859 | G13: =D13*F13 -> 25718 | H13: 2874 | I13: =E13*H13 -> 34488 | O13: =G13+I13+K13+M13 -> 60206
A14: 34 | B14: 10.A동 803-4호 | C14: 벽면(3번 면), | D14: 2 | E14: 12 | F14: 12859 | G14: =D14*F14 -> 25718 | H14: 2874 | I14: =E14*H14 -> 34488 | O14: =G14+I14+K14+M14 -> 60206
A15: 35 | B15: 11.A동 601-6호 | C15: 벽면(2, 3번 면), | D15: 4 | E15: 24 | F15: 12859 | G15: =D15*F15 -> 51436 | H15: 2874 | I15: =E15*H15 -> 68976 | O15: =G15+I15+K15+M15 -> 120412
A16: 36 | B16: 12.A동 802-1호 | C16: 벽면(6번 면), | D16: 2 | E16: 12 | F16: 12859 | G16: =D16*F16 -> 25718 | H16: 2874 | I16: =E16*H16 -> 34488 | O16: =G16+I16+K16+M16 -> 60206
... A26: 49 | B26: 22.B동 601-5호 | C26: 벽면(1, 2, 3, 4번 면), | D26: 8 | E26: 48 | F26: 12859 | G26: =D26*F26 -> 102872 | H26: 2874 | I26: =E26*H26 -> 137952 | O26: =G26+I26+K26+M26 -> 240824
C27: 천정면 | D27: 4 | E27: 26.4 | F27: 12859 | G27: =D27*F27 -> 51436 | H27: 2874 | I27: =E27*H27 -> 75873.6 | O27: =G27+I27+K27+M27 -> 127309.6
C28: KSM-6010 내부용, 2급, 백색 | D28: 18ℓ | E28: 0.2 | F28: 54693 | G28: =E28*F28 -> 10938.6 | O28: =G28+I28+K28+M28 -> 10938.6
C29: 석고보드면 바탕만들기(줄퍼티) | D29: ㎡ | E29: 11 | G29: =E29*F29 -> 0 | H29: 8978 | I29: =E29*H29 -> 98758 | O29: =G29+I29+K29+M29 -> 98758
C30: 붓칠,내벽 | D30: ㎡ | E30: 11 | G30: =E30*F30 -> 0 | H30: 5317 | I30: =E30*H30 -> 58487 | O30: =G30+I30+K30+M30 -> 58487
B31: 합 계 | D31: =SUM(D5:D27) -> 100 | E31: =SUM(E5:E27) -> 602.4 | G31: =SUM(G5:G30) -> 1296838.6 | I31: =SUM(I5:I30) -> 1888542.6 | K31: =#REF!+#REF!+#REF!+#REF! -> #REF! | M31: =#REF!+#REF!+#REF!+#REF! -> #REF! | O31: =SUM(O5:O30) -> 3185381.2

Sheet Upload
A1: 구분 | B1: 표준단가 | C1: 표준품셈 | D1: 물가정보 | E1: 노임단가 | F1: 수량
A2: ='내역서(표준단가)'!E5 -> M020414115290101 | B2: ='내역서(표준단가)'!F5 -> 0 | C2: ='내역서(표준단가)'!G5 -> 0 | D2: ='내역서(표준단가)'!H5 -> M020414115290101 | E2: ='내역서(표준단가)'!I5 -> 0 | F2: ='내역서(표준단가)'!M5 -> 100
A3: ='내역서(표준단가)'!E6 -> E00000803061300101 | B3: ='내역서(표준단가)'!F6 -> 0 | C3: ='내역서(표준단가)'!G6 -> E00000803061300101 | D3: ='내역서(표준단가)'!H6 -> 0 | E3: ='내역서(표준단가)'!I6 -> 0 | F3: ='내역서(표준단가)'!M6 -> 576
A4: ='내역서(표준단가)'!E7 -> E00000803061300101 | B4: ='내역서(표준단가)'!F7 -> 0 | C4: ='내역서(표준단가)'!G7 -> E00000803061300101 | D4: ='내역서(표준단가)'!H7 -> 0 | E4: ='내역서(표준단가)'!I7 -> 0 | F4: ='내역서(표준단가)'!M7 -> 26.4
A5: ='내역서(표준단가)'!E8 -> M020412614110102 | B5: ='내역서(표준단가)'!F8 -> 0 | C5: ='내역서(표준단가)'!G8 -> 0 | D5: ='내역서(표준단가)'!H8 -> M020412614110102 | E5: ='내역서(표준단가)'!I8 -> 0 | F5: ='내역서(표준단가)'!M8 -> 0.2
A6: ='내역서(표준단가)'!E9 -> E00000803061120402 | B6: ='내역서(표준단가)'!F9 -> 0 | C6: ='내역서(표준단가)'!G9 -> E00000803061120402 | D6: ='내역서(표준단가)'!H9 -> 0 | E6: ='내역서(표준단가)'!I9 -> 0 | F6: ='내역서(표준단가)'!M9 -> 11
A7: ='내역서(표준단가)'!E10 -> E00000803061300201 | B7: ='내역서(표준단가)'!F10 -> 0 | C7: ='내역서(표준단가)'!G10 -> E00000803061300201 | D7: ='내역서(표준단가)'!H10 -> 0 | E7: ='내역서(표준단가)'!I10 -> 0 | F7: ='내역서(표준단가)'!M10 -> 11

Sheet 도면

Sheet 참고자료
