Workbook

Sheet 갑지
A2: 견 적 서
A5: 수신인 : 주식회사 에스엔아이 코퍼레이션 | F5: 등록번호 | G5: 314-86-35718
F6: 상 호 | G6: ㈜일성건축
A7: 공사명 : 사택 8-506 수장공사 | F7: 대표 이사 | G7: 상 석 희
F8: 사업장 | G8: 대전 서구 도마6길 107 (도마동)
A9: 견적일 : 2026년 01월 00일 | F9: 업 태 | G9: 건설업
F10: 종 목 | G10: 실내건축,인테리어공사
F11: TEL, FAX | G11: 042)527-0995, 042)527-0996
A12: 금액: | B12: =NUMBERSTRING(F31,1) -> 사백육십만삼천 | D12: 원정
A14: NO | B14: 품명 | C14: 규격 | D14: 수량 | E14: 단위 | F14: 금액 | G14: 비고
B15: 직접비
B16: 재료비 | F16: ='내역서(표준단가)'!O19 -> 857337.84
B17: 노무비 | F17: ='내역서(표준단가)'!Q19 -> 3054306.9
B18: 기계/기타경비 | F18: ='내역서(표준단가)'!S19+'내역서(표준단가)'!U19 -> 0
B19: 소계 | F19: =F16+F17+F18 -> 3911644.8
B20: 간접비
B21: 국민연금 | C21: 노무비*4.5% | D21: 1 | E21: 식 | F21: =F17*4.5% -> 137443.81 | G21: 모든공사에 적용
B22: 건강보험료 | C22: 노무비*3.545% | D22: 1 | E22: 식 | F22: =F17*3.545% -> 108275.18 | G22: 모든공사에 적용
B23: 장기요양보험료 | C23: 건강보험료*12.95% | D23: 1 | E23: 식 | F23: =F22*12.95% -> 14021.636 | G23: 모든공사에 적용
B24: 고용보험료 | C24: 노무비*1.01% | D24: 1 | E24: 식 | F24: =F17*1.01% -> 30848.5 | G24: 모든공사에 적용
B25: 산재보험료 | C25: 노무비*3.56% | D25: 1 | E25: 식 | F25: =F17*3.56% -> 108733.33 | G25: 모든공사에 적용
B26: 산업안전보건관리비 | C26: (재료비+노무비)*2.93% | D26: 1 | E26: 식 | F26: =(F16+F17)*2.93% -> 114611.19 | G26: 모든공사에 적용
B27: 일반관리비/이윤 | C27: (노무비+간접공사비)*5% | D27: 1 | E27: 식 | F27: =SUM(F17+F21+F22+F23+F24+F25+F26)*5% -> 178412.03
B28: 소계 | F28: =F21+F22+F23+F24+F25+F26+F27 -> 692345.67
F30: =F19+F28+F29 -> 4603990.4
B31: 합계(단수조정) | F31: =ROUNDDOWN(F30,-3) -> 4603000
B32: VAT별도

Sheet 내역서(표준단가)
O1: ▼낙찰율 | Q1: ▼낙찰율 | S1: ▼낙찰율 | U1: ▼낙찰율
O2: 0.835 | Q2: 0.835 | S2: 0.835 | U2: 0.835
F3: ▶ 표준 Code(표준단가/품셈/물정/노임) 순서별 입력(Upload 자동반영) | J3: 주요내역 | L3: 단위 | M3: 수량 | N3: 재료비 | P3: 노무비 | R3: 기계경비 | T3: 기타경비(부자재비) | V3: 합계 | W3: 노무비 할증 | X3: 할증기준
A4: 합계 | F4: 표준단가 D | G4: 표준품셈 E | H4: 물가정보 M | I4: 노임단가 L | J4: 품목 | K4: 규격 | N4: 품셈/표단 | O4: 금액 | P4: 단가 | Q4: 금액 | R4: 단가 | S4: 금액 | T4: 단가 | U4: 금액
A5: =F5&G5&H5&I5 -> M020853710050101 | H5: M020853710050101 | J5: 아이리스 | K5: 합지벽지 1R/L=93㎝(고정)×17.75m=16.51㎡, 소요량160/16.51=9.691R/L | L5: R/L | M5: 9.691 | N5: 20900 | O5: =SUM(N5:N5)*M5*$O$2 -> 169122.49 | Q5: =(P5*M5)*$Q$2 -> 0 | S5: =R5*M5*$S$2 -> 0 | U5: =T5*M5*$U$2 -> 0 | V5: =SUM(O5+Q5)+S5+U5 -> 169122.49
A6: =F6&G6&H6&I6 -> E00000803071260301 | G6: E00000803071260301 | J6: 도배 교체(벽) | K6: 일당 시공량-벽 46㎡, 적산정보 500p 참조,시공총량136㎡/일당46㎡=2.956, | L6: (일당) | M6: 2.956 | O6: =SUM(N6:N6)*M6*$O$2 -> 0 | P6: 487076 | Q6: =(P6*M6)*$Q$2 -> 1202230.2 | S6: =R6*M6*$S$2 -> 0 | U6: =T6*M6*$U$2 -> 0 | V6: =SUM(O6+Q6)+S6+U6 -> 1202230.2
A7: =F7&G7&H7&I7 -> E00000803071260301 | G7: E00000803071260301 | J7: 도배 교체(천장) | K7: 일당 시공량-천장 35㎡ 적산정보 500p 참조, 시공총량24㎡/일당35㎡=0.6857 | L7: (일당) | M7: 0.6857 | O7: =SUM(N7:N7)*M7*$O$2 -> 0 | P7: 487076 | Q7: =(P7*M7)*$Q$2 -> 278879.99 | S7: =R7*M7*$S$2 -> 0 | U7: =T7*M7*$U$2 -> 0 | V7: =SUM(O7+Q7)+S7+U7 -> 278879.99
A8: =F8&G8&H8&I8 -> M020809012520101 | H8: M020809012520101 | J8: 비닐시트바닥재 | K8: 데코리아 다솜(륨) 1.8T×1,830㎜ | L8: ㎡ | M8: 59.5 | N8: 13000 | O8: =SUM(N8:N8)*M8*$O$2 -> 645872.5 | Q8: =(P8*M8)*$Q$2 -> 0 | S8: =R8*M8*$S$2 -> 0 | U8: =T8*M8*$U$2 -> 0 | V8: =SUM(O8+Q8)+S8+U8 -> 645872.5
A9: =F9&G9&H9&I9 -> E00000803071260401 | G9: E00000803071260401 | J9: PVC계바닥재 교체 | K9: 일당 시공량-61㎡ 적산정보 500p 참조,시공총량59.5/일당61=0.9754 | L9: (일당) | M9: 0.9754 | O9: =SUM(N9:N9)*M9*$O$2 -> 0 | P9: 487076 | Q9: =(P9*M9)*$Q$2 -> 396703.43 | S9: =R9*M9*$S$2 -> 0 | U9: =T9*M9*$U$2 -> 0 | V9: =SUM(O9+Q9)+S9+U9 -> 396703.43
A10: =F10&G10&H10&I10 -> M020412614110102 | H10: M020412614110102 | J10: 합성수지에멀션페인트 | K10: KSM-6010 내부용, 2급, 백색 | L10: 18ℓ | M10: 0.5 | N10: 65500 | O10: =SUM(N10:N10)*M10*$O$2 -> 27346.25 | V10: =SUM(O10+Q10)+S10+U10 -> 27346.25
A11: =F11&G11&H11&I11 -> E00000803061120402 | G11: E00000803061120402 | J11: 석고보드면 바탕만들기 | K11: 줄퍼티 | L11: (㎡ 당) | M11: 48 | O11: =SUM(N11:N11)*M11*$O$2 -> 0 | P11: 10432 | Q11: =(P11*M11)*$Q$2 -> 418114.56 | S11: =R11*M11*$S$2 -> 0 | U11: =T11*M11*$U$2 -> 0 | V11: =SUM(O11+Q11)+S11+U11 -> 418114.56
A12: =F12&G12&H12&I12 -> E00000803061300201 | G12: E00000803061300201 | J12: 수성페인트 붓칠 | K12: 1회칠 | L12: (㎡ 당) | M12: 48 | O12: =SUM(N12:N12)*M12*$O$2 -> 0 | P12: 6179 | Q12: =(P12*M12)*$Q$2 -> 247654.32 | S12: =R12*M12*$S$2 -> 0 | U12: =T12*M12*$U$2 -> 0 | V12: =SUM(O12+Q12)+S12+U12 -> 247654.32
A13: =F13&G13&H13&I13 -> M020411810170101 | H13: M020411810170101 | J13: 조합페인트 | K13: 백색 무광 | L13: 18ℓ | M13: 0.2 | N13: 89800 | O13: =SUM(N13:N13)*M13*$O$2 -> 14996.6 | S13: =R13*M13*$S$2 -> 0 | U13: =T13*M13*$U$2 -> 0 | V13: =SUM(O13+Q13)+S13+U13 -> 14996.6
A14: =F14&G14&H14&I14 -> E00000803061120802 | G14: E00000803061120802 | J14: 목재면 바탕만들기 | K14: 퍼티 및 연마 | L14: (㎡ 당) | M14: 16 | O14: =SUM(N14:N14)*M14*$O$2 -> 0 | P14: 2422 | Q14: =(P14*M14)*$Q$2 -> 32357.92 | S14: =R14*M14*$S$2 -> 0 | U14: =T14*M14*$U$2 -> 0 | V14: =SUM(O14+Q14)+S14+U14 -> 32357.92
A15: =F15&G15&H15&I15 -> E00000803061300701 | G15: E00000803061300701 | J15: 유성페인트 롤러칠 - 콘크리트·모르터면·석고보드면 | K15: 1회칠 | L15: (㎡ 당) | M15: 16 | O15: =SUM(N15:N15)*M15*$O$2 -> 0 | P15: 3756 | Q15: =(P15*M15)*$Q$2 -> 50180.16 | S15: =R15*M15*$S$2 -> 0 | U15: =T15*M15*$U$2 -> 0 | V15: =SUM(O15+Q15)+S15+U15 -> 50180.16
A16: =F16&G16&H16&I16 -> E00000803061120802 | G16: E00000803061120802 | J16: 목재면 바탕만들기(방화문 적용) | K16: 퍼티 및 연마 | L16: (㎡ 당) | M16: 2 | O16: =SUM(N16:N16)*M16*$O$2 -> 0 | P16: 2422 | Q16: =(P16*M16)*$Q$2 -> 4044.74 | S16: =R16*M16*$S$2 -> 0 | U16: =T16*M16*$U$2 -> 0 | V16: =SUM(O16+Q16)+S16+U16 -> 4044.74
A17: =F17&G17&H17&I17 -> E00000803061300401 | G17: E00000803061300401 | J17: 유성페인트 붓칠 - 철재면 | K17: 1회칠 | L17: (㎡ 당) | M17: 2 | O17: =SUM(N17:N17)*M17*$O$2 -> 0 | P17: 5677 | Q17: =(P17*M17)*$Q$2 -> 9480.59 | S17: =R17*M17*$S$2 -> 0 | U17: =T17*M17*$U$2 -> 0 | V17: =SUM(O17+Q17)+S17+U17 -> 9480.59
A18: =F18&G18&H18&I18 -> E00000801011510701 | G18: E00000801011510701 | J18: 준공청소 | K18: 전체면적 | L18: (연면적 ㎡당) | M18: 100 | O18: =SUM(N18:N18)*M18*$O$2 -> 0 | P18: 4966 | Q18: =(P18*M18)*$Q$2 -> 414661 | S18: =R18*M18*$S$2 -> 0 | U18: =T18*M18*$U$2 -> 0 | V18: =SUM(O18+Q18)+S18+U18 -> 414661
O19: =SUM(O5:O18) -> 857337.84 | Q19: =SUM(Q5:Q18) -> 3054306.9 | S19: =SUM(S5:S18) -> 0 | U19: =SUM(U5:U18) -> 0 | V19: =SUM(V5:V18) -> 3911644.8

Sheet 상세내역
A1: 내 역 서
A2: 품 명 | B2: 규 격 | C2: 단위 | D2: 수 량 | E2: 재 료 비 | G2: 노 무 비 | I2: 기계경비 | K2: 기타경비(부자재비) | M2: 합 계 | O2: 비 고
E3: 단 가 | F3: 금 액 | G3: 단 가 | H3: 금 액 | K3: 단 가 | L3: 금 액 | M3: 단 가 | N3: 금 액
A4: 사택 8-506 수장공사
A5: 1.도배 | B5: 거실 벽면 | C5: ㎡ | D5: 40 | E5: 1057 | F5: =D5*E5 -> 42280 | G5: 8839.9 | H5: =D5*G5 -> 353596 | N5: =F5+H5+J5+L5 -> 395876 | O5: 광폭합지 벽지(LX하우시스, 휘앙세), 24년 12월 물가자료
B6: 거실 천정 | C6: ㎡ | D6: 24 | E6: 1057 | F6: =D6*E6 -> 25368 | G6: 11617.4 | H6: =D6*G6 -> 278817.6 | N6: =F6+H6+J6+L6 -> 304185.6
B7: 방A 벽면 | C7: ㎡ | D7: 32 | E7: 1057 | F7: =D7*E7 -> 33824 | G7: 8839.9 | H7: =D7*G7 -> 282876.8 | N7: =F7+H7+J7+L7 -> 316700.8 | P7: =D6+D8+D10+D12 -> 24
B8: 방A 천정 | C8: ㎡
B9: 방B 벽면 | C9: ㎡ | D9: 32 | E9: 1057 | F9: =D9*E9 -> 33824 | G9: 8839.9 | H9: =D9*G9 -> 282876.8 | N9: =F9+H9+J9+L9 -> 316700.8
B10: 방B 천정 | C10: ㎡
B11: 방C 벽면 | C11: ㎡ | D11: 32 | E11: 1057 | F11: =D11*E11 -> 33824 | G11: 8839.9 | H11: =D11*G11 -> 282876.8 | N11: =F11+H11+J11+L11 -> 316700.8
B12: 방C 천정 | C12: ㎡
A13: 소 계 | D13: =SUM(D5:D12) -> 160 | F13: =SUM(F5:F12) -> 169120 | H13: =SUM(H5:H12) -> 1481044 | J13: =SUM(J5:J12) -> 0 | L13: =SUM(L5:L12) -> 0 | N13: =SUM(N5:N12) -> 1650164
A14: 2.바닥재 | B14: 거실 바닥 | C14: ㎡ | D14: 28.9 | E14: 10855 | F14: =D14*E14 -> 313709.5 | G14: 6668.1 | H14: =D14*G14 -> 192708.09 | N14: =F14+H14+J14+L14 -> 506417.59
B15: 방A 바닥 | C15: ㎡ | D15: 12.4 | E15: 10855 | F15: =D15*E15 -> 134602 | G15: 6668.1 | H15: =D15*G15 -> 82684.44 | N15: =F15+H15+J15+L15 -> 217286.44
B16: 방B 바닥 | C16: ㎡ | D16: 9.9 | E16: 10855 | F16: =D16*E16 -> 107464.5 | G16: 6668.1 | H16: =D16*G16 -> 66014.19 | N16: =F16+H16+J16+L16 -> 173478.69
B17: 방C 바닥 | C17: ㎡ | D17: 8.3 | E17: 10855 | F17: =D17*E17 -> 90096.5 | G17: 6668.1 | H17: =D17*G17 -> 55345.23 | N17: =F17+H17+J17+L17 -> 145441.73
A18: 소 계 | D18: =SUM(D14:D17) -> 59.5 | F18: =SUM(F14:F17) -> 645872.5 | H18: =SUM(H14:H17) -> 396751.95 | J18: =SUM(J14:J17) -> 0 | L18: =SUM(L14:L17) -> 0 | N18: =SUM(N14:N17) -> 1042624.4
A19: 3.도장
A20: 수성페인트 | B20: KSM-6010 내부용, 2급, 백색 | C20: 18ℓ | D20: 0.5 | E20: 54693 | F20: =D20*E20 -> 27346.5 | N20: =F20+H20+J20+L20 -> 27346.5
A21: 베란다 수성페인트(전면) | B21: 석고보드면 바탕만들기(줄퍼티) | C21: ㎡ | D21: 24 | F21: =D21*E21 -> 0 | G21: 8711 | H21: =D21*G21 -> 209064 | N21: =F21+H21+J21+L21 -> 209064
B22: 붓칠,내벽 | C22: ㎡ | D22: 24 | F22: =D22*E22 -> 0 | G22: 5159 | H22: =D22*G22 -> 123816 | N22: =F22+H22+J22+L22 -> 123816
A23: 베란다 수성페인트(후면) | B23: 석고보드면 바탕만들기(줄퍼티) | C23: ㎡ | D23: 24 | F23: =D23*E23 -> 0 | G23: 8711 | H23: =D23*G23 -> 209064 | N23: =F23+H23+J23+L23 -> 209064
B24: 붓칠,내벽 | C24: ㎡ | D24: 24 | F24: =D24*E24 -> 0 | G24: 5159 | H24: =D24*G24 -> 123816 | N24: =F24+H24+J24+L24 -> 123816
A25: 조합페인트 | B25: 백색 무광 | C25: 18ℓ | D25: 0.2 | E25: 74987 | F25: =D25*E25 -> 14997.4 | N25: =F25+H25+J25+L25 -> 14997.4
A26: 내부(문,틀,몰딩,기타) | B26: 철재면 청소(휘발유사용) | C26: ㎡ | D26: 16 | F26: =D26*E26 -> 0 | G26: 2022 | H26: =D26*G26 -> 32352 | N26: =F26+H26+J26+L26 -> 32352
B27: 유성페인트 롤러칠(석고보드면) | C27: ㎡ | D27: 16 | F27: =D27*E27 -> 0 | G27: 3136 | H27: =D27*G27 -> 50176 | N27: =F27+H27+J27+L27 -> 50176
A28: 방화도어 내부 | B28: 철재면 청소(휘발유사용) | C28: ㎡ | D28: 2 | F28: =D28*E28 -> 0 | G28: 2022 | H28: =D28*G28 -> 4044 | N28: =F28+H28+J28+L28 -> 4044
B29: 유성페인트 롤러칠(철재면) | C29: ㎡ | D29: 2 | F29: =D29*E29 -> 0 | G29: 4740 | H29: =D29*G29 -> 9480 | N29: =F29+H29+J29+L29 -> 9480
A30: 소 계 | F30: =SUM(F19:F29) -> 42343.9 | H30: =SUM(H19:H29) -> 761812 | J30: =SUM(J19:J29) -> 0 | L30: =SUM(L19:L29) -> 0 | N30: =SUM(N19:N29) -> 804155.9
A31: 4.청소 | B31: 준공청소(특별인부), | C31: ㎡ | D31: 100 | G31: 4147 | H31: =D31*G31 -> 414700 | N31: =F31+H31+J31+L31 -> 414700 | O31: 2023년 실내건축 일위대가
A32: 소 계 | H32: =SUM(H31:H31) -> 414700 | J32: =SUM(J31:J31) -> 0 | L32: =SUM(L31:L31) -> 0 | N32: =SUM(N31:N31) -> 414700
A33: 합 계 | F33: =F13+F18+F30+F32 -> 857336.4 | H33: =H13+H18+H30+H32 -> 3054308 | J33: =J13+J18+J30+J32 -> 0 | L33: =L13+L18+L30+L32 -> 0 | N33: =N13+N18+N30+N32 -> 3911644.4

Sheet Upload
A1: 구분 | B1: 표준단가 | C1: 표준품셈 | D1: 물가정보 | E1: 노임단가 | F1: 수량
A2: ='내역서(표준단가)'!A5 -> M020853710050101 | B2: ='내역서(표준단가)'!F5 -> 0 | C2: ='내역서(표준단가)'!G5 -> 0 | D2: ='내역서(표준단가)'!H5 -> M020853710050101 | E2: ='내역서(표준단가)'!I5 -> 0 | F2: ='내역서(표준단가)'!M5 -> 9.691
A3: ='내역서(표준단가)'!A6 -> E00000803071260301 | B3: ='내역서(표준단가)'!F6 -> 0 | C3: ='내역서(표준단가)'!G6 -> E00000803071260301 | D3: ='내역서(표준단가)'!H6 -> 0 | E3: ='내역서(표준단가)'!I6 -> 0 | F3: ='내역서(표준단가)'!M6 -> 2.956
A4: ='내역서(표준단가)'!A7 -> E00000803071260301 | B4: ='내역서(표준단가)'!F7 -> 0 | C4: ='내역서(표준단가)'!G7 -> E00000803071260301 | D4: ='내역서(표준단가)'!H7 -> 0 | E4: ='내역서(표준단가)'!I7 -> 0 | F4: ='내역서(표준단가)'!M7 -> 0.6857
A5: ='내역서(표준단가)'!A8 -> M020809012520101 | B5: ='내역서(표준단가)'!F8 -> 0 | C5: ='내역서(표준단가)'!G8 -> 0 | D5: ='내역서(표준단가)'!H8 -> M020809012520101 | E5: ='내역서(표준단가)'!I8 -> 0 | F5: ='내역서(표준단가)'!M8 -> 59.5
A6: ='내역서(표준단가)'!A9 -> E00000803071260401 | B6: ='내역서(표준단가)'!F9 -> 0 | C6: ='내역서(표준단가)'!G9 -> E00000803071260401 | D6: ='내역서(표준단가)'!H9 -> 0 | E6: ='내역서(표준단가)'!I9 -> 0 | F6: ='내역서(표준단가)'!M9 -> 0.9754
A7: ='내역서(표준단가)'!A10 -> M020412614110102 | B7: ='내역서(표준단가)'!F10 -> 0 | C7: ='내역서(표준단가)'!G10 -> 0 | D7: ='내역서(표준단가)'!H10 -> M020412614110102 | E7: ='내역서(표준단가)'!I10 -> 0 | F7: ='내역서(표준단가)'!M10 -> 0.5
A8: ='내역서(표준단가)'!A11 -> E00000803061120402 | B8: ='내역서(표준단가)'!F11 -> 0 | C8: ='내역서(표준단가)'!G11 -> E00000803061120402 | D8: ='내역서(표준단가)'!H11 -> 0 | E8: ='내역서(표준단가)'!I11 -> 0 | F8: ='내역서(표준단가)'!M11 -> 48
A9: ='내역서(표준단가)'!A12 -> E00000803061300201 | B9: ='내역서(표준단가)'!F12 -> 0 | C9: ='내역서(표준단가)'!G12 -> E00000803061300201 | D9: ='내역서(표준단가)'!H12 -> 0 | E9: ='내역서(표준단가)'!I12 -> 0 | F9: ='내역서(표준단가)'!M12 -> 48
A10: ='내역서(표준단가)'!A13 -> M020411810170101 | B10: ='내역서(표준단가)'!F13 -> 0 | C10: ='내역서(표준단가)'!G13 -> 0 | D10: ='내역서(표준단가)'!H13 -> M020411810170101 | E10: ='내역서(표준단가)'!I13 -> 0 | F10: ='내역서(표준단가)'!M13 -> 0.2
A11: ='내역서(표준단가)'!A14 -> E00000803061120802 | B11: ='내역서(표준단가)'!F14 -> 0 | C11: ='내역서(표준단가)'!G14 -> E00000803061120802 | D11: ='내역서(표준단가)'!H14 -> 0 | E11: ='내역서(표준단가)'!I14 -> 0 | F11: ='내역서(표준단가)'!M14 -> 16
A12: ='내역서(표준단가)'!A15 -> E00000803061300701 | B12: ='내역서(표준단가)'!F15 -> 0 | C12: ='내역서(표준단가)'!G15 -> E00000803061300701 | D12: ='내역서(표준단가)'!H15 -> 0 | E12: ='내역서(표준단가)'!I15 -> 0 | F12: ='내역서(표준단가)'!M15 -> 16
A13: ='내역서(표준단가)'!A16 -> E00000803061120802 | B13: ='내역서(표준단가)'!F16 -> 0 | C13: ='내역서(표준단가)'!G16 -> E00000803061120802 | D13: ='내역서(표준단가)'!H16 -> 0 | E13: ='내역서(표준단가)'!I16 -> 0 | F13: ='내역서(표준단가)'!M16 -> 2
... A15: ='내역서(표준단가)'!A18 -> E00000801011510701 | B15: ='내역서(표준단가)'!F18 -> 0 | C15: ='내역서(표준단가)'!G18 -> E00000801011510701 | D15: ='내역서(표준단가)'!H18 -> 0 | E15: ='내역서(표준단가)'!I18 -> 0 | F15: ='내역서(표준단가)'!M18 -> 100

Sheet 6,8,9동 도면
