Workbook

Sheet 갑지
A2: 견 적 서
A5: 수신인 : 주식회사 에스엔아이 코퍼레이션 | F5: 등록번호 | G5: 314-86-35718
F6: 상 호 | G6: ㈜일성건축
A7: 공사명 : 기숙사 B동 202-1호외 5세대 도배보수 외 | F7: 대표 이사 | G7: 상 석 희
F8: 사업장 | G8: 대전 서구 도마6길 107 (도마동)
A9: 견적일 : 2025 년 11월 11일 | F9: 업 태 | G9: 건설업
F10: 종 목 | G10: 실내건축,인테리어공사
F11: TEL, FAX | G11: 042)527-0995, 042)527-0996
A12: 금액: | B12: =NUMBERSTRING(F31,1) -> 삼백이십일만 | D12: 원정
A14: NO | B14: 품명 | C14: 규격 | D14: 수량 | E14: 단위 | F14: 금액 | G14: 비고
B15: 직접비
B16: 재료비 | F16: ='내역서(표준단가)'!O16 -> 461626.98
B17: 노무비 | F17: ='내역서(표준단가)'!Q16 -> 2241125.9
B18: 기계/기타경비 | F18: ='내역서(표준단가)'!S16+'내역서(표준단가)'!U16 -> 0
B19: 소계 | F19: =F16+F17+F18 -> 2702752.8
B20: 간접비
B21: 국민연금 | C21: 노무비*4.5% | D21: 1 | E21: 식 | F21: =F17*4.5% -> 100850.66 | G21: 모든공사에 적용
B22: 건강보험료 | C22: 노무비*3.545% | D22: 1 | E22: 식 | F22: =F17*3.545% -> 79447.912 | G22: 모든공사에 적용
B23: 장기요양보험료 | C23: 건강보험료*12.95% | D23: 1 | E23: 식 | F23: =F22*12.95% -> 10288.505 | G23: 모든공사에 적용
B24: 고용보험료 | C24: 노무비*1.01% | D24: 1 | E24: 식 | F24: =F17*1.01% -> 22635.371 | G24: 모든공사에 적용
B25: 산재보험료 | C25: 노무비*3.56% | D25: 1 | E25: 식 | F25: =F17*3.56% -> 79784.081 | G25: 모든공사에 적용
B26: 산업안전보건관리비 | C26: (재료비+노무비)*3.11% | D26: 1 | E26: 식 | F26: =(F16+F17)*3.11% -> 84055.613 | G26: 모든공사에 적용
B27: 일반관리비/이윤 | C27: (노무비+간접공사비)*5% | D27: 1 | E27: 식 | F27: =SUM(F17+F21+F22+F23+F24+F25+F26)*5% -> 130909.4
B28: 소계 | F28: =F21+F22+F23+F24+F25+F26+F27 -> 507971.55
F30: =F19+F28+F29 -> 3210724.4
B31: 합계(단수조정) | F31: =ROUNDDOWN(F30,-3) -> 3210000
B32: VAT별도

Sheet 내역서(표준단가)
O1: ▼낙찰율 | Q1: ▼낙찰율 | S1: ▼낙찰율 | U1: ▼낙찰율
O2: 0.835 | Q2: 0.835 | S2: 0.835 | U2: 0.835
F3: ▶ 표준 Code(표준단가/품셈/물정/노임) 순서별 입력(Upload 자동반영) | J3: 주요내역 | L3: 단위 | M3: 수량 | N3: 재료비 | P3: 노무비 | R3: 기계경비 | T3: 기타경비(부자재비) | V3: 합계 | W3: 노무비할증 | X3: 할증기준
A4: 합계 | F4: 표준단가 D | G4: 표준품셈 E | H4: 물가정보 M | I4: 노임단가 L | J4: 품목 | K4: 규격 | N4: 품셈/표단 | O4: 금액 | P4: 단가 | Q4: 금액 | R4: 단가 | S4: 금액 | T4: 단가 | U4: 금액
A5: =F5&G5&H5&I5 -> M020853710050101 | H5: M020853710050101 | J5: 아이리스 | K5: 합지벽지 1R/L=93㎝(고정)×17.75m=16.51㎡, 소요량120/16.51=7.2684R/L | L5: R/L | M5: 7.2684 | N5: 20900 | O5: =SUM(N5:N5)*M5*$O$2 -> 126844.48 | Q5: =(P5*M5)*$Q$2 -> 0 | S5: =R5*M5*$S$2 -> 0 | U5: =T5*M5*$U$2 -> 0 | V5: =SUM(O5+Q5)+S5+U5 -> 126844.48
A6: =F6&G6&H6&I6 -> E00000803071260301 | G6: E00000803071260301 | J6: 도배 교체(벽) | K6: 일당 시공량-벽 46㎡, 적산정보 500p 참조,시공총량120/일당46=20.6087 | L6: (일당) | M6: 2.6087 | O6: =SUM(N6:N6)*M6*$O$2 -> 0 | P6: 487076 | Q6: =(P6*M6)*$Q$2 -> 1060980.4 | S6: =R6*M6*$S$2 -> 0 | U6: =T6*M6*$U$2 -> 0 | V6: =SUM(O6+Q6)+S6+U6 -> 1060980.4
A7: =F7&G7&H7&I7 -> M020852810150101 | H7: M020852810150101 | J7: 롤스크린(단면암막) B202-5호 | K7: 방염, 기본면적: 2㎡ | L7: ㎡ | M7: 5 | N7: 55000 | O7: =SUM(N7:N7)*M7*$O$2 -> 229625 | Q7: =(P7*M7)*$Q$2 -> 0 | S7: =R7*M7*$S$2 -> 0 | U7: =T7*M7*$U$2 -> 0 | V7: =SUM(O7+Q7)+S7+U7 -> 229625
A8: =F8&G8&H8&I8 -> M020690710060101 | H8: M020690710060101 | J8: B202-1,B202-5,B203-1,석고평보드 | K8: 12.5T× 900×2,400 | L8: 매 | M8: 3 | N8: 9200 | O8: =SUM(N8:N8)*M8*$O$2 -> 23046 | V8: =SUM(O8+Q8)+S8+U8 -> 23046
A9: =F9&G9&H9&I9 -> M020691410070101 | H9: M020691410070101 | J9: B204-2, 보통합판 | K9: 준내수, 2.7, 1,220, 2,440 | L9: 매 | M9: 1 | N9: 11900 | O9: =SUM(N9:N9)*M9*$O$2 -> 9936.5 | V9: =SUM(O9+Q9)+S9+U9 -> 9936.5
A10: =F10&G10&H10&I10 -> L003 | I10: L003 | J10: B203-1,B204-2 도어보수 4개소+B301-6, 1개소 | K10: 시중노임단가,특별인부 | L10: 인 | M10: 2.5 | O10: =SUM(N10:N10)*M10*$O$2 -> 0 | P10: 219321 | Q10: =M10*P10 -> 548302.5 | V10: =SUM(O10+Q10)+S10+U10 -> 548302.5
A11: =F11&G11&H11&I11 -> L003 | I11: L003 | J11: 시중노임단가, B202-1,B202-5,B203-1벽체보수3개소 | K11: 시중노임단가,특별인부 | L11: 인 | M11: 1.5 | O11: =SUM(N11:N11)*M11*$O$2 -> 0 | P11: 219321 | Q11: =M11*P11 -> 328981.5 | V11: =SUM(O11+Q11)+S11+U11 -> 328981.5
A12: =F12&G12&H12&I12 -> L003 | I12: L003 | J12: 시중노임단가, B204-2, 단열재 들뜸보수 1개소 | K12: 시중노임단가,특별인부 | L12: 인 | M12: 1 | O12: =SUM(N12:N12)*M12*$O$2 -> 0 | P12: 219321 | Q12: =M12*P12 -> 219321 | V12: =SUM(O12+Q12)+S12+U12 -> 219321
A13: =F13&G13&H13&I13 -> M020252912050101 | H13: M020252912050101 | J13: B204-2, 단열재 들뜸보수, 코레실 SL806 | K13: 1액형 실리콘, 다목적건축죠인트실링용(300㎖) | L13: Ctg | M13: 1 | N13: 5000 | O13: =SUM(N13:N13)*M13*$O$2 -> 4175 | V13: =SUM(O13+Q13)+S13+U13 -> 4175
A14: =F14&G14&H14&I14 -> L002 | I14: L002 | J14: 디지털 도어록 교체, B204-2 | K14: 시중노임단가,보통인부 | L14: 인 | M14: 0.5 | P14: 167081 | Q14: =M14*P14 -> 83540.5 | V14: =SUM(O14+Q14)+S14+U14 -> 83540.5
A15: 9999999 | J15: 디지털 도어록 | K15: 시중가, 세금계산서 첨부 예정 | L15: EA | M15: 1 | N15: 68000 | O15: =M15*N15 -> 68000 | V15: =SUM(O15+Q15)+S15+U15 -> 68000
O16: =SUM(O5:O15) -> 461626.98 | Q16: =SUM(Q5:Q15) -> 2241125.9 | S16: =SUM(S5:S15) -> 0 | U16: =SUM(U5:U15) -> 0 | V16: =SUM(V5:V15) -> 2702752.8

Sheet 상세내역
A1: 내 역 서
A2: 품 명 | B2: 규 격 | C2: 단위 | D2: 수 량 | E2: 재 료 비 | G2: 노 무 비 | I2: 기계경비 | K2: 기타경비(부자재비) | M2: 합 계 | O2: 비 고
E3: 단 가 | F3: 금 액 | G3: 단 가 | H3: 금 액 | K3: 단 가 | L3: 금 액 | M3: 단 가 | N3: 금 액
A4: 기숙사 B동 202-1호외 5세대 도배보수 외
A5: 1.B202-1
A6: 도배 | B6: 부분도배(화장실문옆 벽-찢어짐), 벽면 | C6: ㎡ | D6: 20 | E6: 1057 | F6: =D6*E6 -> 21140 | G6: 8839.9 | H6: =D6*G6 -> 176798 | N6: =F6+H6+J6+L6 -> 197938
A7: 화장실문옆 석고보드 들뜸보수 | B7: 석고평보드, 12.5T× 900×2,400 | C7: 매 | D7: 1 | E7: 7682 | F7: =D7*E7 -> 7682 | N7: =F7+H7+J7+L7 -> 7682
B8: 특별인부 | C8: 인 | D8: 0.5 | G8: 219321 | H8: =D8*G8 -> 109660.5 | N8: =F8+H8+J8+L8 -> 109660.5
A9: 2.B202-5
A10: 도배 | B10: 부분 도배(벽-얼룩짐), | C10: ㎡ | D10: 20 | E10: 1057 | F10: =D10*E10 -> 21140 | G10: 8839.9 | H10: =D10*G10 -> 176798 | N10: =F10+H10+J10+L10 -> 197938
A11: 화장실문옆 석고보드 들뜸보수 | B11: 석고평보드, 12.5T× 900×2,400 | C11: 매 | D11: 1 | E11: 7682 | F11: =D11*E11 -> 7682 | N11: =F11+H11+J11+L11 -> 7682
B12: 특별인부 | C12: 인 | D12: 0.5 | G12: 219321 | H12: =D12*G12 -> 109660.5 | N12: =F12+H12+J12+L12 -> 109660.5
A13: 버티컬 교체 | B13: 버티칼블라인드 | C13: M2 | D13: 5 | E13: 45925 | F13: =D13*E13 -> 229625 | N13: =F13+H13+J13+L13 -> 229625
A14: 3.B203-1
A15: 도배 | C15: ㎡ | D15: 20 | E15: 1057 | F15: =D15*E15 -> 21140 | G15: 8839.9 | H15: =D15*G15 -> 176798 | N15: =F15+H15+J15+L15 -> 197938
A16: 화장실문옆 석고보드 들뜸보수 | B16: 석고평보드, 12.5T× 900×2,400 | C16: 매 | D16: 1 | E16: 7682 | F16: =D16*E16 -> 7682 | N16: =F16+H16+J16+L16 -> 7682
B17: 특별인부 | C17: 인 | D17: 0.5 | G17: 219321 | H17: =D17*G17 -> 109660.5 | N17: =F17+H17+J17+L17 -> 109660.5
A18: 도어보수 2개소(방, 화장실) | B18: 특별인부 | C18: 인 | D18: 1 | G18: 219321 | H18: =D18*G18 -> 219321 | N18: =F18+H18+J18+L18 -> 219321
A19: 4.B204-2
A20: 도배 | B20: 부분 도배(벽-찢어짐) | C20: ㎡ | D20: 20 | E20: 1057 | F20: =D20*E20 -> 21140 | G20: 8839.9 | H20: =D20*G20 -> 176798 | N20: =F20+H20+J20+L20 -> 197938
A21: 벽체 단열재 들뜸 재시공 | B21: 보통합판, 준내수, 2.7, 1,220, 2,440 | C21: 매 | D21: 1 | E21: 9937 | F21: =D21*E21 -> 9937 | N21: =F21+H21+J21+L21 -> 9937
B22: 코레실 SL8061액형 실리콘, 다목적건축죠인트실링용(300㎖) | C22: Ctg | D22: 1 | E22: 4175 | F22: =D22*E22 -> 4175 | N22: =F22+H22+J22+L22 -> 4175
B23: 특별인부 | C23: 인 | D23: 1 | G23: 219321 | H23: =D23*G23 -> 219321 | N23: =F23+H23+J23+L23 -> 219321
A24: 도어보수 2개소(방, 화장실) | B24: 특별인부 | C24: 인 | D24: 1 | G24: 219321 | H24: =D24*G24 -> 219321 | N24: =F24+H24+J24+L24 -> 219321
A25: 디지털도어락 교체 | B25: 게이트맨 와이드 VIENA | C25: EA | D25: 1 | E25: 68000 | F25: =D25*E25 -> 68000 | N25: =F25+H25+J25+L25 -> 68000
B26: 보통인부 | C26: 인 | D26: 0.5 | G26: 167081 | H26: =D26*G26 -> 83540.5 | N26: =F26+H26+J26+L26 -> 83540.5
A27: 5.B301-6
A28: 도배 | C28: ㎡ | D28: 20 | E28: 1057 | F28: =D28*E28 -> 21140 | G28: 8839.9 | H28: =D28*G28 -> 176798 | N28: =F28+H28+J28+L28 -> 197938
A29: 도어보수 개소(화장실) | B29: 특별인부 | C29: 인 | D29: 0.5 | G29: 219321 | H29: =D29*G29 -> 109660.5 | N29: =F29+H29+J29+L29 -> 109660.5
A30: 6.B402-2
A31: 도배 | B31: 부분 도배(벽-찢어짐) | C31: ㎡ | D31: 20 | E31: 1057 | F31: =D31*E31 -> 21140 | G31: 8839.9 | H31: =D31*G31 -> 176798 | N31: =F31+H31+J31+L31 -> 197938
A32: 합 계 | F32: =SUM(F6:F31) -> 461623 | H32: =SUM(H6:H31) -> 2240933.5 | J32: =#REF!+#REF! -> #REF! | L32: =#REF!+#REF! -> #REF! | N32: =SUM(N6:N31) -> 2702556.5

Sheet 시중가 근거서류

Sheet Upload
A1: 표준내역코드 | B1: 세부공종 | C1: 품명 | D1: 규격 | E1: 단위 | F1: 수량 | G1: 재료비단가 | H1: 재료비소계 | I1: 노무비단가 | J1: 노무비소계 | K1: 기계경비단가 | L1: 기계경비소계 | M1: 기타경비단가 | N1: 기타경비소계 | O1: 할증코드 | P1: 재료비할증율 | Q1: 노무비할증율 | R1: 할증내용
A2: 999999 | B2: 영선,건축 | C2: 디지털 도어락, 세금계산서 첨부예정 | D2: 게이트맨 와이드 VIENA | E2: EA | F2: 1 | G2: 68000

Sheet Upload-rrr
A1: 구분 | B1: 표준단가 | C1: 표준품셈 | D1: 물가정보 | E1: 노임단가 | F1: 수량
A2: ='내역서(표준단가)'!A5 -> M020853710050101 | B2: ='내역서(표준단가)'!F5 -> 0 | C2: ='내역서(표준단가)'!G5 -> 0 | D2: ='내역서(표준단가)'!H5 -> M020853710050101 | E2: ='내역서(표준단가)'!I5 -> 0 | F2: ='내역서(표준단가)'!M5 -> 7.2684
A3: ='내역서(표준단가)'!A6 -> E00000803071260301 | B3: ='내역서(표준단가)'!F6 -> 0 | C3: ='내역서(표준단가)'!G6 -> E00000803071260301 | D3: ='내역서(표준단가)'!H6 -> 0 | E3: ='내역서(표준단가)'!I6 -> 0 | F3: ='내역서(표준단가)'!M6 -> 2.6087
A4: ='내역서(표준단가)'!A7 -> M020852810150101 | B4: ='내역서(표준단가)'!F7 -> 0 | C4: ='내역서(표준단가)'!G7 -> 0 | D4: ='내역서(표준단가)'!H7 -> M020852810150101 | E4: ='내역서(표준단가)'!I7 -> 0 | F4: ='내역서(표준단가)'!M7 -> 5
A5: ='내역서(표준단가)'!A8 -> M020690710060101 | B5: ='내역서(표준단가)'!F8 -> 0 | C5: ='내역서(표준단가)'!G8 -> 0 | D5: ='내역서(표준단가)'!H8 -> M020690710060101 | E5: ='내역서(표준단가)'!I8 -> 0 | F5: ='내역서(표준단가)'!M8 -> 3
A6: ='내역서(표준단가)'!A9 -> M020691410070101 | B6: ='내역서(표준단가)'!F9 -> 0 | C6: ='내역서(표준단가)'!G9 -> 0 | D6: ='내역서(표준단가)'!H9 -> M020691410070101 | E6: ='내역서(표준단가)'!I9 -> 0 | F6: ='내역서(표준단가)'!M9 -> 1
A7: ='내역서(표준단가)'!A10 -> L003 | B7: ='내역서(표준단가)'!F10 -> 0 | C7: ='내역서(표준단가)'!G10 -> 0 | D7: ='내역서(표준단가)'!H10 -> 0 | E7: ='내역서(표준단가)'!I10 -> L003 | F7: ='내역서(표준단가)'!M10 -> 2.5
A8: ='내역서(표준단가)'!A11 -> L003 | B8: ='내역서(표준단가)'!F11 -> 0 | C8: ='내역서(표준단가)'!G11 -> 0 | D8: ='내역서(표준단가)'!H11 -> 0 | E8: ='내역서(표준단가)'!I11 -> L003 | F8: ='내역서(표준단가)'!M11 -> 1.5
A9: ='내역서(표준단가)'!A12 -> L003 | B9: ='내역서(표준단가)'!F12 -> 0 | C9: ='내역서(표준단가)'!G12 -> 0 | D9: ='내역서(표준단가)'!H12 -> 0 | E9: ='내역서(표준단가)'!I12 -> L003 | F9: ='내역서(표준단가)'!M12 -> 1
A10: ='내역서(표준단가)'!A13 -> M020252912050101 | B10: ='내역서(표준단가)'!F13 -> 0 | C10: ='내역서(표준단가)'!G13 -> 0 | D10: ='내역서(표준단가)'!H13 -> M020252912050101 | E10: ='내역서(표준단가)'!I13 -> 0 | F10: ='내역서(표준단가)'!M13 -> 1
A11: ='내역서(표준단가)'!A14 -> L002 | B11: ='내역서(표준단가)'!F14 -> 0 | C11: ='내역서(표준단가)'!G14 -> 0 | D11: ='내역서(표준단가)'!H14 -> 0 | E11: ='내역서(표준단가)'!I14 -> L002 | F11: ='내역서(표준단가)'!M14 -> 0.5
