Workbook

Sheet 갑지
A2: 견 적 서
A5: 수신인 : 주식회사 에스엔아이 코퍼레이션 | F5: 등록번호 | G5: 314-86-35718
F6: 상 호 | G6: ㈜일성건축
A7: 공사명 : 임차사택 수장공사 안병선(Cell 요소설계 기술팀) | F7: 대표 이사 | G7: 상 석 희
F8: 사업장 | G8: 대전 서구 도마6길 107 (도마동)
A9: 견적일 : 2025 년 03월 05일 | F9: 업 태 | G9: 건설업
F10: 종 목 | G10: 실내건축,인테리어공사
F11: TEL, FAX | G11: 042)527-0995, 042)527-0996
A12: 금액: | B12: =NUMBERSTRING(F31,1) -> 삼백이십일만오천 | D12: 원정
A14: NO | B14: 품명 | C14: 규격 | D14: 수량 | E14: 단위 | F14: 금액 | G14: 비고
B15: 직접비
B16: 재료비 | F16: ='내역서(표준단가)'!O11 -> 654731.52
B17: 노무비 | F17: =상세내역!H19 -> 2081474
B18: 기계/기타경비 | F18: ='내역서(표준단가)'!S11+'내역서(표준단가)'!U11 -> 0
B19: 소계 | F19: =F16+F17+F18 -> 2736205.6
B20: 간접비
B21: 국민연금 | C21: 노무비*4.5% | D21: 1 | E21: 식 | F21: =F17*4.5% -> 93666.332 | G21: 모든공사에 적용
B22: 건강보험료 | C22: 노무비*3.545% | D22: 1 | E22: 식 | F22: =F17*3.545% -> 73788.255 | G22: 모든공사에 적용
B23: 장기요양보험료 | C23: 건강보험료*12.95% | D23: 1 | E23: 식 | F23: =F22*12.95% -> 9555.579 | G23: 모든공사에 적용
B24: 고용보험료 | C24: 노무비*1.01% | D24: 1 | E24: 식 | F24: =F17*1.01% -> 21022.888 | G24: 모든공사에 적용
B25: 산재보험료 | C25: 노무비*3.56% | D25: 1 | E25: 식 | F25: =F17*3.56% -> 74100.476 | G25: 모든공사에 적용
B26: 산업안전보건관리비 | C26: (재료비+노무비)*3.11% | D26: 1 | E26: 식 | F26: =(F16+F17)*3.11% -> 85095.993 | G26: 모든공사에 적용
B27: 일반관리비/이윤 | C27: (노무비+간접공사비)*5% | D27: 1 | E27: 식 | F27: =SUM(F17+F21+F22+F23+F24+F25+F26)*5% -> 121935.18
B28: 소계 | F28: =F21+F22+F23+F24+F25+F26+F27 -> 479164.7
F30: =F19+F28+F29 -> 3215370.3
B31: 합계(단수조정) | F31: =ROUNDDOWN(F30,-3) -> 3215000
B32: VAT별도

Sheet 내역서(표준단가)
O1: ▼낙찰율 | Q1: ▼낙찰율 | S1: ▼낙찰율 | U1: ▼낙찰율
O2: 0.835 | Q2: 0.835 | S2: 0.835 | U2: 0.835
F3: ▶ 표준 Code(표준단가/품셈/물정/노임) 순서별 입력(Upload 자동반영) | J3: 주요내역 | L3: 단위 | M3: 수량 | N3: 재료비 | P3: 노무비 | R3: 기계경비 | T3: 기타경비(부자재비) | V3: 합계 | W3: 노무비 할증 | X3: 할증기준
A4: 합계 | F4: 표준단가 D | G4: 표준품셈 E | H4: 물가정보 M | I4: 노임단가 L | J4: 품목 | K4: 규격 | N4: 품셈/표단 | O4: 금액 | P4: 단가 | Q4: 금액 | R4: 단가 | S4: 금액 | T4: 단가 | U4: 금액
A5: =F5&G5&H5&I5 -> M020853710050101 | H5: M020853710050101 | J5: 아이리스 | K5: 합지벽지 1R/L=93㎝(고정)×17.75m=16.51㎡, 소요량184/16.51=11.144R/L | L5: R/L | M5: 11.144 | N5: 20900 | O5: =SUM(N5:N5)*M5*$O$2 -> 194479.52 | Q5: =(P5*M5)*$Q$2 -> 0 | S5: =R5*M5*$S$2 -> 0 | U5: =T5*M5*$U$2 -> 0 | V5: =SUM(O5+Q5)+S5+U5 -> 194479.52
A6: =F6&G6&H6&I6 -> E00000803071260301 | G6: E00000803071260301 | J6: 도배 교체(벽) | K6: 일당 시공량-벽 46㎡, 적산정보 500p 참조,시공총량122/일당46=2.652, | L6: (일당) | M6: 2.652 | O6: =SUM(N6:N6)*M6*$O$2 -> 0 | P6: 487076 | Q6: =(P6*M6)*$Q$2 -> 1078590.8 | S6: =R6*M6*$S$2 -> 0 | U6: =T6*M6*$U$2 -> 0 | V6: =SUM(O6+Q6)+S6+U6 -> 1078590.8
A7: =F7&G7&H7&I7 -> E00000803071260301 | G7: E00000803071260301 | J7: 도배 교체(천장) | K7: 일당 시공량-천장 35㎡ 적산정보 500p 참조, 시공총량62/일당35=1.771, | L7: (일당) | M7: 1.771 | O7: =SUM(N7:N7)*M7*$O$2 -> 0 | P7: 487076 | Q7: =(P7*M7)*$Q$2 -> 720280.68 | S7: =R7*M7*$S$2 -> 0 | U7: =T7*M7*$U$2 -> 0 | V7: =SUM(O7+Q7)+S7+U7 -> 720280.68
A8: =F8&G8&H8&I8 -> M020809012520101 | H8: M020809012520101 | J8: 비닐시트바닥재 | K8: 데코리아 다솜(륨) 1.8T×1,830㎜ | L8: ㎡ | M8: 42.4 | N8: 13000 | O8: =SUM(N8:N8)*M8*$O$2 -> 460252 | Q8: =(P8*M8)*$Q$2 -> 0 | S8: =R8*M8*$S$2 -> 0 | U8: =T8*M8*$U$2 -> 0 | V8: =SUM(O8+Q8)+S8+U8 -> 460252
A9: =F9&G9&H9&I9 -> E00000803071260401 | G9: E00000803071260401 | J9: PVC계바닥재 교체 | K9: 일당 시공량-61㎡ 적산정보 500p 참조,시공총량42.4/일당61=0.8443 | L9: (일당) | M9: 0.6951 | O9: =SUM(N9:N9)*M9*$O$2 -> 0 | P9: 487076 | Q9: =(P9*M9)*$Q$2 -> 282703.05 | S9: =R9*M9*$S$2 -> 0 | U9: =T9*M9*$U$2 -> 0 | V9: =SUM(O9+Q9)+S9+U9 -> 282703.05
O11: =SUM(O5:O10) -> 654731.52 | Q11: =SUM(Q5:Q10) -> 2081574.6 | S11: =SUM(S5:S10) -> 0 | U11: =SUM(U5:U10) -> 0 | V11: =SUM(V5:V10) -> 2736306.1

Sheet 상세내역
A1: 내 역 서
A2: 품 명 | B2: 규 격 | C2: 단위 | D2: 수량 | E2: 재 료 비 | G2: 노 무 비 | I2: 기계경비 | K2: 기타경비(부자재비) | M2: 합 계 | O2: 비 고
E3: 단 가 | F3: 금 액 | G3: 단 가 | H3: 금 액 | K3: 단 가 | L3: 금 액 | M3: 단 가 | N3: 금 액
A4: 임차사택 수장공사 안병선(Cell 요소설계 기술팀)
A5: 1.도배 | B5: 거실 벽면 | C5: ㎡ | D5: 40 | E5: 1057 | F5: =D5*E5 -> 42280 | G5: 8839.9 | H5: =D5*G5 -> 353596 | N5: =F5+H5+J5+L5 -> 395876
B6: 거실 천정 | C6: ㎡ | D6: 24 | E6: 1057 | F6: =D6*E6 -> 25368 | G6: 11617.4 | H6: =D6*G6 -> 278817.6 | N6: =F6+H6+J6+L6 -> 304185.6
B7: 방A 벽면 | C7: ㎡ | D7: 32 | E7: 1057 | F7: =D7*E7 -> 33824 | G7: 8839.9 | H7: =D7*G7 -> 282876.8 | N7: =F7+H7+J7+L7 -> 316700.8
B8: 방A 천정 | C8: ㎡ | D8: 16 | E8: 1057 | F8: =D8*E8 -> 16912 | G8: 11617.4 | H8: =D8*G8 -> 185878.4 | N8: =F8+H8+J8+L8 -> 202790.4
B9: 방B 벽면 | C9: ㎡ | D9: 25 | E9: 1057 | F9: =D9*E9 -> 26425 | G9: 8839.9 | H9: =D9*G9 -> 220997.5 | N9: =F9+H9+J9+L9 -> 247422.5
B10: 방B 천정 | C10: ㎡ | D10: 11 | E10: 1057 | F10: =D10*E10 -> 11627 | G10: 11617.4 | H10: =D10*G10 -> 127791.4 | N10: =F10+H10+J10+L10 -> 139418.4
B11: 방C 벽면 | C11: ㎡ | D11: 25 | E11: 1057 | F11: =D11*E11 -> 26425 | G11: 8839.9 | H11: =D11*G11 -> 220997.5 | N11: =F11+H11+J11+L11 -> 247422.5
B12: 방C 천정 | C12: ㎡ | D12: 11 | E12: 1057 | F12: =D12*E12 -> 11627 | G12: 11617.4 | H12: =D12*G12 -> 127791.4 | N12: =F12+H12+J12+L12 -> 139418.4
A13: 소 계 | D13: 198 | F13: =SUM(F5:F12) -> 194488 | H13: =SUM(H5:H12) -> 1798746.6 | J13: =SUM(J5:J12) -> 0 | L13: =SUM(L5:L12) -> 0 | N13: =SUM(N5:N12) -> 1993234.6
A14: 2.바닥재 | B14: 거실 바닥 | C14: ㎡ | D14: 22.2 | E14: 10855 | F14: =D14*E14 -> 240981 | G14: 6668.1 | H14: =D14*G14 -> 148031.82 | N14: =F14+H14+J14+L14 -> 389012.82
B15: 방A 바닥 | C15: ㎡ | D15: 10.4 | E15: 10855 | F15: =D15*E15 -> 112892 | G15: 6668.1 | H15: =D15*G15 -> 69348.24 | N15: =F15+H15+J15+L15 -> 182240.24
B16: 방B 바닥 | C16: ㎡ | D16: 5.2 | E16: 10855 | F16: =D16*E16 -> 56446 | G16: 6668.1 | H16: =D16*G16 -> 34674.12 | N16: =F16+H16+J16+L16 -> 91120.12
B17: 방C 바닥 | C17: ㎡ | D17: 4.6 | E17: 10855 | F17: =D17*E17 -> 49933 | G17: 6668.1 | H17: =D17*G17 -> 30673.26 | N17: =F17+H17+J17+L17 -> 80606.26
A18: 소 계 | D18: =SUM(D14:D17) -> 42.4 | F18: =SUM(F14:F17) -> 460252 | H18: =SUM(H14:H17) -> 282727.44 | J18: =SUM(J14:J17) -> 0 | L18: =SUM(L14:L17) -> 0 | N18: =SUM(N14:N17) -> 742979.44
A19: 합 계 | F19: =F13+F18 -> 654740 | H19: =H13+H18 -> 2081474 | J19: =J13+J18 -> 0 | L19: =L13+L18 -> 0 | N19: =N13+N18 -> 2736214
A21: *외부 임차 사택공사와 관련하여, 견적서의 금액 \3,215,000원(내역서+부대비용)을 확인 후, 공사 하였기에 서명날인 합니다.
A22: 성명: 근무부서: 전화번호: 사택명:

Sheet Upload
A1: 구분 | B1: 표준단가 | C1: 표준품셈 | D1: 물가정보 | E1: 노임단가 | F1: 수량
A2: ='내역서(표준단가)'!A5 -> M020853710050101 | B2: ='내역서(표준단가)'!F5 -> 0 | C2: ='내역서(표준단가)'!G5 -> 0 | D2: ='내역서(표준단가)'!H5 -> M020853710050101 | E2: ='내역서(표준단가)'!I5 -> 0 | F2: ='내역서(표준단가)'!M5 -> 11.144
A3: ='내역서(표준단가)'!A6 -> E00000803071260301 | B3: ='내역서(표준단가)'!F6 -> 0 | C3: ='내역서(표준단가)'!G6 -> E00000803071260301 | D3: ='내역서(표준단가)'!H6 -> 0 | E3: ='내역서(표준단가)'!I6 -> 0 | F3: ='내역서(표준단가)'!M6 -> 2.652
A4: ='내역서(표준단가)'!A7 -> E00000803071260301 | B4: ='내역서(표준단가)'!F7 -> 0 | C4: ='내역서(표준단가)'!G7 -> E00000803071260301 | D4: ='내역서(표준단가)'!H7 -> 0 | E4: ='내역서(표준단가)'!I7 -> 0 | F4: ='내역서(표준단가)'!M7 -> 1.771
A5: ='내역서(표준단가)'!A8 -> M020809012520101 | B5: ='내역서(표준단가)'!F8 -> 0 | C5: ='내역서(표준단가)'!G8 -> 0 | D5: ='내역서(표준단가)'!H8 -> M020809012520101 | E5: ='내역서(표준단가)'!I8 -> 0 | F5: ='내역서(표준단가)'!M8 -> 42.4
A6: ='내역서(표준단가)'!A9 -> E00000803071260401 | B6: ='내역서(표준단가)'!F9 -> 0 | C6: ='내역서(표준단가)'!G9 -> E00000803071260401 | D6: ='내역서(표준단가)'!H9 -> 0 | E6: ='내역서(표준단가)'!I9 -> 0 | F6: ='내역서(표준단가)'!M9 -> 0.6951

Sheet 초원 23평 도면
