Workbook

Sheet 갑지
A2: 견 적 서
A5: 수신인: | B5: (주)에스앤아이코퍼레이션 | F5: 주 식 회 사 대 양 이 엔 씨 대 표 박 찬 현
A7: 공사명: | B7: 사택 배터리 교체 | F7: 대전광역시 대덕구 아리랑로 125번길 11
A9: 견적일: | B9: 2025년 06월 일 | F9: 전화 : 042-628-8301 /FAX : 042-628-8304
A12: 금액: | B12: =NUMBERSTRING(F31,1) -> 오백칠십칠만육천 | D12: 원정
A14: NO | B14: 품명 | C14: 규격 | D14: 수량 | E14: 단위 | F14: 금액 | G14: 비고
B15: 직접비
B16: 재료비 | F16: ='내역서(표준단가)'!O8 -> 3340750
B17: 노무비 | F17: ='내역서(표준단가)'!Q8 -> 1907234
B18: 기계/기타경비 | F18: ='내역서(표준단가)'!S8 -> 0
B19: 소계 | F19: =F16+F17+F18 -> 5247984
B20: 간접비
B21: 안전관리비 | C21: (재료비+노무비)*3.11% | D21: 1 | E21: 식 | F21: =(F16+F17)*3.11% -> 163212.3 | G21: 모든공사에 적용
B22: 산재보험료 | C22: 노무비*3.56% | D22: 1 | E22: 식 | F22: =F17*3.56% -> 67897.53 | G22: 모든공사에 적용
B23: 고용보험료 | C23: 노무비*1.01% | D23: 1 | E23: 식 | F23: =F17*1.01% -> 19263.063 | G23: 모든공사에 적용
B24: 국민건강 보험료 | C24: 노무비*3.545% | D24: 1 | E24: 식 | F24: =F17*3.545% -> 67611.445 | G24: 모든공사에 적용
B25: 국민연금 보험료 | C25: 노무비*4.5% | D25: 1 | E25: 식 | F25: =F17*4.5% -> 85825.53 | G25: 모든공사에 적용
B26: 노인장기요양 보험료 | C26: 국민건강보험료*12.95% | D26: 1 | E26: 식 | F26: =F24*12.95% -> 8755.6822 | G26: 모든공사에 적용
B27: 일반관리비/이윤 | C27: (노무비+간접공사비)*5% | D27: 1 | E27: 식 | F27: =SUM(F17+F21+F22+F23+F24+F25+F26)*5% -> 115989.98
B28: 소계 | F28: =F21+F22+F23+F24+F25+F26+F27 -> 528555.53
F30: =F19+F28+F29 -> 5776539.5
B31: 합계(단수조정) | F31: =ROUNDDOWN(F30,-3) -> 5776000
B32: VAT별도

Sheet 내역서(표준단가)
O2: ▼낙찰율 | Q2: ▼낙찰율 | S2: ▼낙찰율 | U2: ▼낙찰율 | W2: ▼할증율
H3: 공사명: | J3: =갑지!B7 -> 사택 배터리 교체 | O3: 0.83 | Q3: 0.4 | S3: 0.6 | U3: 0.6 | W3: 1 | X3: 기본
H4: 표준 Code | J4: 주요내역 | L4: 단위 | M4: 수량 | N4: 재료비 | P4: 노무비 | R4: 기계경비 | T4: 기타경비(부자재비) | V4: 합계 | W4: 비고
J5: 품목 | K5: 규격 | N5: 단가 | O5: 금액 | P5: 단가 | Q5: 금액 | R5: 단가 | S5: 금액 | T5: 단가 | U5: 금액 | W5: 할증율(%) | X5: 기준
H6: M045860216170101 | I6: 축전지(2) | J6: 12V 무보수밀폐형 축전지 | K6: ES 12-12, 12V 12AH | L6: 개 | M6: 35 | N6: 115000 | O6: =M6*N6*$O$3 -> 3340750 | Q6: =IF(W6="",M6*P6*$Q$3*$W$3,M6*P6*$Q$3*W6) -> 0 | V6: =SUM(O6+Q6)+S6+U6 -> 3340750
H7: E00000807031B30201 | I7: 배터리 | J7: 배터리 교체 | K7: 배처리 철거 및 설치, 정상동작 확인 및 시험 | L7: 개 | M7: 35 | O7: =M7*N7*$O$3 -> 0 | P7: 136231 | Q7: =IF(W7="",M7*P7*$Q$3*$W$3,M7*P7*$Q$3*W7) -> 1907234 | V7: =SUM(O7+Q7)+S7+U7 -> 1907234
O8: =SUM(O6:O7) -> 3340750 | Q8: =SUM(Q6:Q7) -> 1907234 | S8: =SUM(S7:S7) -> 0

Sheet 주요물량산출서
A1: 주요 물량 산출서
A3: 공사명: | B3: =갑지!B7 -> 사택 배터리 교체
A4: 품명 | B4: 규격 | C4: 단위 | D4: 수량 | E4: 산출근거 | F4: 내역도면번호 | G4: 비고
A5: F-CV케이블 | B5: 0.6/1KV 1C 70㎟ | C5: M | D5: 260 | E5: 높이5+길이47+높이5+5분전반결선+3(여유5%)=65*4=260
B6: 0.6/1KV 4C 10㎟ | C6: M | D6: 60 | E6: 높이5+길이42+높이5+5장비결선+3(여유5%)=60
B7: 0.6/1KV 4C 10㎟ | C7: M | D7: 42 | E7: 높이5+길이35+2(여유5%)=42
B8: 0.6/1KV 3C 4㎟ | C8: M | D8: 416 | E8: 높이5+길이40+높이5+2(여유5%)=52*8=416
B9: 0.6/1KV 3C 4㎟ | C9: M | D9: 150 | E9: 높이5+길이19+높이5+1(여유5%)=30*5=150

Sheet Upload
A1: 구분 | B1: 표준단가 | C1: 표준품셈 | D1: 물가정보 | E1: 노임단가 | F1: 수량
A2: =#REF! -> #REF! | B2: =#REF! -> #REF! | C2: =#REF! -> #REF! | D2: =#REF! -> #REF! | E2: =#REF! -> #REF! | F2: =#REF! -> #REF!
A3: =#REF! -> #REF! | B3: =#REF! -> #REF! | C3: =#REF! -> #REF! | D3: =#REF! -> #REF! | E3: =#REF! -> #REF! | F3: =#REF! -> #REF!
A4: =#REF! -> #REF! | B4: =#REF! -> #REF! | C4: =#REF! -> #REF! | D4: =#REF! -> #REF! | E4: =#REF! -> #REF! | F4: =#REF! -> #REF!
A5: =#REF! -> #REF! | B5: =#REF! -> #REF! | C5: =#REF! -> #REF! | D5: =#REF! -> #REF! | E5: =#REF! -> #REF! | F5: =#REF! -> #REF!

Sheet 내역서업로드
G2: ▼낙찰율 | I2: ▼낙찰율 | K2: ▼낙찰율 | M2: ▼낙찰율
B3: ="공사명"&" "&":"&" "&갑지!B7 -> 공사명 : 사택 배터리 교체 | G3: % | I3: % | K3: 0.86 | M3: 0.8
A4: 표준 Code | B4: 주요내역 | D4: 단위 | E4: 수량 | F4: 재료비 | H4: 노무비 | J4: 기계경비 | L4: 기타경비(부자재비) | N4: 합계 | O4: 비고
B5: 품목 | C5: 규격 | F5: 단가 | G5: 금액 | H5: 단가 | I5: 금액 | J5: 단가 | K5: 금액 | L5: 단가 | M5: 금액 | O5: 할증율(%) | P5: 기준
J6: 197736
A7: M045860216170101 | B7: 12V 무보수밀폐형 축전지 | C7: ES 12-12, 12V 12AH | D7: 개 | E7: 35 | J7: 295464.15
A8: M045302513000101 | B8: 무정전전원장치(UPS/CVCF) | C8: 상수1ø,출력220/110V(입력:220/110V) 용량1kVA | D8: 대 | E8: 1 | J8: 131653
A9: E00000807031B30201 | B9: 배터리 교체 | C9: 배처리 철거 및 설치, 정상동작 확인 및 시험 | E9: 35 | J9: 1909218

Sheet 공사수립계획서
B1: 공사수립계획서
B4: 업 체 명 | C4: 대양이엔씨 | D4: 일 시 | E4: =갑지!B9 -> 2025년 06월 일
B5: 공 사 명 | C5: =갑지!B7 -> 사택 배터리 교체
B6: 공사 업체 | C6: ■ 공사기간 : 입찰시스템 계약기간에 준함
C7: ■ 인원투입계획 : 총 4명(주말 : 명)
C8: ■ 시공방법
C11: 배토리 교체
C20: ■ 위험작업 유무 : 고소작업.전기작업
C21: ■ 안전확보 방안 :
C22: -. 고소작업시 2인1조 작업
C23: -. 천정작업시 안전로프 설치
C24: -. 분전반 결선시 위험표지판 설치 및 차단기 락 설치
C25: ■ 주요 사용물질 :
B29: 대양이엔씨 | C29: 성명 : 홍정운 | D29: (인감/서명)
B30: ㈜ S&I Corp. | C30: 성명 : 이용엽 | D30: 서명
