Workbook

Sheet 갑지
A2: 견 적 서
A5: 수신인 : 주식회사 에스엔아이 엣스퍼트 | F5: 등록번호 | G5: 314-86-35718
F6: 상 호 | G6: ㈜일성건축
A7: 공사명 : 기숙사 및 사택 긴급 작업(건축)-5차 | F7: 대표 이사 | G7: 상 석 희
F8: 사업장 | G8: 대전 서구 도마6길 107 (도마동)
A9: 견적일 : 2026 년 07월 29일 | F9: 업 태 | G9: 건설업
F10: 종 목 | G10: 실내건축,인테리어공사
F11: TEL, FAX | G11: 042)527-0995, 042)527-0996
A12: 금액: | B12: =NUMBERSTRING(F31,1) -> 사백오십오만육천 | D12: 원정
A14: NO | B14: 품명 | C14: 규격 | D14: 수량 | E14: 단위 | F14: 금액 | G14: 비고
B15: 직접비
B16: 재료비 | F16: ='내역서(표준단가)'!O12 -> 437864
B17: 노무비 | F17: ='내역서(표준단가)'!Q12 -> 3365014
B18: 기계/기타경비 | F18: ='내역서(표준단가)'!S12+'내역서(표준단가)'!U12 -> 0
B19: 소계 | F19: =F16+F17+F18 -> 3802878
B20: 간접비
B21: 국민연금 | C21: 노무비*4.5% | D21: 1 | E21: 식 | F21: =F17*4.5% -> 151425.63 | G21: 모든공사에 적용
B22: 건강보험료 | C22: 노무비*3.545% | D22: 1 | E22: 식 | F22: =F17*3.545% -> 119289.75 | G22: 모든공사에 적용
B23: 장기요양보험료 | C23: 건강보험료*12.95% | D23: 1 | E23: 식 | F23: =F22*12.95% -> 15448.022 | G23: 모든공사에 적용
B24: 고용보험료 | C24: 노무비*1.01% | D24: 1 | E24: 식 | F24: =F17*1.01% -> 33986.641 | G24: 모든공사에 적용
B25: 산재보험료 | C25: 노무비*3.56% | D25: 1 | E25: 식 | F25: =F17*3.56% -> 119794.5 | G25: 모든공사에 적용
B26: 산업안전보건관리비 | C26: (재료비+노무비)*3.11% | D26: 1 | E26: 식 | F26: =(F16+F17)*3.11% -> 118269.51 | G26: 모든공사에 적용
B27: 일반관리비/이윤 | C27: (노무비+간접공사비)*5% | D27: 1 | E27: 식 | F27: =SUM(F17+F21+F22+F23+F24+F25+F26)*5% -> 196161.4
B28: 소계 | F28: =F21+F22+F23+F24+F25+F26+F27 -> 754375.45
F30: =F19+F28+F29-1000 -> 4556253.4
B31: 합계(단수조정) | F31: =ROUNDDOWN(F30,-3) -> 4556000
B32: VAT별도

Sheet 내역서(표준단가)
O1: ▼낙찰율 | Q1: ▼낙찰율 | S1: ▼낙찰율 | U1: ▼낙찰율
O2: 0.835 | Q2: 0.835 | S2: 0.835 | U2: 0.835
F3: ▶ 표준 Code(표준단가/품셈/물정/노임) 순서별 입력(Upload 자동반영) | J3: 주요내역 | L3: 단위 | M3: 수량 | N3: 재료비 | P3: 노무비 | R3: 기계경비 | T3: 기타경비(부자재비) | V3: 합계 | W3: 노무비 할증 | X3: 할증기준
A4: 합계 | F4: 표준단가 D | G4: 표준품셈 E | H4: 물가정보 M | I4: 노임단가 L | J4: 품목 | K4: 규격 | N4: 품셈/표단 | O4: 금액 | P4: 단가 | Q4: 금액 | R4: 단가 | S4: 금액 | T4: 단가 | U4: 금액
A5: L003 | I5: L003 | J5: 긴급보수 대응 | K5: 특별인부 | L5: M/D | M5: 6 | O5: =SUM(N5:N5)*M5*$O$2 -> 0 | P5: 219321 | Q5: =M5*P5 -> 1315926 | S5: =R5*M5*$S$2 -> 0 | U5: =T5*M5*$U$2 -> 0 | V5: =SUM(O5+Q5)+S5+U5 -> 1315926
A6: L002 | J6: 긴급보수 대응 | K6: 보통인부 | L6: M/D | M6: 8 | O6: =SUM(N6:N6)*M6*$O$2 -> 0 | P6: 167081 | Q6: =M6*P6 -> 1336648
A7: L009 | J7: 긴급보수 대응 | K7: 철공 | L7: M/D | M7: 3 | O7: =SUM(N7:N7)*M7*$O$2 -> 0 | P7: 237480 | Q7: =M7*P7 -> 712440
A8: M020450310340103 | J8: 방충망 AL | K8: MFA, 1,000×1,000㎜, AL도장 | L8: M2 | M8: 7 | N8: 43712.575 | O8: =SUM(N8:N8)*M8*$O$2 -> 255500 | Q8: =M8*P8 -> 0
A9: 999999 | J9: 빨래건조대 | K9: 베란다용(봉형 | L9: Set | M9: 6 | N9: 25900 | O9: =SUM(N9:N9)*M9*$O$2 -> 129759 | Q9: =M9*P9 -> 0
A10: 999999 | J10: 베란다 우수배관 트랩 | K10: 100A | L10: EA | M10: 6 | N10: 10500 | O10: =SUM(N10:N10)*M10*$O$2 -> 52605 | Q10: =M10*P10 -> 0
O12: =SUM(O5:O11) -> 437864 | Q12: =SUM(Q5:Q11) -> 3365014 | S12: =SUM(S5:S11) -> 0 | U12: =SUM(U5:U11) -> 0 | V12: =SUM(V5:V11) -> 1315926

Sheet Upload
A1: 구분 | B1: 표준단가 | C1: 표준품셈 | D1: 물가정보 | E1: 노임단가 | F1: 수량
A2: ='내역서(표준단가)'!A5 -> L003 | B2: ='내역서(표준단가)'!F5 -> 0 | C2: ='내역서(표준단가)'!G5 -> 0 | D2: ='내역서(표준단가)'!H5 -> 0 | E2: ='내역서(표준단가)'!I5 -> L003 | F2: ='내역서(표준단가)'!M5 -> 6
A3: ='내역서(표준단가)'!A6 -> L002 | B3: ='내역서(표준단가)'!F6 -> 0 | C3: ='내역서(표준단가)'!G6 -> 0 | D3: ='내역서(표준단가)'!H6 -> 0 | E3: ='내역서(표준단가)'!I6 -> 0 | F3: ='내역서(표준단가)'!M6 -> 8
A4: ='내역서(표준단가)'!A7 -> L009 | B4: ='내역서(표준단가)'!F7 -> 0 | C4: ='내역서(표준단가)'!G7 -> 0 | D4: ='내역서(표준단가)'!H7 -> 0 | E4: ='내역서(표준단가)'!I7 -> 0 | F4: ='내역서(표준단가)'!M7 -> 3
A5: ='내역서(표준단가)'!A8 -> M020450310340103 | B5: ='내역서(표준단가)'!F8 -> 0 | C5: ='내역서(표준단가)'!G8 -> 0 | D5: =A5 -> M020450310340103 | E5: ='내역서(표준단가)'!I8 -> 0 | F5: ='내역서(표준단가)'!M8 -> 7
A6: ='내역서(표준단가)'!A9 -> 999999 | B6: ='내역서(표준단가)'!F9 -> 0 | C6: ='내역서(표준단가)'!G9 -> 0 | D6: ='내역서(표준단가)'!H9 -> 0 | E6: ='내역서(표준단가)'!I9 -> 0 | F6: ='내역서(표준단가)'!M9 -> 6
A7: ='내역서(표준단가)'!A10 -> 999999 | B7: ='내역서(표준단가)'!F10 -> 0 | C7: ='내역서(표준단가)'!G10 -> 0 | D7: ='내역서(표준단가)'!H10 -> 0 | E7: ='내역서(표준단가)'!I10 -> 0 | F7: ='내역서(표준단가)'!M10 -> 6

Sheet Upload-PS
A1: 표준내역코드 | B1: 세부공종 | C1: 품명 | D1: 규격 | E1: 단위 | F1: 수량 | G1: 재료비단가 | H1: 재료비소계 | I1: 노무비단가 | J1: 노무비소계 | K1: 기계경비단가 | L1: 기계경비소계 | M1: 기타경비단가 | N1: 기타경비소계 | O1: 할증코드 | P1: 재료비할증율 | Q1: 노무비할증율 | R1: 할증내용
A2: 999999 | B2: 수장공사 | C2: 시중가 | D2: 빨래건조대 | E2: EA | F2: 6 | G2: 25900
A3: 999999 | B3: 수장공사 | C3: 시중가 | D3: 베란다 우수배관 트랩 | E3: EA | F3: 6 | G3: 10500
