Workbook

Sheet 갑지
A1: 견 적 서
A4: 수신인 : (주)에스앤아이코퍼레이션 | F4: 등록번호 | G4: 305-86-01887
F5: 상 호 | G5: 주식회사수안이엔지
A6: 공사명 : 엘지 사택 음식물처리기용 급수배관 교체공사 | F6: 대표 이사 | G6: 김용도
F7: 사업장 | G7: 대전광역시 동구 태전로 157번길 58, 2층
A8: 견적일 : 2026년 08월 04일 | F8: 업 태 | G8: 건설업
F9: 종 목 | G9: 기계설비공사
F10: TEL, FAX | G10: 042-224-0252 / 042-224-5424
A11: 금액: | B11: =NUMBERSTRING(F31,1) -> 일백육십칠만팔천 | D11: 원정
A13: NO | B13: 품명 | C13: 규격 | D13: 수량 | E13: 단위 | F13: 금액 | G13: 비고
B14: 직접비
B15: 재료비 | F15: ='내역서(표준단가)'!K24 -> 491915.52
B16: 노무비 | F16: ='내역서(표준단가)'!M24 -> 956645
B17: 기계/기타경비 | F17: ='내역서(표준단가)'!O24+'내역서(표준단가)'!Q24 -> 0
B18: 건설기계대여금 | F18: 0
B19: 소계 | F19: =F15+F16+F17+F18 -> 1448560.5
B20: 간접비
B21: 안전관리비 | C21: (재료비+노무비)*3.11% | D21: 1 | E21: 식 | F21: =(F15+F16)*3.11% -> 45050.232 | G21: 모든공사에 적용
B22: 산재보험료 | C22: 노무비*3.56% | D22: 1 | E22: 식 | F22: =F16*3.56% -> 34056.562 | G22: 모든공사에 적용
B23: 고용보험료 | C23: 노무비*1.01% | D23: 1 | E23: 식 | F23: =F16*1.01% -> 9662.1145 | G23: 모든공사에 적용
B24: 국민건강 보험료 | C24: 노무비*3.595% | D24: 1 | E24: 식 | F24: =F16*3.595% -> 34391.388 | G24: 모든공사에 적용
B25: 국민연금 보험료 | C25: 노무비*4.75% | D25: 1 | E25: 식 | F25: =F16*4.75% -> 45440.637 | G25: 모든공사에 적용
B26: 노인장기요양 보험료 | C26: 국민건강보험료*12.95% | D26: 1 | E26: 식 | F26: =F24*13.14% -> 4519.0284 | G26: 모든공사에 적용
B27: 일반관리비/이윤 | C27: (노무비+간접공사비)*5% | D27: 1 | E27: 식 | F27: =SUM(F16+F21+F22+F23+F24+F25+F26)*5% -> 56488.248
B28: 소계 | F28: =SUM(F21,F22,F23,F24,F25,F26,F27) -> 229608.21
F30: =F19+F28+F29 -> 1678168.7
B31: 합계(단수조정) | F31: =ROUNDDOWN(F30,-3) -> 1678000
B32: VAT별도

Sheet 내역서(표준단가)
K1: ▼낙찰율 | M1: ▼낙찰율 | O1: ▼낙찰율 | Q1: ▼낙찰율
K2: 0.82 | M2: 0.72 | O2: 1 | Q2: 1
B3: ▶ 표준 Code(표준단가/품셈/물정/노임) 순서별 입력(Upload 자동반영) | F3: 주요내역 | H3: 단위 | I3: 수량 | J3: 재료비 | L3: 노무비 | N3: 기계경비 | P3: 기타경비(부자재비) | R3: 합계 | S3: 노무비 할증 | T3: 할증기준
A4: 합계 | B4: 표준단가 D | C4: 표준품셈 E | D4: 물가정보 M | E4: 노임단가 L | F4: 품목 | G4: 규격 | J4: 품셈/표단 | K4: 금액 | L4: 단가 | M4: 금액 | N4: 단가 | O4: 금액 | P4: 단가 | Q4: 금액
F5: 음식물처리기용 급수배관 교체공사
A6: =B6&C6&D6&E6 -> E00000806001030304 | C6: E00000806001030304 | F6: 용접배관 (철거) | G6: 15㎜(시공량 : 95m) | H6: (일당) | I6: =26/95 -> 0.27368421 | K6: =ROUND(J6*K$2*I6,0) -> 0 | L6: 889354 | M6: =ROUND((L6*I6)*$M$2,0)*50% -> 87625 | O6: =ROUND(N6*I6*$O$2,0) -> 0 | Q6: =ROUND(P6*I6*$Q$2,0) -> 0 | R6: =SUM(K6+M6)+O6+Q6 -> 87625 | T6: H01
A7: =B7&C7&D7&E7 -> E00000806003010101 | C7: E00000806003010101 | F7: 일반마감 배관보온 - 고무발포보온재 (철거) | G7: Ø15㎜ - 보온두께 : 25㎜이하(시공량 : 77m) | H7: (일당) | I7: =26/95 -> 0.27368421 | J7: 0 | L7: 600987 | M7: =ROUND((L7*I7)*$M$2,0)*50% -> 59213 | R7: =SUM(K7+M7)+O7+Q7 -> 59213 | T7: H01
A8: =B8&C8&D8&E8 -> E00000806005010101 | C8: E00000806005010101 | F8: 일반밸브 및 콕류 설치 (철거) | G8: 15~25㎜ | H8: (개당) | I8: =2 -> 2 | J8: 0 | L8: 11971 | M8: =ROUND((L8*I8)*$M$2,0)*50% -> 8619 | O8: =ROUND(N8*I8*$O$2,0) -> 0 | Q8: =ROUND(P8*I8*$Q$2,0) -> 0 | R8: =SUM(K8+M8)+O8+Q8 -> 8619 | T8: H01
A9: =B9&C9&D9&E9 -> E00000806001030304 | C9: E00000806001030304 | F9: 용접배관 | G9: 15㎜(시공량 : 95m) | H9: (일당) | I9: =26/95 -> 0.27368421 | K9: =ROUND(J9*K$2*I9,0) -> 0 | L9: 889354 | M9: =ROUND((L9*I9)*$M$2,0) -> 175250 | O9: =ROUND(N9*I9*$O$2,0) -> 0 | Q9: =ROUND(P9*I9*$Q$2,0) -> 0 | R9: =SUM(K9+M9)+O9+Q9 -> 175250
A10: =B10&C10&D10&E10 -> 999999 | D10: 999999 | F10: 고무발포 관보온 | G10: 25t x D15 | H10: m | I10: =ROUND(4+4+6,0) -> 14 | J10: 7231 | K10: =+I10*J10*$K$2 -> 83011.88 | L10: 7764 | M10: =ROUND((L10*I10)*$M$2,0) -> 78261 | O10: =ROUND(N10*I10*$O$2,0) -> 0 | Q10: =ROUND(P10*I10*$Q$2,0) -> 0 | R10: =SUM(K10+M10)+O10+Q10 -> 161272.88
A11: =B11&C11&D11&E11 -> 999999 | D11: 999999 | F11: 고무발포 관보온 | G11: 40t x D15 | H11: m | I11: =9+3 -> 12 | J11: 14021 | K11: =+I11*J11*$K$2 -> 137966.64 | L11: 12755 | M11: =ROUND((L11*I11)*$M$2,0) -> 110203 | O11: =ROUND(N11*I11*$O$2,0) -> 0 | Q11: =ROUND(P11*I11*$Q$2,0) -> 0 | R11: =SUM(K11+M11)+O11+Q11 -> 248169.64
A12: =B12&C12&D12&E12 -> E00000806001030201 | C12: E00000806001030201 | F12: 용접접함 - 참고(&#8226; TIG용접 소모재료) | G12: Ø15㎜ | H12: (용접개소당) | I12: =ROUND(26/3+8*2,0) -> 25 | J12: 496 | K12: =ROUND(J12*K$2*I12,0) -> 10168 | M12: =ROUND((L12*I12)*$M$2,0) -> 0 | O12: =ROUND(N12*I12*$O$2,0) -> 0 | Q12: =ROUND(P12*I12*$Q$2,0) -> 0 | R12: =SUM(K12+M12)+O12+Q12 -> 10168
A13: =B13&C13&D13&E13 -> E00000806001030104 | C13: E00000806001030104 | F13: 용접접합 | G13: 15㎜ | H13: (용접개소당) | I13: =ROUND(26/3+8*2,0) -> 25 | L13: 14008 | M13: =ROUND((L13*I13)*$M$2,0) -> 252144 | O13: =ROUND(N13*I13*$O$2,0) -> 0 | Q13: =ROUND(P13*I13*$Q$2,0) -> 0 | R13: =SUM(K13+M13)+O13+Q13 -> 252144
A14: =B14&C14&D14&E14 -> M025015110050105 | D14: M025015110050105 | F14: 배관용스테인리스강관(공업용) | G14: 호칭15A, 외경21.7㎜, 3.0mm | H14: m | I14: =ROUND(4+4.5+5+11*1.1,0) -> 26 | J14: 9058 | K14: =ROUND(J14*K$2*I14,0) -> 193117 | M14: =ROUND((L14*I14)*$M$2,0) -> 0 | O14: =ROUND(N14*I14*$O$2,0) -> 0 | Q14: =ROUND(P14*I14*$Q$2,0) -> 0 | R14: =SUM(K14+M14)+O14+Q14 -> 193117
A15: =B15&C15&D15&E15 -> M02501PA10010101 | D15: M02501PA10010101 | F15: 스테인리스관이음쇠 | G15: 90도 엘보(LONG), 15㎜, S/10 | H15: 개 | I15: =8 -> 8 | J15: 2673 | K15: =ROUND(J15*K$2*I15,0) -> 17535 | M15: =ROUND((L15*I15)*$M$2,0) -> 0 | O15: =ROUND(N15*I15*$O$2,0) -> 0 | Q15: =ROUND(P15*I15*$Q$2,0) -> 0 | R15: =SUM(K15+M15)+O15+Q15 -> 17535
A16: =B16&C16&D16&E16 -> M02501QV10440101 | D16: M02501QV10440101 | F16: 스텐단닛블 | G16: 15A, 34㎜ | H16: 개 | I16: =2 -> 2 | J16: 1070 | K16: =ROUND(J16*K$2*I16,0) -> 1755 | M16: =ROUND((L16*I16)*$M$2,0) -> 0 | O16: =ROUND(N16*I16*$O$2,0) -> 0 | Q16: =ROUND(P16*I16*$Q$2,0) -> 0 | R16: =SUM(K16+M16)+O16+Q16 -> 1755
A17: =B17&C17&D17&E17 -> M02512B710010101 | D17: M02512B710010101 | F17: 스테인리스볼밸브 | G17: SCS13/SUS304(CF8)-10K(150LB)-SCR'D, 15A, 1/2 | H17: 개 | I17: =2 -> 2 | J17: 20000 | K17: =ROUND(J17*K$2*I17,0) -> 32800 | M17: =ROUND((L17*I17)*$M$2,0) -> 0 | O17: =ROUND(N17*I17*$O$2,0) -> 0 | Q17: =ROUND(P17*I17*$Q$2,0) -> 0 | R17: =SUM(K17+M17)+O17+Q17 -> 32800
A18: =B18&C18&D18&E18 -> M02501E110010102 | D18: M02501E110010102 | F18: 파이프행거 | G18: 15A, 절연행거 | H18: 개 | I18: =14/2 -> 7 | J18: 710 | K18: =ROUND(J18*K$2*I18,0) -> 4075 | M18: =ROUND((L18*I18)*$M$2,0) -> 0 | O18: =ROUND(N18*I18*$O$2,0) -> 0 | Q18: =ROUND(P18*I18*$Q$2,0) -> 0 | R18: =SUM(K18+M18)+O18+Q18 -> 4075
A19: =B19&C19&D19&E19 -> M010332810030101 | D19: M010332810030101 | F19: 전산볼트 | G19: M10(도금) (길이 1m) | H19: 개 | I19: =ROUND(7*1.2,0) -> 8 | J19: 1226 | K19: =ROUND(J19*K$2*I19,0) -> 8043 | M19: =ROUND((L19*I19)*$M$2,0) -> 0 | O19: =ROUND(N19*I19*$O$2,0) -> 0 | Q19: =ROUND(P19*I19*$Q$2,0) -> 0 | R19: =SUM(K19+M19)+O19+Q19 -> 8043
A20: =B20&C20&D20&E20 -> M010333813300101 | D20: M010333813300101 | F20: SET A/C(용융) | G20: 3/8×75(9×75) | H20: 개 | I20: =7 -> 7 | J20: 600 | K20: =ROUND(J20*K$2*I20,0) -> 3444 | M20: =ROUND((L20*I20)*$M$2,0) -> 0 | O20: =ROUND(N20*I20*$O$2,0) -> 0 | Q20: =ROUND(P20*I20*$Q$2,0) -> 0 | R20: =SUM(K20+M20)+O20+Q20 -> 3444
A21: =B21&C21&D21&E21 -> E00000808374072301 | C21: E00000808374072301 | F21: 부대공사(앵커볼트 설치 등) - 전산볼트 설치 | G21: Ø13㎜이하 | H21: (단위당) | I21: =7 -> 7 | J21: 0 | K21: =ROUND(J21*K$2*I21,0) -> 0 | L21: 2836 | M21: =ROUND((L21*I21)*$M$2,0) -> 14293 | O21: =ROUND(N21*I21*$O$2,0) -> 0 | Q21: =ROUND(P21*I21*$Q$2,0) -> 0 | R21: =SUM(K21+M21)+O21+Q21 -> 14293
A22: =B22&C22&D22&E22 -> L002 | E22: L002 | F22: 보통인부 | G22: 화기감시자 | H22: 인 | I22: =1 -> 1 | K22: =+I22*J22*$K$2 -> 0 | L22: 171037 | M22: =ROUND((L22*I22),0) -> 171037 | O22: =ROUND(N22*I22*$O$2,0) -> 0 | Q22: =ROUND(P22*I22*$Q$2,0) -> 0 | R22: =SUM(K22+M22)+O22+Q22 -> 171037 | S22: 1
A23: =B23&C23&D23&E23 | K23: =ROUND(J23*K$2*I23,0) -> 0 | M23: =ROUND((L23*I23)*$M$2,0) -> 0 | O23: =ROUND(N23*I23*$O$2,0) -> 0 | Q23: =ROUND(P23*I23*$Q$2,0) -> 0 | R23: =SUM(K23+M23)+O23+Q23 -> 0
A24: =B24&C24&D24&E24 | K24: =SUM(K5:K23) -> 491915.52 | M24: =SUM(M5:M23) -> 956645 | O24: =SUM(O5:O23) -> 0 | Q24: =SUM(Q5:Q22) -> 0 | R24: =SUM(K24+M24)+O24+Q24 -> 1448560.5

Sheet Upload
A1: 구분 | B1: 표준단가 | C1: 표준품셈 | D1: 물가정보 | E1: 노임단가 | F1: 수량 | H1: ★ 작성방법
A2: ='내역서(표준단가)'!A5 -> 0 | B2: ='내역서(표준단가)'!B5 -> 0 | C2: ='내역서(표준단가)'!C5 -> 0 | D2: ='내역서(표준단가)'!D5 -> 0 | E2: ='내역서(표준단가)'!E5 -> 0 | F2: ='내역서(표준단가)'!I5 -> 0 | H2: ① 내역서(엑셀) 내 품목코드, 수량 입력시 upload자료 내 자동반영됨
A3: ='내역서(표준단가)'!A6 -> E00000806001030304 | B3: ='내역서(표준단가)'!B6 -> 0 | C3: ='내역서(표준단가)'!C6 -> E00000806001030304 | D3: ='내역서(표준단가)'!D6 -> 0 | E3: ='내역서(표준단가)'!E6 -> 0 | F3: ='내역서(표준단가)'!I6 -> 0.27368421 | H3: ③ 시중가/할증은 atG 화면 내 별도입력(본 탭 내에는 표준 Code만 입력)
A4: ='내역서(표준단가)'!A7 -> E00000806003010101 | B4: ='내역서(표준단가)'!B7 -> 0 | C4: ='내역서(표준단가)'!C7 -> E00000806003010101 | D4: ='내역서(표준단가)'!D7 -> 0 | E4: ='내역서(표준단가)'!E7 -> 0 | F4: ='내역서(표준단가)'!I7 -> 0.27368421
A5: ='내역서(표준단가)'!A8 -> E00000806005010101 | B5: ='내역서(표준단가)'!B8 -> 0 | C5: ='내역서(표준단가)'!C8 -> E00000806005010101 | D5: ='내역서(표준단가)'!D8 -> 0 | E5: ='내역서(표준단가)'!E8 -> 0 | F5: ='내역서(표준단가)'!I8 -> 2
A6: ='내역서(표준단가)'!A9 -> E00000806001030304 | B6: ='내역서(표준단가)'!B9 -> 0 | C6: ='내역서(표준단가)'!C9 -> E00000806001030304 | D6: ='내역서(표준단가)'!D9 -> 0 | E6: ='내역서(표준단가)'!E9 -> 0 | F6: ='내역서(표준단가)'!I9 -> 0.27368421
A7: ='내역서(표준단가)'!A10 -> 999999 | B7: ='내역서(표준단가)'!B10 -> 0 | C7: ='내역서(표준단가)'!C10 -> 0 | D7: ='내역서(표준단가)'!D10 -> 999999 | E7: ='내역서(표준단가)'!E10 -> 0 | F7: ='내역서(표준단가)'!I10 -> 14
A8: ='내역서(표준단가)'!A11 -> 999999 | B8: ='내역서(표준단가)'!B11 -> 0 | C8: ='내역서(표준단가)'!C11 -> 0 | D8: ='내역서(표준단가)'!D11 -> 999999 | E8: ='내역서(표준단가)'!E11 -> 0 | F8: ='내역서(표준단가)'!I11 -> 12
A9: ='내역서(표준단가)'!A12 -> E00000806001030201 | B9: ='내역서(표준단가)'!B12 -> 0 | C9: ='내역서(표준단가)'!C12 -> E00000806001030201 | D9: ='내역서(표준단가)'!D12 -> 0 | E9: ='내역서(표준단가)'!E12 -> 0 | F9: ='내역서(표준단가)'!I12 -> 25
A10: ='내역서(표준단가)'!A13 -> E00000806001030104 | B10: ='내역서(표준단가)'!B13 -> 0 | C10: ='내역서(표준단가)'!C13 -> E00000806001030104 | D10: ='내역서(표준단가)'!D13 -> 0 | E10: ='내역서(표준단가)'!E13 -> 0 | F10: ='내역서(표준단가)'!I13 -> 25
A11: ='내역서(표준단가)'!A14 -> M025015110050105 | B11: ='내역서(표준단가)'!B14 -> 0 | C11: ='내역서(표준단가)'!C14 -> 0 | D11: ='내역서(표준단가)'!D14 -> M025015110050105 | E11: ='내역서(표준단가)'!E14 -> 0 | F11: ='내역서(표준단가)'!I14 -> 26
A12: ='내역서(표준단가)'!A15 -> M02501PA10010101 | B12: ='내역서(표준단가)'!B15 -> 0 | C12: ='내역서(표준단가)'!C15 -> 0 | D12: ='내역서(표준단가)'!D15 -> M02501PA10010101 | E12: ='내역서(표준단가)'!E15 -> 0 | F12: ='내역서(표준단가)'!I15 -> 8
A13: ='내역서(표준단가)'!A16 -> M02501QV10440101 | B13: ='내역서(표준단가)'!B16 -> 0 | C13: ='내역서(표준단가)'!C16 -> 0 | D13: ='내역서(표준단가)'!D16 -> M02501QV10440101 | E13: ='내역서(표준단가)'!E16 -> 0 | F13: ='내역서(표준단가)'!I16 -> 2
A14: ='내역서(표준단가)'!A17 -> M02512B710010101 | B14: ='내역서(표준단가)'!B17 -> 0 | C14: ='내역서(표준단가)'!C17 -> 0 | D14: ='내역서(표준단가)'!D17 -> M02512B710010101 | E14: ='내역서(표준단가)'!E17 -> 0 | F14: ='내역서(표준단가)'!I17 -> 2
A15: ='내역서(표준단가)'!A18 -> M02501E110010102 | B15: ='내역서(표준단가)'!B18 -> 0 | C15: ='내역서(표준단가)'!C18 -> 0 | D15: ='내역서(표준단가)'!D18 -> M02501E110010102 | E15: ='내역서(표준단가)'!E18 -> 0 | F15: ='내역서(표준단가)'!I18 -> 7
... A19: ='내역서(표준단가)'!A22 -> L002 | B19: ='내역서(표준단가)'!B22 -> 0 | C19: ='내역서(표준단가)'!C22 -> 0 | D19: ='내역서(표준단가)'!D22 -> 0 | E19: ='내역서(표준단가)'!E22 -> L002 | F19: ='내역서(표준단가)'!I22 -> 1

Sheet Upload(시중가)-별도입력
A1: 표준내역코드 | B1: 세부공종 | C1: 품명 | D1: 규격 | E1: 단위 | F1: 수량 | G1: 재료비단가 | H1: 재료비소계 | I1: 노무비단가 | J1: 노무비소계 | K1: 기계경비단가 | L1: 기계경비소계 | M1: 기타경비단가 | N1: 기타경비소계 | O1: 할증코드 | P1: 재료비할증율 | Q1: 노무비할증율 | R1: 할증내용
B2: 999999 | C2: 고무발포 관보온 | D2: 25t x D15 | E2: m | F2: 14 | G2: 7231 | H2: 83011.88 | I2: 7764 | J2: 78261 | L2: 0 | N2: 0
B3: 999999 | C3: 고무발포 관보온 | D3: 40t x D15 | E3: m | F3: 12 | G3: 14021 | H3: 137966.64 | I3: 12755 | J3: 110203 | L3: 0 | N3: 0
B4: 999999 | N4: 0
B5: 999999
B6: 999999
B34: 고무발포 관보온 (25년 기계일위대가표 P-11)

Sheet 공사수립계획서
B1: 공사수립계획서
B4: 업 체 명 | C4: 주식회사수안이엔지 | D4: 일 시 | E4: =갑지!A8 -> 견적일 : 2026년 08월 04일
B5: 공 사 명 | C5: =갑지!A6 -> 공사명 : 엘지 사택 음식물처리기용 급수배관 교체공사
B6: 공사 업체 | C6: ■ 공사기간 : 입찰시스템 계약기간에 준함
C7: ■ 인원투입계획 : 총 명(주말 : 명)
C8: ■ 시공방법
C9: - 자재준비
C10: - 기존 급수 배관 및 보온 철거 (동관)
C11: - 신규 급수 배관 및 보온 설치 (STS관 / 고무발포)
C12: - 기존 열선 연결
C13: - 화기작업 / 화기감시자 배치
C14: - 주변정리
C18: ■ 위험작업 유무 : 유(고소,화기,신호수)
C19: ■ 안전확보 방안 :
C20: -. 작업전 작업내용 숙지 및 작업 순서 확인.
C21: -. 개인 안전보호구 착용 철저
... C29: ■ 주요 사용물질 : 산소 0kg, 알곤 20kg, 질소 0kg, 냉매(R-22) 0kg 등
B33: 수안이엔지 | C33: 성명 : 김 용 도 | D33: (인감/서명)
B34: S&I | C34: 성명 : | D34: 서명

Sheet 산출서
A1: 주요 물량 산출서
A3: =갑지!A6 -> 공사명 : 엘지 사택 음식물처리기용 급수배관 교체공사
A4: 품명 | B4: 규격 | C4: 단위 | D4: 수량 | E4: 산출근거 | F4: 내역도면번호 | G4: 비고
A5: ='내역서(표준단가)'!F6 -> 용접배관 (철거) | B5: ='내역서(표준단가)'!G6 -> 15㎜(시공량 : 95m) | C5: ='내역서(표준단가)'!H6 -> (일당) | D5: ='내역서(표준단가)'!I6 -> 0.27368421 | E5: =26/95
A6: ='내역서(표준단가)'!F7 -> 일반마감 배관보온 - 고무발포보온재 (철거) | B6: ='내역서(표준단가)'!G7 -> Ø15㎜ - 보온두께 : 25㎜이하(시공량 : 77m) | C6: ='내역서(표준단가)'!H7 -> (일당) | D6: ='내역서(표준단가)'!I7 -> 0.27368421 | E6: =26/95
A7: ='내역서(표준단가)'!F8 -> 일반밸브 및 콕류 설치 (철거) | B7: ='내역서(표준단가)'!G8 -> 15~25㎜ | C7: ='내역서(표준단가)'!H8 -> (개당) | D7: ='내역서(표준단가)'!I8 -> 2 | E7: =2
A8: ='내역서(표준단가)'!F9 -> 용접배관 | B8: ='내역서(표준단가)'!G9 -> 15㎜(시공량 : 95m) | C8: ='내역서(표준단가)'!H9 -> (일당) | D8: ='내역서(표준단가)'!I9 -> 0.27368421 | E8: =26/95
A9: ='내역서(표준단가)'!F10 -> 고무발포 관보온 | B9: ='내역서(표준단가)'!G10 -> 25t x D15 | C9: ='내역서(표준단가)'!H10 -> m | D9: ='내역서(표준단가)'!I10 -> 14 | E9: =ROUND(4+4+6,0)
A10: ='내역서(표준단가)'!F11 -> 고무발포 관보온 | B10: ='내역서(표준단가)'!G11 -> 40t x D15 | C10: ='내역서(표준단가)'!H11 -> m | D10: ='내역서(표준단가)'!I11 -> 12 | E10: =9+3
A11: ='내역서(표준단가)'!F12 -> 용접접함 - 참고(&#8226; TIG용접 소모재료) | B11: ='내역서(표준단가)'!G12 -> Ø15㎜ | C11: ='내역서(표준단가)'!H12 -> (용접개소당) | D11: ='내역서(표준단가)'!I12 -> 25 | E11: =ROUND(26/3+8*2,0)
A12: ='내역서(표준단가)'!F13 -> 용접접합 | B12: ='내역서(표준단가)'!G13 -> 15㎜ | C12: ='내역서(표준단가)'!H13 -> (용접개소당) | D12: ='내역서(표준단가)'!I13 -> 25 | E12: =ROUND(26/3+8*2,0)
A13: ='내역서(표준단가)'!F14 -> 배관용스테인리스강관(공업용) | B13: ='내역서(표준단가)'!G14 -> 호칭15A, 외경21.7㎜, 3.0mm | C13: ='내역서(표준단가)'!H14 -> m | D13: ='내역서(표준단가)'!I14 -> 26 | E13: =ROUND(4+4.5+5+11*1.1,0)
A14: ='내역서(표준단가)'!F15 -> 스테인리스관이음쇠 | B14: ='내역서(표준단가)'!G15 -> 90도 엘보(LONG), 15㎜, S/10 | C14: ='내역서(표준단가)'!H15 -> 개 | D14: ='내역서(표준단가)'!I15 -> 8 | E14: =8
A15: ='내역서(표준단가)'!F16 -> 스텐단닛블 | B15: ='내역서(표준단가)'!G16 -> 15A, 34㎜ | C15: ='내역서(표준단가)'!H16 -> 개 | D15: ='내역서(표준단가)'!I16 -> 2 | E15: =2
A16: ='내역서(표준단가)'!F17 -> 스테인리스볼밸브 | B16: ='내역서(표준단가)'!G17 -> SCS13/SUS304(CF8)-10K(150LB)-SCR'D, 15A, 1/2 | C16: ='내역서(표준단가)'!H17 -> 개 | D16: ='내역서(표준단가)'!I17 -> 2 | E16: =2
... A20: ='내역서(표준단가)'!F21 -> 부대공사(앵커볼트 설치 등) - 전산볼트 설치 | B20: ='내역서(표준단가)'!G21 -> Ø13㎜이하 | C20: ='내역서(표준단가)'!H21 -> (단위당) | D20: ='내역서(표준단가)'!I21 -> 7 | E20: =7
