Workbook

Sheet 갑지
A2: 견 적 서
A5: 수신인: | B5: (주)에스앤아이코퍼레이션 | F5: 주 식 회 사 대 양 이 엔 씨 대 표 박 찬 현
A7: 공사명: | B7: 사택 7-106외 1세대 LED등기구 교체 | F7: 대전광역시 대덕구 아리랑로 125번길 11
A9: 견적일: | F9: 전화 : 042-628-8301 /FAX : 042-628-8304
A12: 금액: | B12: =NUMBERSTRING(F31,1) -> 일백일십일만육천 | D12: 원정
A14: NO | B14: 품명 | C14: 규격 | D14: 수량 | E14: 단위 | F14: 금액 | G14: 비고
B15: 직접비
B16: 재료비 | F16: ='내역서(표준단가)'!O11 -> 554400
B17: 노무비 | F17: ='내역서(표준단가)'!Q11 -> 444576
B18: 기계/기타경비 | F18: ='내역서(표준단가)'!V10 -> 0
B19: 소계 | F19: =F16+F17+F18 -> 998976
B20: 간접비
B21: 국민연금 | C21: 노무비*4.75% | D21: 1 | E21: 식 | F21: =F17*4.75% -> 21117.36 | G21: 모든공사에 적용
B22: 건강보험료 | C22: 노무비*3.595% | D22: 1 | E22: 식 | F22: =F17*3.595% -> 15982.507 | G22: 모든공사에 적용
B23: 장기요양보험료 | C23: 건강보험료*13.14% | D23: 1 | E23: 식 | F23: =F22*13.14% -> 2100.1014 | G23: 모든공사에 적용
B24: 고용보험료 | C24: 노무비*1.01% | D24: 1 | E24: 식 | F24: =F17*1.01% -> 4490.2176 | G24: 모든공사에 적용
B25: 산재보험료 | C25: 노무비*3.56% | D25: 1 | E25: 식 | F25: =F17*3.56% -> 15826.906 | G25: 모든공사에 적용
B26: 산업안전보건관리비 | C26: (재료비+노무비)*3.11% | D26: 1 | E26: 식 | F26: =(F16+F17)*3.11% -> 31068.154 | G26: 모든공사에 적용
B27: 일반관리비/이윤 | C27: (노무비+간접공사비)*5% | D27: 1 | E27: 식 | F27: =SUM(F17+F21+F22+F23+F24+F25+F26)*5% -> 26758.062
B28: 소계 | F28: =F21+F22+F23+F24+F25+F26+F27 -> 117343.31
F30: =F19+F28+F29 -> 1116319.3
B31: 합계(단수조정) | F31: =ROUNDDOWN(F30,-3) -> 1116000
B32: VAT별도

Sheet 내역서(표준단가)
O2: ▼낙찰율 | Q2: ▼낙찰율 | S2: ▼낙찰율 | U2: ▼낙찰율 | W2: ▼할증율
A3: 공사명: | J3: =갑지!B7 -> 사택 7-106외 1세대 LED등기구 교체 | O3: 0.83 | Q3: 0.4 | S3: 0.6 | U3: 0.6 | W3: 1 | X3: 기본
A4: 표준 Code | J4: 주요내역 | L4: 단위 | M4: 수량 | N4: 재료비 | P4: 노무비 | R4: 기계경비 | T4: 기타경비(부자재비) | V4: 합계 | W4: 비고
J5: 품목 | K5: 규격 | N5: 단가 | O5: 금액 | P5: 단가 | Q5: 금액 | R5: 단가 | S5: 금액 | T5: 단가 | U5: 금액 | W5: 할증율(%) | X5: 기준
A6: E999999 | I6: LED조명기구(3)-1 | J6: LED실내조명등 | K6: KE50EF606S57A1, 50W | L6: 개 | M6: 6 | N6: 70400 | O6: =M6*N6 -> 422400 | V6: =SUM(O6+Q6)+S6+U6 -> 422400 | X6: 거실등 1개 방등 2개
A7: E999999 | I7: LED조명기구(4) | J7: LED실내조명등 | K7: KE50M123SL57A1, 50W | L7: 개 | M7: 2 | N7: 66000 | O7: =M7*N7 -> 132000 | V7: =SUM(O7+Q7)+S7+U7 -> 132000 | X7: 주방등 1개
A8: L002 | J8: 보통인부 | K8: 최소인건비 | L8: 인 | M8: 1 | P8: 171037 | Q8: =IF(W8="",M8*P8*$W$3,M8*P8*W8) -> 171037 | V8: =SUM(O8+Q8)+S8+U8 -> 171037 | X8: 106호 / 201호
A9: L069 | J9: 내선전공 | K9: 최소인건비 | L9: 인 | M9: 1 | P9: 273539 | Q9: =IF(W9="",M9*P9*$W$3,M9*P9*W9) -> 273539 | V9: =SUM(O9+Q9)+S9+U9 -> 273539
M10: .
K11: 합계 | M11: . | N11: 단가합계 | O11: =SUM(O6:O9) -> 554400 | P11: 노무비합계 | Q11: =SUM(Q6:Q9) -> 444576

Sheet 시중가 증빙

Sheet upload
G2: ▼낙찰율 | I2: ▼낙찰율 | K2: ▼낙찰율 | M2: ▼낙찰율
B3: ="공사명"&" "&":"&" "&갑지!B7 -> 공사명 : 사택 7-106외 1세대 LED등기구 교체 | G3: % | I3: % | K3: 0.86 | M3: 0.8
A4: 표준 Code | B4: 주요내역 | D4: 단위 | E4: 수량 | F4: 재료비 | H4: 노무비 | J4: 기계경비 | L4: 기타경비(부자재비) | N4: 합계 | O4: 비고
B5: 품목 | C5: 규격 | F5: 단가 | G5: 금액 | H5: 단가 | I5: 금액 | J5: 단가 | K5: 금액 | L5: 단가 | M5: 금액 | O5: 할증율(%) | P5: 기준
J6: 197736
A7: E999999 | B7: LED실내조명등 | C7: KE50EF606S57A1, 50W | D7: 개 | E7: 6 | J7: 295464.15
A8: E999999 | B8: LED실내조명등 | C8: KE50EF606S57A1, 50W | D8: 개 | E8: 2 | J8: 131653
A9: L002 | B9: 보통인부 | C9: 최소인건비 | D9: 인 | E9: 1 | J9: 1909218
A10: L069 | B10: 내선전공 | C10: 최소인건비 | D10: 인 | E10: 1 | J10: -1044.4
G90: =SUM(G6:G89) -> 0 | I90: =SUM(I6:I89) -> 0 | K90: =SUM(K6:K89) -> 0 | M90: =SUM(M6:M89) -> 0

Sheet 공사수립계획서
B1: 공사수립계획서
B4: 업 체 명 | C4: 대양이엔씨 | D4: 일 시
B5: 공 사 명 | C5: =갑지!B7 -> 사택 7-106외 1세대 LED등기구 교체
B6: 공사 업체 | C6: ■ 공사기간 : 입찰시스템 계약기간에 준함
C7: ■ 인원투입계획 : 총 2명(주말 : 명)
C8: ■ 시공방법
C9: 기존 등기구 철거
C10: LED 거실등 / 방등 / 주방등 설치
C20: ■ 위험작업 유무 : 고소작업.전기작업
C21: ■ 안전확보 방안 :
C22: -. 고소작업시 2인1조 작업
C23: -. 천정작업시 안전로프 설치
C24: -. 분전반 결선시 위험표지판 설치 및 차단기 락 설치
C25: ■ 주요 사용물질 :
B29: 대양이엔씨 | C29: 성명 : 홍정운 | D29: (인감/서명)
B30: ㈜ S&I Corp. | C30: 성명 : | D30: 서명
