Workbook
Name ___A52762: #REF!
Name ___A52762: #REF!
Name ___A82761: #REF!
Name ___A82761: #REF!
Name __A52762: #REF!
Name __A52762: #REF!
Name __A82761: #REF!
Name __A82761: #REF!
Name _1: #N/A
Name _15A: [1]가격조사서!$D$4:$D$11
Name _A16800: #REF!
Name _A16800: #REF!
Name _A52762: #REF!
Name _A52762: #REF!
Name _A82761: #REF!
Name _A82761: #REF!
Name _C: #REF!
Name _C: #REF!
Name _E7_E9_E11_E13_: #N/A
Name _NMB96: #REF!
Name _NMB96: #REF!
Name _PRN2: [3]내역서!#REF!
Name _PRN2: [3]내역서!#REF!
Name _PRN3: [3]내역서!#REF!
Name _PRN3: [3]내역서!#REF!
Name _PRN4: [3]내역서!#REF!
Name _PRN4: [3]내역서!#REF!
Name _PRN6: [3]내역서!#REF!
Name _PRN6: [3]내역서!#REF!
Name _PRN7: [3]내역서!#REF!
Name _PRN7: [3]내역서!#REF!
Name _STR2020: [4]LANGUAGE!$B$40
Name _STR2021: [4]LANGUAGE!$B$41
Name _STR2022: [4]LANGUAGE!$B$42
Name _STR2023: [4]LANGUAGE!$B$43
Name _STR2024: [4]LANGUAGE!$B$44
Name _W: #N/A
Name \0: #N/A
Name \a: #N/A
Name \AS: #N/A
Name \b: #N/A
Name \BH: #N/A
Name \c: #N/A
Name \CC: #N/A
Name \d: #N/A
Name \DS: #N/A
Name \e: #N/A
Name \ES: #N/A
Name \f: #N/A
Name \FS: #N/A
Name \g: #N/A
Name \GH: #N/A
Name \h: #N/A
Name \HH: #N/A
Name \i: #N/A
Name \IH: #N/A
Name \j: #N/A
Name \JH: #N/A
Name \k: #N/A
Name \KH: #N/A

Sheet 갑지
A1: 견 적 서
A3: 수신인: 주식회사 에스앤아이 엣스퍼트 | F3: 등록번호 | G3: 306-81-20539
F4: 상 호 | G4: 주식회사 동운
A5: 공사명: 사택 2동108호외 난방용 분배기 교체 | F5: 대표 이사 | G5: 국 동 진
F6: 사업장 | G6: 대전광역시 대덕구 한남로 88번길 46
A7: 견적일: | B7: 45733 | F7: 업 태 | G7: 건설업
F8: 종 목 | G8: 배관공사외
F9: TEL, FAX | G9: 042-631-3770.1/ 042-635-8836
A10: 금액: | B10: =NUMBERSTRING(F29,1) -> 팔십일만구천 | D10: 원정
A12: NO | B12: 품명 | C12: 규격 | D12: 수량 | E12: 단위 | F12: 금액 | G12: 비고
B13: 직접비
B14: 재료비 | F14: =내역서!K13 -> 324720
B15: 노무비 | F15: =내역서!M13 -> 396745
B16: 기계/기타경비 | F16: =내역서!O13+내역서!Q13 -> 0
B17: 소계 | F17: =F14+F15+F16 -> 721465
B18: 간접비
B19: 국민연금 | C19: 노무비*4.5% | D19: 1 | E19: 식 | F19: =F15*4.5% -> 17853.525 | G19: 모든공사에 적용
B20: 건강보험료 | C20: 노무비*3.545% | D20: 1 | E20: 식 | F20: =F15*3.545% -> 14064.61 | G20: 모든공사에 적용
B21: 장기요양보험료 | C21: 건강보험료*12.95% | D21: 1 | E21: 식 | F21: =F20*12.95% -> 1821.367 | G21: 모든공사에 적용
B22: 고용보험료 | C22: 노무비*1.01% | D22: 1 | E22: 식 | F22: =F15*1.01% -> 4007.1245 | G22: 모든공사에 적용
B23: 산재보험료 | C23: 노무비*3.56% | D23: 1 | E23: 식 | F23: =F15*3.56% -> 14124.122 | G23: 모든공사에 적용
B24: 산업안전보건관리비 | C24: (재료비+노무비)*3.11% | D24: 1 | E24: 식 | F24: =(F14+F15)*3.11% -> 22437.561 | G24: 모든공사에 적용
B25: 일반관리비/이윤 | C25: (노무비+간접공사비)*5% | D25: 1 | E25: 식 | F25: =SUM(F15+F19+F20+F21+F22+F23+F24)*5% -> 23552.666
B26: 소계 | F26: =F19+F20+F21+F22+F23+F24+F25 -> 97860.976
F28: =F17+F26+F27 -> 819325.98
B29: 합계(단수조정) | F29: =ROUNDDOWN(F28,-3) -> 819000
B30: VAT별도

Sheet 내역서
K1: ▼낙찰율 | M1: ▼낙찰율 | O1: ▼낙찰율 | Q1: ▼낙찰율
K2: 0.88 | M2: 0.78 | O2: 1 | Q2: 1
C3: ▶ 표준 Code(표준단가/품셈/물정/노임) 순서별 입력(Upload 자동반영) | H3: 단위 | I3: 수량 | J3: 재료비 | L3: 노무비 | N3: 기계경비 | P3: 기타경비(부자재비) | R3: 합계금액 | S3: 노무비 할증 | T3: 할증기준
A4: NO | B4: 코드적용 | C4: 품셈코드 | D4: 물가정보코드 | E4: 노임단가 L | F4: 품명 | G4: 규격명 | J4: 단가 | K4: 금액 | L4: 단가 | M4: 금액 | N4: 단가 | O4: 금액 | P4: 단가 | Q4: 금액
B5: =C5&D5&E5 | F5: =갑지!A5 -> 공사명: 사택 2동108호외 난방용 분배기 교체 | K5: =SUM(J5:J5)*$K$2*I5 -> 0 | M5: =SUM(L5:L5)*$M$2*I5 -> 0 | O5: =SUM(N5:N5)*$O$2*I5 -> 0 | Q5: =SUM(P5:P5)*$Q$2*I5 -> 0 | R5: =K5+M5+O5+Q5 -> 0
B6: =C6&D6&E6 -> M030506310090101 | D6: M030506310090101 | F6: 온수분배기 | G6: 4구(ST)/나비벨브/니플(15->9.5Ø) | H6: Set | I6: 1 | J6: 140000 | K6: =SUM(J6:J6)*$K$2*I6 -> 123200 | M6: =SUM(L6:L6)*$M$2*I6 -> 0 | O6: =SUM(N6:N6)*$O$2*I6 -> 0 | Q6: =SUM(P6:P6)*$Q$2*I6 -> 0 | R6: =K6+M6+O6+Q6 -> 123200
B7: =C7&D7&E7 -> M030506310100101 | D7: M030506310100101 | F7: 온수분배기 | G7: 5구(ST)/나비벨브/니플(15->9.5Ø) | H7: Set | I7: 1 | J7: 175000 | K7: =SUM(J7:J7)*$K$2*I7 -> 154000 | M7: =SUM(L7:L7)*$M$2*I7 -> 0 | O7: =SUM(N7:N7)*$O$2*I7 -> 0 | Q7: =SUM(P7:P7)*$Q$2*I7 -> 0 | R7: =K7+M7+O7+Q7 -> 154000
B8: =C8&D8&E8 -> M02502Q710020103 | D8: M02502Q710020103 | F8: XL온돌파이프이음관 | G8: ø15, 유니온 | H8: 개 | I8: 18 | J8: 3000 | K8: =SUM(J8:J8)*$K$2*I8 -> 47520 | M8: =SUM(L8:L8)*$M$2*I8 -> 0 | O8: =SUM(N8:N8)*$O$2*I8 -> 0 | Q8: =SUM(P8:P8)*$Q$2*I8 -> 0 | R8: =K8+M8+O8+Q8 -> 47520
B9: =C9&D9&E9 -> L002 | E9: L002 | F9: 보통인부 | G9: 최소인건비 | H9: 인 | I9: 1 | K9: =SUM(J9:J9)*$K$2*I9 -> 0 | L9: 167081 | M9: =I9*L9 -> 167081 | O9: =SUM(N9:N9)*$O$2*I9 -> 0 | Q9: =SUM(P9:P9)*$Q$2*I9 -> 0 | R9: =K9+M9+O9+Q9 -> 167081
B10: =C10&D10&E10 -> L039 | E10: L039 | F10: 배관공 | G10: 최소인건비 | H10: 인 | I10: 1 | K10: =SUM(J10:J10)*$K$2*I10 -> 0 | L10: 229664 | M10: =I10*L10 -> 229664 | O10: =SUM(N10:N10)*$O$2*I10 -> 0 | Q10: =SUM(P10:P10)*$Q$2*I10 -> 0 | R10: =K10+M10+O10+Q10 -> 229664
B12: =C12&D12&E12 | K12: =SUM(J12:J12)*$K$2*I12 -> 0 | M12: =SUM(L12:L12)*$M$2*I12 -> 0 | O12: =SUM(N12:N12)*$O$2*I12 -> 0 | Q12: =SUM(P12:P12)*$Q$2*I12 -> 0 | R12: =K12+M12+O12+Q12 -> 0
F13: [ 소 계 ] | K13: =SUM(K5:K12) -> 324720 | M13: =SUM(M5:M12) -> 396745 | O13: =SUM(O5:O12) -> 0 | Q13: =SUM(Q5:Q12) -> 0 | R13: =SUM(R5:R12) -> 721465
T21: D

Sheet Upload
A1: 구분 | B1: 표준품셈 | C1: 물가정보 | D1: 노임단가 | E1: 수량 | G1: ★ 작성방법
A2: =내역서!B6 -> M030506310090101 | B2: =내역서!C6 -> 0 | C2: =내역서!D6 -> M030506310090101 | D2: =내역서!E6 -> 0 | E2: =내역서!I6 -> 1
A3: =내역서!B7 -> M030506310100101 | B3: =내역서!C7 -> 0 | C3: =내역서!D7 -> M030506310100101 | D3: =내역서!E7 -> 0 | E3: =내역서!I7 -> 1
A4: =내역서!B8 -> M02502Q710020103 | B4: =내역서!C8 -> 0 | C4: =내역서!D8 -> M02502Q710020103 | D4: =내역서!E8 -> 0 | E4: =내역서!I8 -> 18
A5: =내역서!B9 -> L002 | B5: =내역서!C9 -> 0 | C5: =내역서!D9 -> 0 | D5: =내역서!E9 -> L002 | E5: =내역서!I9 -> 1
A6: =내역서!B10 -> L039 | B6: =내역서!C10 -> 0 | C6: =내역서!D10 -> 0 | D6: =내역서!E10 -> L039 | E6: =내역서!I10 -> 1
A7: =내역서!B11 -> 0 | B7: =내역서!C11 -> 0 | C7: =내역서!D11 -> 0 | D7: =내역서!E11 -> 0 | E7: =내역서!I11 -> 0

Sheet 할증기준
A1: ■ atG 할증기준

Sheet 업로드(시중가)-별도입력
A1: 표준내역코드 | B1: 세부공종 | C1: 품명 | D1: 규격 | E1: 단위 | F1: 수량 | G1: 재료비단가 | H1: 재료비소계 | I1: 노무비단가 | J1: 노무비소계 | K1: 기계경비단가 | L1: 기계경비소계 | M1: 기타경비단가 | N1: 기타경비소계 | O1: 할증코드 | P1: 재료비할증율 | Q1: 노무비할증율 | R1: 할증내용
A7: ■시중가 입력시 (5가지중 1가지 첨부)_유사한 코드가 있으면 대체 적용하며, 불가피 한경우만 시중가 사용함_불가피 할경우 아래 5가지 중 1개 첨부 1. 업체 비교견적서 첨부 최소 2개사 (자재 거래처(자재상)_공사업체 는 제외해당) 2. 기실적 단가 3. 세금계산서 및 거래명세서 첨부 4. 단독취급 MAKER 자재의 경우 1개사 견적서 처리 가능함(대리점 포함, 사코_감압변 등 독자 메이커만 취급 하는 경우에 해당함) 5. 물가자료 책자 정보 증빙 첨부 (물가자료 책자 스캔 후 표시 증빙 첨부) 6. 기타사항 (협의후)

Sheet 작성 가이드
B2: ※ 견적작성 Guide
B4: ① 표준단가 코드(D Code) 작성 후 물정/적산 추가 반영
B5: ② 엑셀견적과 업로드 견적순번은 동일하게 배열
B6: ③ Upload 시트 중 품셈/물정+품셈내역 구분란에는 E999999로 반영
B7: ④ 업로드는 100% 단가기준으로 반영되며 S&I 담당자 견적반영시 시중가/할중/낙찰율은 별도 반영
B8: ☞ 표준단가사 견적제출시 엑셀 내역 내 반영요청

Sheet 공사수립계획서
B1: 공사수립계획서
B4: 업 체 명 | C4: 주식회사 동운 | D4: 견적일시 | E4: =갑지!B7 -> 45733
B5: 공 사 명 | C5: =갑지!A5 -> 공사명: 사택 2동108호외 난방용 분배기 교체
B6: 공사 업체 | C6: ■ 공사기간 : 입찰시스템 계약기간에 준함
C7: ■ 인원투입계획 : 총 명(주말 : 명)
C8: ■ 시공방법
C9: - 2동 108호, 9동 304호 난방 분배기 교체
C30: ■ 위험작업 유무 : 무
C31: ■ 안전확보 방안 :
C32: -. 작업전 작업내용 숙지 및 작업 순서 확인.
C33: -. 개인 안전보호구 착용 철저
C34: -. 고소작업시 안전밸트 착용 및 안전고리 채결 철저, 천장내 작업시 상부 생명줄 설치 및 필요시 발판설치
C35: -. 사다리 사용시 사다리보조자 포함 2인1조 작업 진행 및 상하 동시작업 금지
C36: -. 작업에 사용되는 공도구 사전점검 실시 및 절단,회전공구 사용 시 손베임장갑 착용 철저
C37: -. 중량물 취급시 중량물 취급계획에 맞추어 작업 진행, 작업전 충분한 스트레칭 실시, 25KG이상 중량물
C38: 취급시 2인1조 작업 진행
... C41: ■ 주요 사용물질 : 산소 0kg, 알곤 0kg, 질소 0kg, 냉매(R-22) 0kg 등
B42: ㈜ 동 운 | C42: 성명 : 국 동 진 | D42: (인감/서명)
B43: ㈜ S&I | C43: 성명 : | D43: 서명

Sheet 수량산출서
A1: 주요 물량 산출서
A3: =갑지!A5 -> 공사명: 사택 2동108호외 난방용 분배기 교체
A4: 품명 | B4: 규격 | C4: 단위 | D4: 수량 | E4: 산출근거 | F4: 내역도면번호 | G4: 비고
A5: =내역서!F6 -> 온수분배기 | B5: =내역서!G6 -> 4구(ST)/나비벨브/니플(15->9.5Ø) | C5: =내역서!H6 -> Set | D5: =내역서!I6 -> 1
A6: =내역서!F7 -> 온수분배기 | B6: =내역서!G7 -> 5구(ST)/나비벨브/니플(15->9.5Ø) | C6: =내역서!H7 -> Set | D6: =내역서!I7 -> 1
A7: =내역서!F8 -> XL온돌파이프이음관 | B7: =내역서!G8 -> ø15, 유니온 | C7: =내역서!H8 -> 개 | D7: =내역서!I8 -> 18
A8: =내역서!F9 -> 보통인부 | B8: =내역서!G9 -> 최소인건비 | C8: =내역서!H9 -> 인 | D8: =내역서!I9 -> 1
A9: =내역서!F10 -> 배관공 | B9: =내역서!G10 -> 최소인건비 | C9: =내역서!H10 -> 인 | D9: =내역서!I10 -> 1
A10: =내역서!F11 -> 0 | B10: =내역서!G11 -> 0 | C10: =내역서!H11 -> 0 | D10: =내역서!I11 -> 0
A11: =내역서!F12 -> 0 | B11: =내역서!G12 -> 0 | C11: =내역서!H12 -> 0 | D11: =내역서!I12 -> 0
A12: =내역서!F18 -> 0 | B12: =내역서!G18 -> 0 | C12: =내역서!H18 -> 0 | D12: =내역서!I18 -> 0
A13: =내역서!F19 -> 0 | B13: =내역서!G19 -> 0 | C13: =내역서!H19 -> 0 | D13: =내역서!I19 -> 0

Sheet 시공도
