Workbook

Sheet 갑지
A2: 견 적 서
A5: 수신인 : 주식회사 에스엔아이 코퍼레이션 | F5: 등록번호 | G5: 314-86-35718
F6: 상 호 | G6: ㈜일성건축
A7: 공사명 : 사택 2-206 거실 및 방 1,2 걸레받이 철거 및 설치 | F7: 대표 이사 | G7: 상 석 희
F8: 사업장 | G8: 대전 서구 도마6길 107 (도마동)
A9: 견적일 : 2025년 01월 13일 | F9: 업 태 | G9: 건설업
F10: 종 목 | G10: 실내건축,인테리어공사
F11: TEL, FAX | G11: 042)527-0995, 042)527-0996
A12: 금액: | B12: =NUMBERSTRING(F31,1) -> 육십이만칠천 | D12: 원정
A14: NO | B14: 품명 | C14: 규격 | D14: 수량 | E14: 단위 | F14: 금액 | G14: 비고
B15: 직접비
B16: 재료비 | F16: ='내역서(표준단가)'!O8 -> 120164.85
B17: 노무비 | F17: ='내역서(표준단가)'!Q8 -> 412605
B18: 기계/기타경비 | F18: ='내역서(표준단가)'!S8+'내역서(표준단가)'!U8 -> 0
B19: 소계 | F19: =F16+F17+F18 -> 532769.85
B20: 간접비
B21: 국민연금 | C21: 노무비*4.5% | D21: 1 | E21: 식 | F21: =F17*4.5% -> 18567.225 | G21: 모든공사에 적용
B22: 건강보험료 | C22: 노무비*3.545% | D22: 1 | E22: 식 | F22: =F17*3.545% -> 14626.847 | G22: 모든공사에 적용
B23: 장기요양보험료 | C23: 건강보험료*12.95% | D23: 1 | E23: 식 | F23: =F22*12.95% -> 1894.1767 | G23: 모든공사에 적용
B24: 고용보험료 | C24: 노무비*1.01% | D24: 1 | E24: 식 | F24: =F17*1.01% -> 4167.3105 | G24: 모든공사에 적용
B25: 산재보험료 | C25: 노무비*3.56% | D25: 1 | E25: 식 | F25: =F17*3.56% -> 14688.738 | G25: 모든공사에 적용
B26: 산업안전보건관리비 | C26: (재료비+노무비)*3.11% | D26: 1 | E26: 식 | F26: =(F16+F17)*3.11% -> 16569.142 | G26: 모든공사에 적용
B27: 일반관리비/이윤 | C27: (노무비+간접공사비)*5% | D27: 1 | E27: 식 | F27: =SUM(F17+F21+F22+F23+F24+F25+F26)*5% -> 24155.922
B28: 소계 | F28: =F21+F22+F23+F24+F25+F26+F27 -> 94669.362
F30: =F19+F28+F29 -> 627439.21
B31: 합계(단수조정) | F31: =ROUNDDOWN(F30,-3) -> 627000
B32: VAT별도

Sheet 내역서(표준단가)
O1: ▼낙찰율 | Q1: ▼낙찰율 | S1: ▼낙찰율 | U1: ▼낙찰율
O2: 0.835 | Q2: 0.835 | S2: 0.835 | U2: 0.835
F3: ▶ 표준 Code(표준단가/품셈/물정/노임) 순서별 입력(Upload 자동반영) | J3: 주요내역 | L3: 단위 | M3: 수량 | N3: 재료비 | P3: 노무비 | R3: 기계경비 | T3: 기타경비(부자재비) | V3: 합계 | W3: 노무비 할증 | X3: 할증기준
A4: 합계 | F4: 표준단가 D | G4: 표준품셈 E | H4: 물가정보 M | I4: 노임단가 L | J4: 품목 | K4: 규격 | N4: 품셈/표단 | O4: 금액 | P4: 단가 | Q4: 금액 | R4: 단가 | S4: 금액 | T4: 단가 | U4: 금액
A5: =F5&G5&H5&I5 -> L002 | I5: L002 | J5: 철거 및 폐기물 처리 운반 | K5: 시중노임단가, 보통인부 | L5: 인 | M5: 1 | O5: =SUM(N5:N5)*M5*$O$2 -> 0 | P5: 167081 | Q5: =M5*P5 -> 167081 | S5: =R5*M5*$S$2 -> 0 | U5: =T5*M5*$U$2 -> 0 | V5: =SUM(O5+Q5)+S5+U5 -> 167081
A6: =F6&G6&H6&I6 -> M020531910380101 | H6: M020531910380101 | J6: 연질/러버베이스 적용 (합성수지류,걸레받이 대체) | K6: 100h, 2.5t | L6: m | M6: 41 | N6: 3510 | O6: =SUM(N6:N6)*M6*$O$2 -> 120164.85 | Q6: =(P6*M6)*$Q$2 -> 0 | S6: =R6*M6*$S$2 -> 0 | U6: =T6*M6*$U$2 -> 0 | V6: =SUM(O6+Q6)+S6+U6 -> 120164.85
A7: =F7&G7&H7&I7 -> L030 | I7: L030 | J7: 걸레받이 설치 | K7: 시중노임단가, 내장공 | L7: 인 | M7: 1 | O7: =SUM(N7:N7)*M7*$O$2 -> 0 | P7: 245524 | Q7: =M7*P7 -> 245524 | S7: =R7*M7*$S$2 -> 0 | U7: =T7*M7*$U$2 -> 0 | V7: =SUM(O7+Q7)+S7+U7 -> 245524
O8: =SUM(O5:O7) -> 120164.85 | Q8: =SUM(Q5:Q7) -> 412605 | S8: =SUM(S5:S7) -> 0 | U8: =SUM(U5:U7) -> 0 | V8: =SUM(V5:V7) -> 532769.85

Sheet 상세내역
A1: 내 역 서
A2: 품 명 | B2: 규 격 | C2: 단위 | D2: 수 량 | E2: 재 료 비 | G2: 노 무 비 | I2: 기계경비 | K2: 기타경비 | M2: 합 계
E3: 단 가 | F3: 금 액 | G3: 단 가 | H3: 금 액 | I3: 단 가 | J3: 금 액 | K3: 단 가 | L3: 금 액 | M3: 단 가 | N3: 금 액
A4: 사택 103-303 단열작업(거실+안방+작은방1,2, 열반사+이보드) | N4: =F4+H4+J4+L4 -> 0
A5: 1.철거 및 폐기물 처리 | B5: 보통인부 | C5: 인 | D5: 1 | F5: =D5*E5 -> 0 | G5: 167081 | H5: =D5*G5 -> 167081 | N5: =F5+H5+J5+L5 -> 167081
A6: 2.거실 걸레받이 | B6: 2.4*7EA=16.8 | F6: =D6*E6 -> 0 | N6: =F6+H6+J6+L6 -> 0
A7: 조이너 및 몰딩 | B7: 몰딩 | C7: m | D7: 17 | E7: 2931 | F7: =D7*E7 -> 49827 | H7: =D7*G7 -> 0 | N7: =F7+H7+J7+L7 -> 49827
A8: 3.작은방1 걸레받이 | B8: 2.4M*5EA=12 | F8: =D8*E8 -> 0 | N8: =F8+H8+J8+L8 -> 0
A9: 조이너 및 몰딩 | B9: 몰딩 | C9: m | D9: 12 | E9: 2931 | F9: =D9*E9 -> 35172 | H9: =D9*G9 -> 0 | N9: =F9+H9+J9+L9 -> 35172
A10: 4.작은방2 걸레받이 | B10: 2.4M*5EA=12 | F10: =D10*E10 -> 0 | N10: =F10+H10+J10+L10 -> 0
A11: 조이너 및 몰딩 | B11: 몰딩 | C11: m | D11: 12 | E11: 2931 | F11: =D11*E11 -> 35172 | H11: =D11*G11 -> 0 | N11: =F11+H11+J11+L11 -> 35172
A12: 5.걸레받이 설치 | B12: 특별인부 | C12: 인 | D12: 1 | G12: 245524 | H12: =D12*G12 -> 245524 | N12: =F12+H12+J12+L12 -> 245524
A13: 합 계 | F13: =SUM(F5:F12) -> 120171 | H13: =SUM(H5:H12) -> 412605 | J13: =SUM(J5:J11) -> 0 | L13: =SUM(L5:L11) -> 0 | N13: =SUM(N5:N12) -> 532776

Sheet Upload
A1: 구분 | B1: 표준단가 | C1: 표준품셈 | D1: 물가정보 | E1: 노임단가 | F1: 수량
A2: ='내역서(표준단가)'!A5 -> L002 | B2: ='내역서(표준단가)'!F5 -> 0 | C2: ='내역서(표준단가)'!G5 -> 0 | D2: ='내역서(표준단가)'!H5 -> 0 | E2: ='내역서(표준단가)'!I5 -> L002 | F2: ='내역서(표준단가)'!M5 -> 1
A3: ='내역서(표준단가)'!A6 -> M020531910380101 | B3: ='내역서(표준단가)'!F6 -> 0 | C3: ='내역서(표준단가)'!G6 -> 0 | D3: ='내역서(표준단가)'!H6 -> M020531910380101 | E3: ='내역서(표준단가)'!I6 -> 0 | F3: ='내역서(표준단가)'!M6 -> 41
A4: ='내역서(표준단가)'!A7 -> L030 | B4: ='내역서(표준단가)'!F7 -> 0 | C4: ='내역서(표준단가)'!G7 -> 0 | D4: ='내역서(표준단가)'!H7 -> 0 | E4: ='내역서(표준단가)'!I7 -> L030 | F4: ='내역서(표준단가)'!M7 -> 1

Sheet 2동 도면
