Workbook

Sheet PR당사안
A3: 見 積 書
A4: 수 신: LG에너지솔루션
B5: 대전 업무지원팀 / 김규환님 귀하
A7: 견 적 일 자 | D7: 2025 | E7: 년 | F7: 7 | G7: 월 | H7: 9 | I7: 일 | K7: 공 급 자 | L7: 등록번호 | M7: 707-86-02-404 | N7: 전 화 | O7: 02-6924-5539
A8: 견 적 담 당 | D8: 이종근 | H8: 파트너 | L8: 상 호 | M8: ㈜에스앤아이코퍼레이션 | N8: 대 표 | O8: 형원준
A9: 견적유효기간 | D9: 견적 제출 후 30일 까지 | L9: 주 소 | M9: 서울특별시 강서구 마곡중앙로150
A10: 납 기 | D10: 발주 후 개별 협의 | L10: 업 태 | M10: 부동산, 서비스 | N10: 종 목 | O10: 임대 및 관리
B13: 사택 7-503 수장공사 | N13: 견적을 제출 합니다
B15: ="견 적 금 액 : 一金"&NUMBERSTRING(M32,1) & "원정""(\"& TEXT(M32,"#,###")&"원) [VAT 별도]" -> 견 적 금 액 : 一金삼백오십구만사천팔백원정"(\3,594,800원) [VAT 별도]
A17: NO | B17: 구 분 | H17: 수량 | I17: 단위 | J17: 금 액 | N17: 비 고
A18: 1 | B18: 재료비 | H18: 1 | I18: 식 | J18: =IFERROR(LOOKUP(2, 1/(TRIM('내역서(표준단가)'!O4:O100)<>""), '내역서(표준단가)'!O4:O100), "-") -> 588767.77
A19: 2 | B19: 노무비 | H19: 1 | I19: 식 | J19: =IFERROR(LOOKUP(2, 1/(TRIM('내역서(표준단가)'!Q4:Q100)<>""), '내역서(표준단가)'!Q4:Q100), "-") -> 2242800.9
A20: 3 | B20: 경 비 | H20: 1 | I20: 식 | J20: =IFERROR(SUM(J21:M29),"-") -> 381287.31
C21: 기계 및 기타경비 | H21: 1 | I21: 식 | J21: =IFERROR(LOOKUP(2, 1/(TRIM('내역서(표준단가)'!S4:S100)<>""), '내역서(표준단가)'!S4:S100) + LOOKUP(2, 1/(TRIM('내역서(표준단가)'!U4:U100)<>""), '내역서(표준단가)'!U4:U100), "-") -> 0 | N21: 중장비 사용 등
C22: 안전관리비 | H22: 3.11 | I22: % | J22: =IFERROR((J18+J19)*H22%,"-") -> 88061.784 | N22: (재료비+노무비)*3.11%
C23: 산재 보험료 | H23: 3.56 | I23: % | J23: =IFERROR(J19*H23%,"-") -> 79843.711 | N23: 노무비*3.56%
C24: 고용보험료 | H24: 1.01 | I24: % | J24: =IFERROR(J19*H24%,"-") -> 22652.289 | N24: 노무비*1.01%
C25: 국민건강 보험료 | H25: 3.545 | I25: % | J25: =IFERROR(J19*H25%,"-") -> 79507.29 | N25: 노무비*3.545%
C26: 국민연금 보험료 | H26: 4.5 | I26: % | J26: =IFERROR(J19*H26%,"-") -> 100926.04 | N26: 노무비*4.5%
C27: 노인장기요양 보험료 | H27: 12.95 | I27: % | J27: =IFERROR($H$27*J25%,"-") -> 10296.194 | N27: 건강보험료*12.95%
C28: 하도급대금지급보증증권 | H28: 0.081 | I28: % | J28: =IFERROR(IF(SUM(J21:J27,J18:J19)>=10000000,SUM(J21:J27,J18:J19)*H28%,"-"),"-") -> - | N28: 1천만원 이상 공사시 적용
C29: 폐기물처리 부담금 | H29: 1 | I29: 식 | J29: =34*0 -> 0 | N29: 폐기물발생 시 적용 (kg당 34원)
A30: 4 | C30: 일반관리비 | H30: 5 | I30: % | J30: =IFERROR(IF(ISNUMBER(H30), SUM(J18:M20) * (H30 / 100), "-"), "-") -> 160642.8 | N30: (재료비 + 노무비 + 경비)*5%
A31: 5 | C31: 이 윤 | H31: 7.5 | I31: % | J31: =IFERROR(SUM(J18:M20, J30) * (H31 / 100), "-")+-31711 -> 221301.4 | N31: (재료비+노무비+경비+일반관리비)*7.5%
A32: 공사금액 | M32: =IFERROR(ROUNDDOWN(SUM(J18:M20)+J30+J31,0),"-") -> 3594800
A33: *유첨 : 견적서 내역서 1부 ─ 끝 ─

Sheet 내역서(표준단가)
O1: ▼낙찰율 | Q1: ▼낙찰율 | S1: ▼낙찰율 | U1: ▼낙찰율
O2: 0.835 | Q2: 0.835 | S2: 0.835 | U2: 0.835
F3: ▶ 표준 Code(표준단가/품셈/물정/노임) 순서별 입력(Upload 자동반영) | J3: 주요내역 | L3: 단위 | M3: 수량 | N3: 재료비 | P3: 노무비 | R3: 기계경비 | T3: 기타경비(부자재비) | V3: 합계 | W3: 노무비 할증 | X3: 할증기준
A4: 합계 | F4: 표준단가 D | G4: 표준품셈 E | H4: 물가정보 M | I4: 노임단가 L | J4: 품목 | K4: 규격 | N4: 품셈/표단 | O4: 금액 | P4: 단가 | Q4: 금액 | R4: 단가 | S4: 금액 | T4: 단가 | U4: 금액
A5: =F5&G5&H5&I5 -> M020853710050101 | H5: M020853710050101 | J5: 아이리스 | K5: 합지벽지 1R/L=93㎝(고정)×17.75m=16.51㎡, 소요량140/16.51=8.479R/L | L5: R/L | M5: 8.479 | N5: 20900 | O5: =SUM(N5:N5)*M5*$O$2 -> 147971.27 | Q5: =(P5*M5)*$Q$2 -> 0 | S5: =R5*M5*$S$2 -> 0 | U5: =T5*M5*$U$2 -> 0 | V5: =SUM(O5+Q5)+S5+U5 -> 147971.27
A6: =F6&G6&H6&I6 -> E00000803071260301 | G6: E00000803071260301 | J6: 도배 교체(벽) | K6: 일당 시공량-벽 46㎡, 적산정보 500p 참조,시공총량91/일당46=1.978 | L6: (일당) | M6: 1.978 | O6: =SUM(N6:N6)*M6*$O$2 -> 0 | P6: 487076 | Q6: =(P6*M6)*$Q$2 -> 804469.33 | S6: =R6*M6*$S$2 -> 0 | U6: =T6*M6*$U$2 -> 0 | V6: =SUM(O6+Q6)+S6+U6 -> 804469.33
A7: =F7&G7&H7&I7 -> E00000803071260301 | G7: E00000803071260301 | J7: 도배 교체(천장) | K7: 일당 시공량-천장 35㎡ 적산정보 500p 참조, 시공총량49/일당35=1.400 | L7: (일당) | M7: 1.4 | O7: =SUM(N7:N7)*M7*$O$2 -> 0 | P7: 487076 | Q7: =(P7*M7)*$Q$2 -> 569391.84 | S7: =R7*M7*$S$2 -> 0 | U7: =T7*M7*$U$2 -> 0 | V7: =SUM(O7+Q7)+S7+U7 -> 569391.84
A8: =F8&G8&H8&I8 -> M020809012520101 | H8: M020809012520101 | J8: 비닐시트바닥재 | K8: 데코리아 다솜(륨) 1.8T×1,830㎜ | L8: ㎡ | M8: 39.6 | N8: 13000 | O8: =SUM(N8:N8)*M8*$O$2 -> 429858 | Q8: =(P8*M8)*$Q$2 -> 0 | S8: =R8*M8*$S$2 -> 0 | U8: =T8*M8*$U$2 -> 0 | V8: =SUM(O8+Q8)+S8+U8 -> 429858
A9: =F9&G9&H9&I9 -> E00000803071260401 | G9: E00000803071260401 | J9: PVC계바닥재 교체 | K9: 일당 시공량-61㎡ 적산정보 500p 참조,시공총량39.6/일당61=0.887 | L9: (일당) | M9: 0.649 | O9: =SUM(N9:N9)*M9*$O$2 -> 0 | P9: 487076 | Q9: =(P9*M9)*$Q$2 -> 263953.79 | S9: =R9*M9*$S$2 -> 0 | U9: =T9*M9*$U$2 -> 0 | V9: =SUM(O9+Q9)+S9+U9 -> 263953.79
A10: =F10&G10&H10&I10 -> M020412614110102 | H10: M020412614110102 | J10: 합성수지에멀션페인트 | K10: KSM-6010 내부용, 2급, 백색 | L10: 18ℓ | M10: 0.2 | N10: 65500 | O10: =SUM(N10:N10)*M10*$O$2 -> 10938.5 | V10: =SUM(O10+Q10)+S10+U10 -> 10938.5
A11: =F11&G11&H11&I11 -> E00000803061120402 | G11: E00000803061120402 | J11: 석고보드면 바탕만들기 | K11: 줄퍼티 | L11: (㎡ 당) | M11: 20 | O11: =SUM(N11:N11)*M11*$O$2 -> 0 | P11: 10432 | Q11: =(P11*M11)*$Q$2 -> 174214.4 | S11: =R11*M11*$S$2 -> 0 | U11: =T11*M11*$U$2 -> 0 | V11: =SUM(O11+Q11)+S11+U11 -> 174214.4
A12: =F12&G12&H12&I12 -> E00000803061300201 | G12: E00000803061300201 | J12: 수성페인트 붓칠 | K12: 1회칠 | L12: (㎡ 당) | M12: 20 | O12: =SUM(N12:N12)*M12*$O$2 -> 0 | P12: 6179 | Q12: =(P12*M12)*$Q$2 -> 103189.3 | S12: =R12*M12*$S$2 -> 0 | U12: =T12*M12*$U$2 -> 0 | V12: =SUM(O12+Q12)+S12+U12 -> 103189.3
A13: =F13&G13&H13&I13 -> E00000801011510701 | G13: E00000801011510701 | J13: 준공청소 | K13: 전체면적 | L13: (연면적 ㎡당) | M13: 79 | O13: =SUM(N13:N13)*M13*$O$2 -> 0 | P13: 4966 | Q13: =(P13*M13)*$Q$2 -> 327582.19 | S13: =R13*M13*$S$2 -> 0 | U13: =T13*M13*$U$2 -> 0 | V13: =SUM(O13+Q13)+S13+U13 -> 327582.19
O14: =SUM(O5:O13) -> 588767.77 | Q14: =SUM(Q5:Q13) -> 2242800.9 | S14: =SUM(S5:S13) -> 0 | U14: =SUM(U5:U13) -> 0 | V14: =SUM(V5:V13) -> 2831568.6

Sheet 상세내역
A1: 내 역 서
A2: 품 명 | B2: 규 격 | C2: 단위 | D2: 수 량 | E2: 재 료 비 | G2: 노 무 비 | I2: 기계경비 | K2: 기타경비(부자재비) | M2: 합 계 | O2: 비 고
E3: 단 가 | F3: 금 액 | G3: 단 가 | H3: 금 액 | K3: 단 가 | L3: 금 액 | M3: 단 가 | N3: 금 액
A4: 사택 7-503 수장공사 외 1건
A5: 1.도배 | B5: 거실 벽면 | C5: ㎡ | D5: =55-7.7 -> 47.3 | E5: 1057 | F5: =D5*E5 -> 49996.1 | G5: 8839.9 | H5: =D5*G5 -> 418127.27 | N5: =F5+H5+J5+L5 -> 468123.37
B6: 거실 천정 | C6: ㎡ | D6: =37-8.3 -> 28.7 | E6: 1057 | F6: =D6*E6 -> 30335.9 | G6: 11617.4 | H6: =D6*G6 -> 333419.38 | N6: =F6+H6+J6+L6 -> 363755.28
B7: 방A 벽면 | C7: ㎡ | D7: =30-5.9 -> 24.1 | E7: 1057 | F7: =D7*E7 -> 25473.7 | G7: 8839.9 | H7: =D7*G7 -> 213041.59 | N7: =F7+H7+J7+L7 -> 238515.29
B8: 방A 천정 | C8: ㎡ | D8: =12-0.2 -> 11.8 | E8: 1057 | F8: =D8*E8 -> 12472.6 | G8: 11617.4 | H8: =D8*G8 -> 137085.32 | N8: =F8+H8+J8+L8 -> 149557.92
B9: 방B 벽면 | C9: ㎡ | D9: =20-0.4 -> 19.6 | E9: 1057 | F9: =D9*E9 -> 20717.2 | G9: 8839.9 | H9: =D9*G9 -> 173262.04 | N9: =F9+H9+J9+L9 -> 193979.24
B10: 방B 천정 | C10: ㎡ | D10: =12-3.9 -> 8.1 | E10: 1057 | F10: =D10*E10 -> 8561.7 | G10: 11617.4 | H10: =D10*G10 -> 94100.94 | N10: =F10+H10+J10+L10 -> 102662.64
A11: 소 계 | D11: =SUM(D5:D10) -> 139.6 | F11: =SUM(F5:F10) -> 147557.2 | H11: =SUM(H5:H10) -> 1369036.5 | J11: =SUM(J5:J10) -> 0 | L11: =SUM(L5:L10) -> 0 | N11: =SUM(N5:N10) -> 1516593.7
A12: 2.바닥재 | B12: 거실 바닥 | C12: ㎡ | D12: 20.7 | E12: 10855 | F12: =D12*E12 -> 224698.5 | G12: 6668.1 | H12: =D12*G12 -> 138029.67 | N12: =F12+H12+J12+L12 -> 362728.17
B13: 방A 바닥 | C13: ㎡ | D13: 11.2 | E13: 10855 | F13: =D13*E13 -> 121576 | G13: 6668.1 | H13: =D13*G13 -> 74682.72 | N13: =F13+H13+J13+L13 -> 196258.72
B14: 방B 바닥 | C14: ㎡ | D14: 7.8 | E14: 10855 | F14: =D14*E14 -> 84669 | G14: 6668.1 | H14: =D14*G14 -> 52011.18 | N14: =F14+H14+J14+L14 -> 136680.18
A15: 소 계 | D15: =SUM(D12:D14) -> 39.7 | F15: =SUM(F12:F14) -> 430943.5 | H15: =SUM(H12:H14) -> 264723.57 | J15: =SUM(J12:J14) -> 0 | L15: =SUM(L12:L14) -> 0 | N15: =SUM(N12:N14) -> 695667.07
A16: 3.도장
A17: 수성페인트 | B17: KSM-6010 내부용, 2급, 백색 | C17: 18ℓ | D17: 0.2 | E17: 54693 | F17: =D17*E17 -> 10938.6 | N17: =F17+H17+J17+L17 -> 10938.6
A18: 베란다 수성페인트(전면) | B18: 석고보드면 바탕만들기(줄퍼티) | C18: ㎡ | D18: =20 -> 20
B19: 붓칠,내벽 | C19: ㎡ | D19: =20 -> 20 | F19: =D19*E19 -> 0 | G19: 5159 | H19: =D19*G19 -> 103180 | N19: =F19+H19+J19+L19 -> 103180 | O19: 도색(앞,뒤베란다 걸레받이(앞,뒤베란다 창고바닥포함))
A20: 베란다 수성페인트(후면) | B20: 석고보드면 바탕만들기(줄퍼티) | C20: ㎡ | D20: 20 | F20: =D20*E20 -> 0 | G20: 8711 | H20: =D20*G20 -> 174220 | N20: =F20+H20+J20+L20 -> 174220
B21: 붓칠,내벽 | C21: ㎡ | D21: 20
A22: 조합페인트 | B22: 백색 무광 | C22: 18ℓ | D22: 0.13
A23: 내부(문,틀,몰딩,기타) | B23: 철재면 청소(휘발유사용) | C23: ㎡ | D23: 10
B24: 유성페인트 롤러칠(석고보드면) | C24: ㎡ | D24: 10
A25: 방화도어 내부 | B25: 철재면 청소(휘발유사용) | C25: ㎡ | D25: 2
B26: 유성페인트 롤러칠(철재면) | C26: ㎡ | D26: 2
A27: 소 계 | F27: =SUM(F16:F26) -> 10938.6 | H27: =SUM(H16:H26) -> 277400 | J27: =SUM(J16:J26) -> 0 | L27: =SUM(L16:L26) -> 0 | N27: =SUM(N16:N26) -> 288338.6
A28: 4.청소 | B28: 준공청소(특별인부) | C28: ㎡ | D28: 79 | G28: 4147 | H28: =D28*G28 -> 327613 | N28: =F28+H28+J28+L28 -> 327613
A29: 소 계 | H29: =SUM(H28:H28) -> 327613 | J29: =SUM(J28:J28) -> 0 | L29: =SUM(L28:L28) -> 0 | N29: =SUM(N28:N28) -> 327613
A30: 합 계 | F30: =F11+F15+F27+F29 -> 589439.3 | H30: =H11+H15+H27+H29 -> 2238773.1 | J30: =J11+J15+J27+J29 -> 0 | L30: =L11+L15+L27+L29 -> 0 | N30: =N11+N15+N27+N29+#REF! -> #REF!

Sheet 시중가 근거서류

Sheet Upload(시중가)
A1: 표준내역코드 | B1: 세부공종 | C1: 품명 | D1: 규격 | E1: 단위 | F1: 수량 | G1: 재료비단가 | H1: 재료비소계 | I1: 노무비단가 | J1: 노무비소계 | K1: 기계경비단가 | L1: 기계경비소계 | M1: 기타경비단가 | N1: 기타경비소계 | O1: 할증코드 | P1: 재료비할증율 | Q1: 노무비할증율 | R1: 할증내용
A2: 999999 | B2: 영선,건축 | C2: 씽크대 하부장 보수 | D2: 하부장 씽크볼측 문짝(1개) 교체 | E2: set | F2: 1 | G2: 50000

Sheet Upload
A1: 구분 | B1: 표준단가 | C1: 표준품셈 | D1: 물가정보 | E1: 노임단가 | F1: 수량
A2: ='내역서(표준단가)'!A5 -> M020853710050101 | B2: ='내역서(표준단가)'!F5 -> 0 | C2: ='내역서(표준단가)'!G5 -> 0 | D2: ='내역서(표준단가)'!H5 -> M020853710050101 | E2: ='내역서(표준단가)'!I5 -> 0 | F2: ='내역서(표준단가)'!M5 -> 8.479
A3: ='내역서(표준단가)'!A6 -> E00000803071260301 | B3: ='내역서(표준단가)'!F6 -> 0 | C3: ='내역서(표준단가)'!G6 -> E00000803071260301 | D3: ='내역서(표준단가)'!H6 -> 0 | E3: ='내역서(표준단가)'!I6 -> 0 | F3: ='내역서(표준단가)'!M6 -> 1.978
A4: ='내역서(표준단가)'!A7 -> E00000803071260301 | B4: ='내역서(표준단가)'!F7 -> 0 | C4: ='내역서(표준단가)'!G7 -> E00000803071260301 | D4: ='내역서(표준단가)'!H7 -> 0 | E4: ='내역서(표준단가)'!I7 -> 0 | F4: ='내역서(표준단가)'!M7 -> 1.4
A5: ='내역서(표준단가)'!A8 -> M020809012520101 | B5: ='내역서(표준단가)'!F8 -> 0 | C5: ='내역서(표준단가)'!G8 -> 0 | D5: ='내역서(표준단가)'!H8 -> M020809012520101 | E5: ='내역서(표준단가)'!I8 -> 0 | F5: ='내역서(표준단가)'!M8 -> 39.6
A6: ='내역서(표준단가)'!A9 -> E00000803071260401 | B6: ='내역서(표준단가)'!F9 -> 0 | C6: ='내역서(표준단가)'!G9 -> E00000803071260401 | D6: ='내역서(표준단가)'!H9 -> 0 | E6: ='내역서(표준단가)'!I9 -> 0 | F6: ='내역서(표준단가)'!M9 -> 0.649
A7: ='내역서(표준단가)'!A10 -> M020412614110102 | B7: ='내역서(표준단가)'!F10 -> 0 | C7: ='내역서(표준단가)'!G10 -> 0 | D7: ='내역서(표준단가)'!H10 -> M020412614110102 | E7: ='내역서(표준단가)'!I10 -> 0 | F7: ='내역서(표준단가)'!M10 -> 0.2
A8: ='내역서(표준단가)'!A11 -> E00000803061120402 | B8: ='내역서(표준단가)'!F11 -> 0 | C8: ='내역서(표준단가)'!G11 -> E00000803061120402 | D8: ='내역서(표준단가)'!H11 -> 0 | E8: ='내역서(표준단가)'!I11 -> 0 | F8: ='내역서(표준단가)'!M11 -> 20
A9: ='내역서(표준단가)'!A12 -> E00000803061300201 | B9: ='내역서(표준단가)'!F12 -> 0 | C9: ='내역서(표준단가)'!G12 -> E00000803061300201 | D9: ='내역서(표준단가)'!H12 -> 0 | E9: ='내역서(표준단가)'!I12 -> 0 | F9: ='내역서(표준단가)'!M12 -> 20
A10: ='내역서(표준단가)'!A13 -> E00000801011510701 | B10: ='내역서(표준단가)'!F13 -> 0 | C10: ='내역서(표준단가)'!G13 -> E00000801011510701 | D10: ='내역서(표준단가)'!H13 -> 0 | E10: ='내역서(표준단가)'!I13 -> 0 | F10: ='내역서(표준단가)'!M13 -> 79

Sheet 1,2,7동 도면
