Workbook

Sheet 갑지
A2: 견 적 서
A5: 수신인 : 주식회사 에스엔아이 엣스퍼트 | F5: 등록번호
F6: 상 호
A7: 공사명 : 기숙사 및 사택 긴급 작업(기계)-1차 | F7: 대표 이사
F8: 사업장
A9: 견적일 : | F9: 업 태
F10: 종 목
F11: TEL, FAX
A12: 금액: | B12: =NUMBERSTRING(F31,1) -> 사백오십일만삼천 | D12: 원정
A14: NO | B14: 품명 | C14: 규격 | D14: 수량 | E14: 단위 | F14: 금액 | G14: 비고
B15: 직접비
B16: 재료비 | F16: ='내역서(표준단가)'!O10 -> 600000
B17: 노무비 | F17: ='내역서(표준단가)'!Q10 -> 2944296
B18: 기계/기타경비 | F18: ='내역서(표준단가)'!S10 -> 302000
B19: 소계 | F19: =F16+F17+F18 -> 3846296
B20: 간접비
B21: 국민연금 | C21: 노무비*4.5% | D21: 1 | E21: 식 | F21: =F17*4.5% -> 132493.32 | G21: 모든공사에 적용
B22: 건강보험료 | C22: 노무비*3.545% | D22: 1 | E22: 식 | F22: =F17*3.545% -> 104375.29 | G22: 모든공사에 적용
B23: 장기요양보험료 | C23: 건강보험료*12.95% | D23: 1 | E23: 식 | F23: =F22*12.95% -> 13516.6 | G23: 모든공사에 적용
B24: 고용보험료 | C24: 노무비*1.01% | D24: 1 | E24: 식 | F24: =F17*1.01% -> 29737.39 | G24: 모든공사에 적용
B25: 산재보험료 | C25: 노무비*3.56% | D25: 1 | E25: 식 | F25: =F17*3.56% -> 104816.94 | G25: 모든공사에 적용
B26: 산업안전보건관리비 | C26: (재료비+노무비)*3.11% | D26: 1 | E26: 식 | F26: =(F16+F17)*3.11% -> 110227.61 | G26: 모든공사에 적용
B27: 일반관리비/이윤 | C27: (노무비+간접공사비)*5% | D27: 1 | E27: 식 | F27: =SUM(F17+F21+F22+F23+F24+F25+F26)*5% -> 171973.16
B28: 소계 | F28: =F21+F22+F23+F24+F25+F26+F27 -> 667140.3
F30: =F19+F28+F29 -> 4513436.3
B31: 합계(단수조정) | F31: =ROUNDDOWN(F30,-3) -> 4513000
B32: VAT별도

Sheet 내역서(표준단가)
A1: =E1&F1&G1&H1 | O1: ▼낙찰율 | Q1: ▼낙찰율 | S1: ▼낙찰율 | U1: ▼낙찰율
E3: ▶ 표준 Code(표준단가/품셈/물정/노임) 순서별 입력(Upload 자동반영) | I3: 주요내역 | K3: 단위 | L3: 수량 | M3: 재료비 | P3: 노무비 | R3: 기계경비 | T3: 기타경비(부자재비) | V3: 합계 | W3: 노무비 할증 | X3: 할증기준
E4: 표준단가 | F4: 표준품셈 | G4: 물가정보 | H4: 노임단가 | I4: 품목 | J4: 규격 | M4: 품셈/표단 | N4: 물가정보 | O4: 금액 | P4: 단가 | Q4: 금액 | R4: 단가 | S4: 금액 | T4: 단가 | U4: 금액
A5: =E5&F5&G5&H5 -> L039 | H5: L039 | I5: 긴급 보수 대응 | J5: 배관공 | K5: M/D | L5: 7 | O5: =ROUND(SUM(M5:N5)*L5*$O$2,0) -> 0 | P5: 229664 | Q5: =ROUND((P5*L5),0) -> 1607648 | S5: =ROUND(R5*L5*$S$2,0) -> 0 | U5: =ROUND(T5*L5*$U$2,0) -> 0 | V5: =SUM(O5+Q5)+S5+U5 -> 1607648
A6: =E6&F6&G6&H6 -> L002 | H6: L002 | I6: 긴급 보수 대응 | J6: 보통인부 | K6: M/D | L6: 5 | O6: =ROUND(SUM(M6:N6)*L6*$O$2,0) -> 0 | P6: 167081 | Q6: =ROUND((P6*L6),0) -> 835405 | S6: =ROUND(R6*L6*$S$2,0) -> 0 | U6: =ROUND(T6*L6*$U$2,0) -> 0 | V6: =SUM(O6+Q6)+S6+U6 -> 835405
A7: =E7&F7&G7&H7 -> L002 | H7: L002 | I7: 긴급 보수 대응 | J7: 보통인부(화기감시자) | K7: M/D | L7: 3 | P7: 167081 | Q7: =ROUND((P7*L7),0) -> 501243 | U7: =ROUND(T7*L7*$U$2,0) -> 0 | V7: =SUM(O7+Q7)+S7+U7 -> 501243
A8: 999999 | I8: 기타 자재 | J8: STS온수분배기 외 | K8: M/D | L8: 1 | N8: 600000 | O8: =N8*L8 -> 600000 | Q8: =ROUND((P8*L8)*$Q$2,0) -> 0 | S8: =ROUND(R8*L8*$S$2,0) -> 0 | U8: =ROUND(T8*L8,0) -> 0 | V8: =SUM(O8+Q8)+S8+U8 -> 600000
A9: =999999 -> 999999 | I9: 기타 경비 | J9: 오수,온수순환펌프 보수 | K9: L/S | L9: 1 | O9: =ROUND(SUM(M9:N9)*L9*$O$2,0) -> 0 | Q9: =ROUND((P9*L9)*$Q$2,0) -> 0 | R9: 302000 | S9: =R9*L9 -> 302000 | U9: =ROUND(T9*L9*$U$2,0) -> 0 | V9: =SUM(O9+Q9)+S9+U9 -> 302000
A10: =E10&F10&G10&H10 | O10: =SUM(O5:O9) -> 600000 | Q10: =SUM(Q5:Q9) -> 2944296 | S10: =SUM(S5:S9) -> 302000 | U10: =SUM(U5:U9) -> 0 | V10: =SUM(O10+Q10)+S10+U10 -> 3846296
A11: =E11&F11&G11&H11
A12: =E12&F12&G12&H12
A13: =E13&F13&G13&H13
A14: =E14&F14&G14&H14
A15: =E15&F15&G15&H15
A16: =E16&F16&G16&H16
A17: =E17&F17&G17&H17
A18: =E18&F18&G18&H18
A19: =E19&F19&G19&H19
A20: =E20&F20&G20&H20
A21: =E21&F21&G21&H21
A22: =E22&F22&G22&H22
... A91: =E91&F91&G91&H91

Sheet Upload
A1: 구분 | B1: 표준단가 | C1: 표준품셈 | D1: 물가정보 | E1: 노임단가 | F1: 수량
A2: ='내역서(표준단가)'!A5 -> L039 | B2: ='내역서(표준단가)'!E5 -> 0 | C2: ='내역서(표준단가)'!F5 -> 0 | D2: ='내역서(표준단가)'!G5 -> 0 | E2: ='내역서(표준단가)'!H5 -> L039 | F2: ='내역서(표준단가)'!L5 -> 7
A3: ='내역서(표준단가)'!A6 -> L002 | B3: ='내역서(표준단가)'!E6 -> 0 | C3: ='내역서(표준단가)'!F6 -> 0 | D3: ='내역서(표준단가)'!G6 -> 0 | E3: ='내역서(표준단가)'!H6 -> L002 | F3: ='내역서(표준단가)'!L6 -> 5
A4: ='내역서(표준단가)'!A7 -> L002 | B4: ='내역서(표준단가)'!E7 -> 0 | C4: ='내역서(표준단가)'!F7 -> 0 | D4: ='내역서(표준단가)'!G7 -> 0 | E4: ='내역서(표준단가)'!H7 -> L002 | F4: ='내역서(표준단가)'!L7 -> 3
A5: ='내역서(표준단가)'!A8 -> 999999 | B5: ='내역서(표준단가)'!E8 -> 0 | C5: ='내역서(표준단가)'!F8 -> 0 | D5: ='내역서(표준단가)'!G8 -> 0 | E5: ='내역서(표준단가)'!H8 -> 0 | F5: ='내역서(표준단가)'!L8 -> 1
A6: ='내역서(표준단가)'!A9 -> 999999 | B6: ='내역서(표준단가)'!E9 -> 0 | C6: ='내역서(표준단가)'!F9 -> 0 | D6: ='내역서(표준단가)'!G9 -> 0 | E6: ='내역서(표준단가)'!H9 -> 0 | F6: ='내역서(표준단가)'!L9 -> 1
A7: ='내역서(표준단가)'!A10 | B7: ='내역서(표준단가)'!E10 -> 0 | C7: ='내역서(표준단가)'!F10 -> 0 | D7: ='내역서(표준단가)'!G10 -> 0 | E7: ='내역서(표준단가)'!H10 -> 0 | F7: ='내역서(표준단가)'!L10 -> 0
