Workbook

Sheet 갑지
A2: 견 적 서
A5: 수신인 : 주식회사 에스엔아이 코퍼레이션 | F5: 등록번호 | G5: 314-86-35718
F6: 상 호 | G6: ㈜일성건축
A7: 공사명 : 사택 8-301 단열작업 | F7: 대표 이사 | G7: 상 석 희
F8: 사업장 | G8: 대전 서구 도마6길 107 (도마동)
A9: 견적일 : 2026년 01월 26일 | F9: 업 태 | G9: 건설업
F10: 종 목 | G10: 실내건축,인테리어공사
F11: TEL, FAX | G11: 042)527-0995, 042)527-0996
A12: 금액: | B12: =NUMBERSTRING(F31,1) -> 일백사십오만구천 | D12: 원정
A14: NO | B14: 품명 | C14: 규격 | D14: 수량 | E14: 단위 | F14: 금액 | G14: 비고
B15: 직접비
B16: 재료비 | F16: ='내역서(표준단가)'!K13 -> 353586.63
B17: 노무비 | F17: ='내역서(표준단가)'!M13 -> 896905.16
B18: 기계/기타경비 | F18: ='내역서(표준단가)'!O13+'내역서(표준단가)'!Q13 -> 0
B19: 소계 | F19: =F16+F17+F18 -> 1250491.8
B20: 간접비
B21: 국민연금 | C21: 노무비*4.5% | D21: 1 | E21: 식 | F21: =F17*4.5% -> 40360.732 | G21: 모든공사에 적용
B22: 건강보험료 | C22: 노무비*3.545% | D22: 1 | E22: 식 | F22: =F17*3.545% -> 31795.288 | G22: 모든공사에 적용
B23: 장기요양보험료 | C23: 건강보험료*12.95% | D23: 1 | E23: 식 | F23: =F22*12.95% -> 4117.4898 | G23: 모든공사에 적용
B24: 고용보험료 | C24: 노무비*1.01% | D24: 1 | E24: 식 | F24: =F17*1.01% -> 9058.7421 | G24: 모든공사에 적용
B25: 산재보험료 | C25: 노무비*3.56% | D25: 1 | E25: 식 | F25: =F17*3.56% -> 31929.824 | G25: 모든공사에 적용
B26: 산업안전보건관리비 | C26: (재료비+노무비)*3.11% | D26: 1 | E26: 식 | F26: =(F16+F17)*3.11% -> 38890.295 | G26: 모든공사에 적용
B27: 일반관리비/이윤 | C27: (노무비+간접공사비)*5% | D27: 1 | E27: 식 | F27: =SUM(F17+F21+F22+F23+F24+F25+F26)*5% -> 52652.876
B28: 소계 | F28: =F21+F22+F23+F24+F25+F26+F27 -> 208805.25
F30: =F19+F28+F29 -> 1459297
B31: 합계(단수조정) | F31: =ROUNDDOWN(F30,-3) -> 1459000
B32: VAT별도

Sheet 내역서(표준단가)
K1: ▼낙찰율 | M1: ▼낙찰율 | O1: ▼낙찰율 | Q1: ▼낙찰율
K2: 0.835 | M2: 0.835 | O2: 0.835 | Q2: 0.835
B3: ▶ 표준 Code(표준단가/품셈/물정/노임) 순서별 입력(Upload 자동반영) | F3: 주요내역 | H3: 단위 | I3: 수량 | J3: 재료비 | L3: 노무비 | N3: 기계경비 | P3: 기타경비(부자재비) | R3: 합계 | S3: 노무비 할증 | T3: 할증기준
A4: 합계 | B4: 표준단가 D | C4: 표준품셈 E | D4: 물가정보 M | E4: 노임단가 L | F4: 품목 | G4: 규격 | J4: 품셈/표단 | K4: 금액 | L4: 단가 | M4: 금액 | N4: 단가 | O4: 금액 | P4: 단가 | Q4: 금액
A5: =B5&C5&D5&E5 -> M020750510120102 | D5: M020750510120102 | F5: 에너폴(태화론 TW-06, 6㎜×1M×50M단면-점착 대체) 열반사 단열재 6t, (외벽3m+창측면1m)*h:2.4=9.6 | G5: 900 X 1800X40, 3호(비중0.020) | H5: 매 | I5: 10 | J5: 6400 | K5: =SUM(J5:J5)*I5*$K$2 -> 53440 | M5: =(L5*I5)*$M$2 -> 0 | O5: =N5*I5*$O$2 -> 0 | Q5: =P5*I5*$Q$2 -> 0 | R5: =SUM(K5+M5)+O5+Q5 -> 53440
A6: =B6&C6&D6&E6 -> M020750510130102 | D6: M020750510130102 | F6: 에너폴(이보드, 1000*1000*13T, 대체) 창측면1m*h:2.4=2.4⇒6t+이보드13t | G6: 900 X 1800X50, 3호(비중0.020) | H6: 매 | I6: 3 | J6: 8000 | K6: =SUM(J6:J6)*I6*$K$2 -> 20040 | M6: =(L6*I6)*$M$2 -> 0 | O6: =N6*I6*$O$2 -> 0 | Q6: =P6*I6*$Q$2 -> 0 | R6: =SUM(K6+M6)+O6+Q6 -> 20040
A7: =B7&C7&D7&E7 -> M020750510130104 | D7: M020750510130104 | F7: 에너폴 3m*2.4=7.2m, 7.2*2ply=14.4 | G7: 이보드, 1000*1000*33T, 대체 | H7: 매 | I7: 14.4 | J7: 12000 | K7: =SUM(J7:J7)*I7*$K$2 -> 144288 | M7: =(L7*I7)*$M$2 -> 0 | O7: =N7*I7*$O$2 -> 0 | Q7: =P7*I7*$Q$2 -> 0 | R7: =SUM(K7+M7)+O7+Q7 -> 144288
A8: =B8&C8&D8&E8 -> E00000803066520103 | C8: E00000803066520103 | F8: 석고판 설치(나사 고정) | G8: 바탕용(2겹) (시공량 : 30㎡),시공총량=26.4/일당30=0.88 | H8: (일당) | I8: 0.88 | K8: =SUM(J8:J8)*I8*$K$2 -> 0 | L8: 652621 | M8: =(L8*I8)*$M$2 -> 479545.91 | O8: =N8*I8*$O$2 -> 0 | Q8: =P8*I8*$Q$2 -> 0 | R8: =SUM(K8+M8)+O8+Q8 -> 479545.91
A9: =B9&C9&D9&E9 -> M020806810430101 | D9: M020806810430101 | F9: 산업폐기물처리비=내부창호폐기물 적용(1세대) | G9: STEEL CONCORE PANEL 기준, (소운반비별도), 적용 | H9: TON | I9: 1 | J9: 150000 | K9: =SUM(J9:J9)*I9*$K$2 -> 125250 | Q9: =P9*I9*$Q$2 -> 0 | R9: =SUM(K9+M9)+O9+Q9 -> 125250
A10: =B10&C10&D10&E10 -> M020853710050101 | D10: M020853710050101 | F10: 아이리스 | G10: 합지벽지 1R/L=93㎝(고정)×17.75m=16.51㎡, 소요량10/16.51=0.6056R/L | H10: R/L | I10: 0.6056 | J10: 20900 | K10: =SUM(J10:J10)*I10*$K$2 -> 10568.628 | M10: =(L10*I10)*$M$2 -> 0 | O10: =N10*I10*$O$2 -> 0 | Q10: =P10*I10*$Q$2 -> 0 | R10: =SUM(K10+M10)+O10+Q10 -> 10568.628
A11: =B11&C11&D11&E11 -> E00000803071260301 | C11: E00000803071260301 | F11: 도배 교체(벽) | G11: 일당 시공량-벽 46㎡, 적산정보 500p 참조,시공총량10/일당46=0.2173 | H11: (일당) | I11: 0.2173 | K11: =SUM(J11:J11)*I11*$K$2 -> 0 | L11: 487076 | M11: =(L11*I11)*$M$2 -> 88377.748 | O11: =N11*I11*$O$2 -> 0 | Q11: =P11*I11*$Q$2 -> 0 | R11: =SUM(K11+M11)+O11+Q11 -> 88377.748
A12: =B12&C12&D12&E12 -> L003 | E12: L003 | F12: 철거 및 작은방 대형 침대 이동 및 재설치-보양 및 폐기물처리 | G12: 특별인부, 시중노임단가 | H12: 인 | I12: 1.5 | K12: =SUM(J12:J12)*I12*$K$2 -> 0 | L12: 219321 | M12: =I12*L12 -> 328981.5 | O12: =N12*I12*$O$2 -> 0 | Q12: =P12*I12*$Q$2 -> 0 | R12: =SUM(K12+M12)+O12+Q12 -> 328981.5
K13: =SUM(K5:K12) -> 353586.63 | M13: =SUM(M5:M12) -> 896905.16 | O13: =SUM(O5:O12) -> 0 | Q13: =SUM(Q5:Q12) -> 0 | R13: =SUM(R5:R12) -> 1250491.8
F14: 작업내용(벽 철거 후 단열작업위 도배 마감)
F15: 1.외벽 3m*h:2.4⇒6t열반사 단열재+(이보드33t*2ply) 2.창측면1m*h:2.4⇒6t+이보드13t
F16: 2.1일차 가구이동+벽체철거 벽체 건조주후
F17: 3.2일차 단열작업 및 도배
F18: 4.작은방 대형 침대 이동 및 재설치-보양 및 폐기물처리

Sheet Upload
A1: 구분 | B1: 표준단가 | C1: 표준품셈 | D1: 물가정보 | E1: 노임단가 | F1: 수량
A2: ='내역서(표준단가)'!A5 -> M020750510120102 | B2: ='내역서(표준단가)'!B5 -> 0 | C2: ='내역서(표준단가)'!C5 -> 0 | D2: ='내역서(표준단가)'!D5 -> M020750510120102 | E2: ='내역서(표준단가)'!E5 -> 0 | F2: ='내역서(표준단가)'!I5 -> 10
A3: ='내역서(표준단가)'!A6 -> M020750510130102 | B3: ='내역서(표준단가)'!B6 -> 0 | C3: ='내역서(표준단가)'!C6 -> 0 | D3: ='내역서(표준단가)'!D6 -> M020750510130102 | E3: ='내역서(표준단가)'!E6 -> 0 | F3: ='내역서(표준단가)'!I6 -> 3
A4: ='내역서(표준단가)'!A7 -> M020750510130104 | B4: ='내역서(표준단가)'!B7 -> 0 | C4: ='내역서(표준단가)'!C7 -> 0 | D4: ='내역서(표준단가)'!D7 -> M020750510130104 | E4: ='내역서(표준단가)'!E7 -> 0 | F4: ='내역서(표준단가)'!I7 -> 14.4
A5: ='내역서(표준단가)'!A8 -> E00000803066520103 | B5: ='내역서(표준단가)'!B8 -> 0 | C5: ='내역서(표준단가)'!C8 -> E00000803066520103 | D5: ='내역서(표준단가)'!D8 -> 0 | E5: ='내역서(표준단가)'!E8 -> 0 | F5: ='내역서(표준단가)'!I8 -> 0.88
A6: ='내역서(표준단가)'!A9 -> M020806810430101 | B6: ='내역서(표준단가)'!B9 -> 0 | C6: ='내역서(표준단가)'!C9 -> 0 | D6: ='내역서(표준단가)'!D9 -> M020806810430101 | E6: ='내역서(표준단가)'!E9 -> 0 | F6: ='내역서(표준단가)'!I9 -> 1
A7: ='내역서(표준단가)'!A10 -> M020853710050101 | B7: ='내역서(표준단가)'!B10 -> 0 | C7: ='내역서(표준단가)'!C10 -> 0 | D7: ='내역서(표준단가)'!D10 -> M020853710050101 | E7: ='내역서(표준단가)'!E10 -> 0 | F7: ='내역서(표준단가)'!I10 -> 0.6056
A8: ='내역서(표준단가)'!A11 -> E00000803071260301 | B8: ='내역서(표준단가)'!B11 -> 0 | C8: ='내역서(표준단가)'!C11 -> E00000803071260301 | D8: ='내역서(표준단가)'!D11 -> 0 | E8: ='내역서(표준단가)'!E11 -> 0 | F8: ='내역서(표준단가)'!I11 -> 0.2173
A9: ='내역서(표준단가)'!A12 -> L003 | B9: ='내역서(표준단가)'!B12 -> 0 | C9: ='내역서(표준단가)'!C12 -> 0 | D9: ='내역서(표준단가)'!D12 -> 0 | E9: ='내역서(표준단가)'!E12 -> L003 | F9: ='내역서(표준단가)'!I12 -> 1.5
