Workbook

Sheet PR당사안
A3: 見 積 書
A4: 수 신: LG에너지솔루션
B5: 대전 업무지원팀 / 김규환님 귀하
A7: 견 적 일 자 | D7: 2026 | E7: 년 | F7: 4 | G7: 월 | H7: 6 | I7: 일 | K7: 공 급 자 | L7: 등록번호 | M7: 707-86-02-404 | N7: 전 화 | O7: 02-6924-5539
A8: 견 적 담 당 | D8: 이종근 | H8: 파트너 | L8: 상 호 | M8: ㈜에스앤아이코퍼레이션 | N8: 대 표 | O8: 서 현
A9: 견적유효기간 | D9: 견적 제출 후 30일 까지 | L9: 주 소 | M9: 서울특별시 강서구 마곡중앙로150
A10: 납 기 | D10: 발주 후 개별 협의 | L10: 업 태 | M10: 부동산, 서비스 | N10: 종 목 | O10: 임대 및 관리
B13: 사택 7-201 수장작업 | N13: 견적을 제출 합니다
B15: ="견 적 금 액 : 一金"&NUMBERSTRING(M32,1) & "원정""(\"& TEXT(M32,"#,###")&"원) [VAT 별도]" -> 견 적 금 액 : 一金삼백삼십사만삼천이백오십원정"(\3,343,250원) [VAT 별도]
A17: NO | B17: 구 분 | H17: 수량 | I17: 단위 | J17: 금 액 | N17: 비 고
A18: 1 | B18: 재료비 | H18: 1 | I18: 식 | J18: =IFERROR(LOOKUP(2, 1/(TRIM('내역서(표준단가)'!K4:K100)<>""), '내역서(표준단가)'!K4:K100), "-") -> 577829.27
A19: 2 | B19: 노무비 | H19: 1 | I19: 식 | J19: =IFERROR(LOOKUP(2, 1/(TRIM('내역서(표준단가)'!M4:M100)<>""), '내역서(표준단가)'!M4:M100), "-") -> 2054917.9
A20: 3 | B20: 경 비 | H20: 1 | I20: 식 | J20: =IFERROR(SUM(J21:M29),"-") -> 356978.16
C21: 기계 및 기타경비 | H21: 1 | I21: 식 | J21: =IFERROR(LOOKUP(2, 1/(TRIM('내역서(표준단가)'!O4:O100)<>""), '내역서(표준단가)'!O4:O100) + LOOKUP(2, 1/(TRIM('내역서(표준단가)'!Q4:Q100)<>""), '내역서(표준단가)'!Q4:Q100), "-") -> 0 | N21: 중장비 사용 등
C22: 안전관리비 | H22: 3.11 | I22: % | J22: =IFERROR((J18+J19)*H22%,"-") -> 81878.436 | N22: (재료비+노무비)*3.11%
C23: 산재 보험료 | H23: 3.56 | I23: % | J23: =IFERROR(J19*H23%,"-") -> 73155.076 | N23: 노무비*3.56%
C24: 고용보험료 | H24: 1.01 | I24: % | J24: =IFERROR(J19*H24%,"-") -> 20754.67 | N24: 노무비*1.01%
C25: 국민건강 보험료 | H25: 3.595 | I25: % | J25: =IFERROR(J19*H25%,"-") -> 73874.297 | N25: 노무비*3.595%
C26: 국민연금 보험료 | H26: 4.75 | I26: % | J26: =IFERROR(J19*H26%,"-") -> 97608.598 | N26: 노무비*4.75%
C27: 노인장기요양 보험료 | H27: 13.14 | I27: % | J27: =IFERROR($H$27*J25%,"-") -> 9707.0826 | N27: 건강보험료*13.14%
C28: 하도급대금지급보증증권 | H28: 0.081 | I28: % | J28: =IFERROR(IF(SUM(J21:J27,J18:J19)>=10000000,SUM(J21:J27,J18:J19)*H28%,"-"),"-") -> - | N28: 1천만원 이상 공사시 적용
C29: 폐기물처리 부담금 | H29: 1 | I29: 식 | J29: =34*0 -> 0 | N29: 폐기물발생 시 적용 (kg당 34원)
A30: 4 | C30: 일반관리비 | H30: 5 | I30: % | J30: =IFERROR(IF(ISNUMBER(H30), SUM(J18:M20) * (H30 / 100), "-"), "-") -> 149486.26 | N30: (재료비 + 노무비 + 경비)*5%
A31: 5 | C31: 이 윤 | H31: 7.5 | I31: % | J31: =IFERROR(SUM(J18:M20, J30) * (H31 / 100), "-")+-31402 -> 204038.87 | N31: (재료비+노무비+경비+일반관리비)*7.5%
A32: 공사금액 | M32: =IFERROR(ROUNDDOWN(SUM(J18:M20)+J30+J31,0),"-") -> 3343250
A33: *유첨 : 견적서 내역서 1부 ─ 끝 ─

Sheet 내역서(표준단가)
K1: ▼낙찰율 | M1: ▼낙찰율 | O1: ▼낙찰율 | Q1: ▼낙찰율
K2: 0.835 | M2: 0.835 | O2: 0.835 | Q2: 0.835
B3: ▶ 표준 Code(표준단가/품셈/물정/노임) 순서별 입력(Upload 자동반영) | F3: 주요내역 | H3: 단위 | I3: 수량 | J3: 재료비 | L3: 노무비 | N3: 기계경비 | P3: 기타경비(부자재비) | R3: 합계 | S3: 노무비 할증 | T3: 할증기준
A4: 합계 | B4: 표준단가 D | C4: 표준품셈 E | D4: 물가정보 M | E4: 노임단가 L | F4: 품목 | G4: 규격 | J4: 품셈/표단 | K4: 금액 | L4: 단가 | M4: 금액 | N4: 단가 | O4: 금액 | P4: 단가 | Q4: 금액
A5: =B5&C5&D5&E5 -> M020853710050101 | D5: M020853710050101 | F5: 아이리스 | G5: 합지벽지 1R/L=93㎝(고정)×17.75m=16.51㎡, 소요량140/16.51=8.479R/L | H5: R/L | I5: 8.479 | J5: 20900 | K5: =SUM(J5:J5)*I5*$K$2 -> 147971.27 | M5: =(L5*I5)*$M$2 -> 0 | O5: =N5*I5*$O$2 -> 0 | Q5: =P5*I5*$Q$2 -> 0 | R5: =SUM(K5+M5)+O5+Q5 -> 147971.27
A6: =B6&C6&D6&E6 -> E00000803071260301 | C6: E00000803071260301 | F6: 도배 교체(벽) | G6: 일당 시공량-벽 46㎡, 적산정보 500p 참조,시공총량91/일당46=1.978 | H6: (일당) | I6: 1.978 | K6: =SUM(J6:J6)*I6*$K$2 -> 0 | L6: 510462 | M6: =(L6*I6)*$M$2 -> 843094.35 | O6: =N6*I6*$O$2 -> 0 | Q6: =P6*I6*$Q$2 -> 0 | R6: =SUM(K6+M6)+O6+Q6 -> 843094.35
A7: =B7&C7&D7&E7 -> E00000803071260301 | C7: E00000803071260301 | F7: 도배 교체(천장) | G7: 일당 시공량-천장 35㎡ 적산정보 500p 참조, 시공총량49/일당35=1.400 | H7: (일당) | I7: 1.4 | K7: =SUM(J7:J7)*I7*$K$2 -> 0 | L7: 510462 | M7: =(L7*I7)*$M$2 -> 596730.08 | O7: =N7*I7*$O$2 -> 0 | Q7: =P7*I7*$Q$2 -> 0 | R7: =SUM(K7+M7)+O7+Q7 -> 596730.08
A8: =B8&C8&D8&E8 -> M020809012520101 | D8: M020809012520101 | F8: 비닐시트바닥재 | G8: 데코리아 다솜(륨) 1.8T×1,830㎜ | H8: ㎡ | I8: 39.6 | J8: 13000 | K8: =SUM(J8:J8)*I8*$K$2 -> 429858 | M8: =(L8*I8)*$M$2 -> 0 | O8: =N8*I8*$O$2 -> 0 | Q8: =P8*I8*$Q$2 -> 0 | R8: =SUM(K8+M8)+O8+Q8 -> 429858
A9: =B9&C9&D9&E9 -> E00000803071260401 | C9: E00000803071260401 | F9: PVC계바닥재 교체 | G9: 일당 시공량-61㎡ 적산정보 500p 참조,시공총량39.6/일당61=0.887 | H9: (일당) | I9: 0.649 | K9: =SUM(J9:J9)*I9*$K$2 -> 0 | L9: 510462 | M9: =(L9*I9)*$M$2 -> 276627.01 | O9: =N9*I9*$O$2 -> 0 | Q9: =P9*I9*$Q$2 -> 0 | R9: =SUM(K9+M9)+O9+Q9 -> 276627.01
A10: =B10&C10&D10&E10 -> E00000801011510701 | C10: E00000801011510701 | F10: 입주청소 | G10: 전체면적 | H10: (바닥면적 ㎡당) | I10: 79 | K10: =SUM(J10:J10)*I10*$K$2 -> 0 | L10: 5131 | M10: =(L10*I10)*$M$2 -> 338466.41 | O10: =N10*I10*$O$2 -> 0 | Q10: =P10*I10*$Q$2 -> 0 | R10: =SUM(K10+M10)+O10+Q10 -> 338466.41
K11: =SUM(K5:K10) -> 577829.27 | M11: =SUM(M5:M10) -> 2054917.9 | O11: =SUM(O5:O10) -> 0 | Q11: =SUM(Q5:Q10) -> 0 | R11: =SUM(R5:R10) -> 2632747.1

Sheet 상세내역
A1: 내 역 서
A2: 품 명 | B2: 규 격 | C2: 단위 | D2: 수 량 | E2: 재 료 비 | G2: 노 무 비 | I2: 기계경비 | K2: 기타경비(부자재비) | M2: 합 계 | O2: 비 고
E3: 단 가 | F3: 금 액 | G3: 단 가 | H3: 금 액 | K3: 단 가 | L3: 금 액 | M3: 단 가 | N3: 금 액
A4: 사택 7동 수장공사
A5: 1.도배 | B5: 거실 벽면 | C5: ㎡ | D5: =55-7.7 -> 47.3 | E5: 1057 | F5: =D5*E5 -> 49996.1 | G5: 9266 | H5: =D5*G5 -> 438281.8 | N5: =F5+H5+J5+L5 -> 488277.9 | P5: 벽 | Q5: =D5+D7+D9 -> 91
B6: 거실 천정 | C6: ㎡ | D6: =37-8.3 -> 28.7 | E6: 1057 | F6: =D6*E6 -> 30335.9 | G6: 12178 | H6: =D6*G6 -> 349508.6 | N6: =F6+H6+J6+L6 -> 379844.5 | P6: 천정 | Q6: =D6+D8+D10 -> 48.6
B7: 방A 벽면 | C7: ㎡ | D7: =30-5.9 -> 24.1 | E7: 1057 | F7: =D7*E7 -> 25473.7 | G7: 9266 | H7: =D7*G7 -> 223310.6 | N7: =F7+H7+J7+L7 -> 248784.3
B8: 방A 천정 | C8: ㎡ | D8: =12-0.2 -> 11.8 | E8: 1057 | F8: =D8*E8 -> 12472.6 | G8: 12178 | H8: =D8*G8 -> 143700.4 | N8: =F8+H8+J8+L8 -> 156173
B9: 방B 벽면 | C9: ㎡ | D9: =20-0.4 -> 19.6 | E9: 1057 | F9: =D9*E9 -> 20717.2 | G9: 9266 | H9: =D9*G9 -> 181613.6 | N9: =F9+H9+J9+L9 -> 202330.8
B10: 방B 천정 | C10: ㎡ | D10: =12-3.9 -> 8.1 | E10: 1057 | F10: =D10*E10 -> 8561.7 | G10: 12178 | H10: =D10*G10 -> 98641.8 | N10: =F10+H10+J10+L10 -> 107203.5
A11: 소 계 | D11: =SUM(D5:D10) -> 139.6 | F11: =SUM(F5:F10) -> 147557.2 | H11: =SUM(H5:H10) -> 1435056.8 | J11: =SUM(J5:J10) -> 0 | L11: =SUM(L5:L10) -> 0 | N11: =SUM(N5:N10) -> 1582614
A12: 2.바닥재 | B12: 거실 바닥 | C12: ㎡ | D12: 20.7 | E12: 10855 | F12: =D12*E12 -> 224698.5 | G12: 6987 | H12: =D12*G12 -> 144630.9 | N12: =F12+H12+J12+L12 -> 369329.4
B13: 방A 바닥 | C13: ㎡ | D13: 11.2 | E13: 10855 | F13: =D13*E13 -> 121576 | G13: 6987 | H13: =D13*G13 -> 78254.4 | N13: =F13+H13+J13+L13 -> 199830.4
B14: 방B 바닥 | C14: ㎡ | D14: 7.8 | E14: 10855 | F14: =D14*E14 -> 84669 | G14: 6987 | H14: =D14*G14 -> 54498.6 | N14: =F14+H14+J14+L14 -> 139167.6
A15: 소 계 | D15: =SUM(D12:D14) -> 39.7 | F15: =SUM(F12:F14) -> 430943.5 | H15: =SUM(H12:H14) -> 277383.9 | J15: =SUM(J12:J14) -> 0 | L15: =SUM(L12:L14) -> 0 | N15: =SUM(N12:N14) -> 708327.4
A16: 3.도장
A17: 수성페인트 | B17: KSM-6010 내부용, 2급, 백색 | C17: 18ℓ | D17: 0.4 | O17: 도장 대상 아님(탄성 코트)
A18: 베란다 수성페인트(전면) | B18: 석고보드면 바탕만들기(줄퍼티) | C18: ㎡ | D18: =20 -> 20 | O18: 도장 대상 아님(탄성 코트)
B19: 붓칠,내벽 | C19: ㎡ | D19: =20 -> 20 | O19: 도장 대상 아님(탄성 코트)
A20: 베란다 수성페인트(후면) | B20: 석고보드면 바탕만들기(줄퍼티) | C20: ㎡ | D20: 20 | O20: 도장 대상 아님(탄성 코트)
B21: 붓칠,내벽 | C21: ㎡ | D21: 20 | O21: 도장 대상 아님(탄성 코트)
A22: 조합페인트 | B22: 백색 무광 | C22: 18ℓ | D22: 0.13 | O22: 도장 대상 아님(탄성 코트)
A23: 내부(문,틀,몰딩,기타) | B23: 철재면 청소(휘발유사용) | C23: ㎡ | D23: 10 | O23: 도장 대상 아님(탄성 코트)
B24: 유성페인트 롤러칠(석고보드면) | C24: ㎡ | D24: 10 | O24: 도장 대상 아님(탄성 코트)
A25: 방화도어 내부 | B25: 철재면 청소(휘발유사용) | C25: ㎡ | D25: 2 | O25: 도장 대상 아님(철문 아님)
B26: 유성페인트 롤러칠(철재면) | C26: ㎡ | D26: 2 | O26: 도장 대상 아님(철문 아님)
A27: 소 계 | F27: =SUM(F16:F26) -> 0 | H27: =SUM(H16:H26) -> 0 | J27: =SUM(J16:J26) -> 0 | L27: =SUM(L16:L26) -> 0 | N27: =SUM(N16:N26) -> 0
A28: 4.청소 | B28: 준공청소(특별인부) | C28: ㎡ | D28: 79 | G28: 4284 | H28: =D28*G28 -> 338436 | N28: =F28+H28+J28+L28 -> 338436
A29: 소 계 | H29: =SUM(H28:H28) -> 338436 | J29: =SUM(J28:J28) -> 0 | L29: =SUM(L28:L28) -> 0 | N29: =SUM(N28:N28) -> 338436
A30: 합 계 | F30: =F11+F15+F27+F29 -> 578500.7 | H30: =H11+H15+H27+H29 -> 2050876.7 | J30: =J11+J15+J27+J29 -> 0 | L30: =L11+L15+L27+L29 -> 0 | N30: =N11+N15+N27+N29 -> 2629377.4

Sheet Upload
A1: 구분 | B1: 표준단가 | C1: 표준품셈 | D1: 물가정보 | E1: 노임단가 | F1: 수량
A2: ='내역서(표준단가)'!A5 -> M020853710050101 | B2: ='내역서(표준단가)'!B5 -> 0 | C2: ='내역서(표준단가)'!C5 -> 0 | D2: ='내역서(표준단가)'!D5 -> M020853710050101 | E2: ='내역서(표준단가)'!E5 -> 0 | F2: ='내역서(표준단가)'!I5 -> 8.479
A3: ='내역서(표준단가)'!A6 -> E00000803071260301 | B3: ='내역서(표준단가)'!B6 -> 0 | C3: ='내역서(표준단가)'!C6 -> E00000803071260301 | D3: ='내역서(표준단가)'!D6 -> 0 | E3: ='내역서(표준단가)'!E6 -> 0 | F3: ='내역서(표준단가)'!I6 -> 1.978
A4: ='내역서(표준단가)'!A7 -> E00000803071260301 | B4: ='내역서(표준단가)'!B7 -> 0 | C4: ='내역서(표준단가)'!C7 -> E00000803071260301 | D4: ='내역서(표준단가)'!D7 -> 0 | E4: ='내역서(표준단가)'!E7 -> 0 | F4: ='내역서(표준단가)'!I7 -> 1.4
A5: ='내역서(표준단가)'!A8 -> M020809012520101 | B5: ='내역서(표준단가)'!B8 -> 0 | C5: ='내역서(표준단가)'!C8 -> 0 | D5: ='내역서(표준단가)'!D8 -> M020809012520101 | E5: ='내역서(표준단가)'!E8 -> 0 | F5: ='내역서(표준단가)'!I8 -> 39.6
A6: ='내역서(표준단가)'!A9 -> E00000803071260401 | B6: ='내역서(표준단가)'!B9 -> 0 | C6: ='내역서(표준단가)'!C9 -> E00000803071260401 | D6: ='내역서(표준단가)'!D9 -> 0 | E6: ='내역서(표준단가)'!E9 -> 0 | F6: ='내역서(표준단가)'!I9 -> 0.649
A7: ='내역서(표준단가)'!A10 -> E00000801011510701 | B7: ='내역서(표준단가)'!B10 -> 0 | C7: ='내역서(표준단가)'!C10 -> E00000801011510701 | D7: ='내역서(표준단가)'!D10 -> 0 | E7: ='내역서(표준단가)'!E10 -> 0 | F7: ='내역서(표준단가)'!I10 -> 79

Sheet 1,2,7동 도면
