Workbook

Sheet 갑지
A1: 견 적 서
A4: 수신인 : (주)에스앤아이코퍼레이션 | F4: 등록번호 | G4: 305-86-01887
F5: 상 호 | G5: 주식회사수안이엔지
A6: 공사명 : 기숙사 A,B동 급,배기팬 자동 구리스 주입기 교체공사 | F6: 대표 이사 | G6: 김용도
F7: 사업장 | G7: 대전광역시 동구 태전로 157번길 58, 2층
A8: 견적일 : 2025년 09 월 08 일 | F8: 업 태 | G8: 건설업
F9: 종 목 | G9: 기계설비공사
F10: TEL, FAX | G10: 042-224-0252 / 042-224-5424
A11: 금액: | B11: =NUMBERSTRING(F31,1) -> 팔백삼십삼만구천 | D11: 원정
A13: NO | B13: 품명 | C13: 규격 | D13: 수량 | E13: 단위 | F13: 금액 | G13: 비고
B14: 직접비
B15: 재료비 | F15: ='내역서(표준단가)'!O9 -> 0
B16: 노무비 | F16: ='내역서(표준단가)'!Q9 -> 501243
B17: 기계/기타경비 | F17: ='내역서(표준단가)'!S9+'내역서(표준단가)'!U9 -> 7728000
B18: 건설기계대여금 | F18: 0
B19: 소계 | F19: =F15+F16+F17+F18 -> 8229243
B20: 간접비
B21: 안전관리비 | C21: (재료비+노무비)*3.11% | D21: 1 | E21: 식 | F21: =(F15+F16)*3.11% -> 15588.657 | G21: 모든공사에 적용
B22: 산재보험료 | C22: 노무비*3.56% | D22: 1 | E22: 식 | F22: =F16*3.56% -> 17844.251 | G22: 모든공사에 적용
B23: 고용보험료 | C23: 노무비*1.01% | D23: 1 | E23: 식 | F23: =F16*1.01% -> 5062.5543 | G23: 모든공사에 적용
B24: 국민건강 보험료 | C24: 노무비*3.545% | D24: 1 | E24: 식 | F24: =F16*3.545% -> 17769.064 | G24: 모든공사에 적용
B25: 국민연금 보험료 | C25: 노무비*4.5% | D25: 1 | E25: 식 | F25: =F16*4.5% -> 22555.935 | G25: 모든공사에 적용
B26: 노인장기요양 보험료 | C26: 국민건강보험료*12.95% | D26: 1 | E26: 식 | F26: =F24*12.95% -> 2301.0938 | G26: 모든공사에 적용
B27: 일반관리비/이윤 | C27: (노무비+간접공사비)*5% | D27: 1 | E27: 식 | F27: =SUM(F16+F21+F22+F23+F24+F25+F26)*5% -> 29118.228
B28: 소계 | F28: =SUM(F21,F22,F23,F24,F25,F26,F27) -> 110239.78
F30: =F19+F28+F29 -> 8339482.8
B31: 합계(단수조정) | F31: =ROUNDDOWN(F30,-3) -> 8339000
B32: VAT별도

Sheet 내역서(표준단가)
O1: ▼낙찰율 | Q1: ▼낙찰율 | S1: ▼낙찰율 | U1: ▼낙찰율
O2: 0.82 | Q2: 0.72 | S2: 1 | U2: 1
F3: ▶ 표준 Code(표준단가/품셈/물정/노임) 순서별 입력(Upload 자동반영) | J3: 주요내역 | L3: 단위 | M3: 수량 | N3: 재료비 | P3: 노무비 | R3: 기계경비 | T3: 기타경비(부자재비) | V3: 합계 | W3: 노무비 할증 | X3: 할증기준
E4: 합계 | F4: 표준단가 D | G4: 표준품셈 E | H4: 물가정보 M | I4: 노임단가 L | J4: 품목 | K4: 규격 | N4: 품셈/표단 | O4: 금액 | P4: 단가 | Q4: 금액 | R4: 단가 | S4: 금액 | T4: 단가 | U4: 금액
J5: 기숙사 A,B동 급,배기팬 자동구리스 설치
E6: =F6&G6&H6&I6 -> 999999 | H6: 999999 | J6: 자동 구리스 주입기 교체 | L6: 식 | M6: =1 -> 1 | O6: =+M6*N6*$O$2 -> 0 | Q6: =M6*P6*$Q$2*W6 -> 0 | R6: 7727999.7 | S6: =ROUND(R6*M6*$S$2,0) -> 7728000 | U6: =ROUND(T6*M6*$U$2,0) -> 0 | V6: =SUM(O6+Q6)+S6+U6 -> 7728000
E7: =F7&G7&H7&I7 -> L002 | I7: L002 | J7: 보통인부 | K7: 사다리보조자 | L7: 인 | M7: 3 | O7: =+M7*N7*$O$2 -> 0 | P7: 167081 | Q7: =M7*P7*W7 -> 501243 | S7: =ROUND(R7*M7*$S$2,0) -> 0 | U7: =ROUND(T7*M7*$U$2,0) -> 0 | V7: =SUM(O7+Q7)+S7+U7 -> 501243 | W7: 1 | X7: B01
E8: =F8&G8&H8&I8
O9: =SUM(O5:O8) -> 0 | Q9: =SUM(Q5:Q8) -> 501243 | S9: =SUM(S5:S8) -> 7728000 | U9: =SUM(U5:U8) -> 0 | V9: =SUM(O9+Q9)+S9+U9 -> 8229243

Sheet Upload(시중가)-별도입력
A1: 표준내역코드 | B1: 세부공종 | C1: 품명 | D1: 규격 | E1: 단위 | F1: 수량 | G1: 재료비단가 | H1: 재료비소계 | I1: 노무비단가 | J1: 노무비소계 | K1: 기계경비단가 | L1: 기계경비소계 | M1: 기타경비단가 | N1: 기타경비소계 | O1: 할증코드 | P1: 재료비할증율 | Q1: 노무비할증율 | R1: 할증내용
B2: 999999 | C2: 자동 구리스 주입기 교체 | E2: 식 | F2: 1 | H2: 0 | J2: 0 | K2: 7727999.7 | N2: =M2*F2 -> 0
N3: =M3*F3 -> 0
A18: ■시중가 입력시 (5가지중 1가지 첨부)_유사한 코드가 있으면 대체 적용하며, 불가피 한경우만 시중가 사용함_불가피 할경우 아래 5가지 중 1개 첨부 1. 업체 비교견적서 첨부 최소 2개사 (자재 거래처(자재상)_공사업체 는 제외해당) 2. 기실적 단가 3. 세금계산서 및 거래명세서 첨부 4. 단독취급 MAKER 자재의 경우 1개사 견적서 처리 가능함(대리점 포함, 사코_감압변 등 독자 메이커만 취급 하는 경우에 해당함) 5. 물가자료 책자 정보 증빙 첨부 (물가자료 책자 스캔 후 표시 증빙 첨부) 6. 기타사항 (협의후)
B19: 자동 구리스 주입기 교체
B41: 신흥산업전기 | F41: 신흥산업전기
B63: 비교견적 - 아성이엔지

Sheet 공사수립계획서
B1: 공사수립계획서
B4: 업 체 명 | C4: 주식회사수안이엔지 | D4: 일 시 | E4: =갑지!A8 -> 견적일 : 2025년 09 월 08 일
B5: 공 사 명 | C5: =갑지!A6 -> 공사명 : 기숙사 A,B동 급,배기팬 자동 구리스 주입기 교체공사
B6: 공사 업체 | C6: ■ 공사기간 : 입찰시스템 계약기간에 준함
C7: ■ 인원투입계획 : 총 명(주말 : 명)
C8: ■ 시공방법
C9: -. 기 설치된 자동 구리스 및 호스 철거
C10: -. 자동 구리스 철거 시 급,배기팬 철거 후 재설치
C11: -. 사다리 보조자 배치
C12: -. 주변정리
C20: ■ 위험작업 유무 : 유(고소,화기,신호수)
C21: ■ 안전확보 방안 :
C22: -. 작업전 작업내용 숙지 및 작업 순서 확인.
C23: -. 개인 안전보호구 착용 철저
C24: -. 고소작업시 안전밸트 착용 및 안전고리 채결 철저, 천장내 작업시 상부 생명줄 설치 및 필요시 발판설치
C25: -. 사다리 사용시 사다리보조자 포함 2인1조 작업 진행 및 상하 동시작업 금지
... C31: ■ 주요 사용물질 : 산소 0kg, 알곤 20kg, 질소 0kg, 냉매(R-22) 0kg 등
B35: 수안이엔지 | C35: 성명 : 김 용 도 | D35: (인감/서명)
B36: S&I | C36: 성명 : | D36: 서명

Sheet 산출서
A1: 주요 물량 산출서
A3: =갑지!A6 -> 공사명 : 기숙사 A,B동 급,배기팬 자동 구리스 주입기 교체공사
A4: 품명 | B4: 규격 | C4: 단위 | D4: 수량 | E4: 산출근거 | F4: 내역도면번호 | G4: 비고
A5: ='내역서(표준단가)'!J5 -> 기숙사 A,B동 급,배기팬 자동구리스 설치 | B5: ='내역서(표준단가)'!K5 -> 0 | C5: ='내역서(표준단가)'!L5 -> 0 | D5: ='내역서(표준단가)'!M5 -> 0
A6: ='내역서(표준단가)'!J6 -> 자동 구리스 주입기 교체 | B6: ='내역서(표준단가)'!K6 -> 0 | C6: ='내역서(표준단가)'!L6 -> 식 | D6: ='내역서(표준단가)'!M6 -> 1 | E6: =1
A7: ='내역서(표준단가)'!J7 -> 보통인부 | B7: ='내역서(표준단가)'!K7 -> 사다리보조자 | C7: ='내역서(표준단가)'!L7 -> 인 | D7: ='내역서(표준단가)'!M7 -> 3 | E7: =4

Sheet Upload
A1: 구분 | B1: 표준단가 | C1: 표준품셈 | D1: 물가정보 | E1: 노임단가 | F1: 수량 | H1: ★ 작성방법
A2: ='내역서(표준단가)'!E5 -> 0 | B2: ='내역서(표준단가)'!F5 -> 0 | C2: ='내역서(표준단가)'!G5 -> 0 | D2: ='내역서(표준단가)'!H5 -> 0 | E2: ='내역서(표준단가)'!I5 -> 0 | F2: ='내역서(표준단가)'!M5 -> 0 | H2: ① 내역서(엑셀) 내 품목코드, 수량 입력시 upload자료 내 자동반영됨
A3: ='내역서(표준단가)'!E6 -> 999999 | B3: ='내역서(표준단가)'!F6 -> 0 | C3: ='내역서(표준단가)'!G6 -> 0 | D3: ='내역서(표준단가)'!H6 -> 999999 | E3: ='내역서(표준단가)'!I6 -> 0 | F3: ='내역서(표준단가)'!M6 -> 1 | H3: ③ 시중가/할증은 atG 화면 내 별도입력(본 탭 내에는 표준 Code만 입력)
A4: ='내역서(표준단가)'!E7 -> L002 | B4: ='내역서(표준단가)'!F7 -> 0 | C4: ='내역서(표준단가)'!G7 -> 0 | D4: ='내역서(표준단가)'!H7 -> 0 | E4: ='내역서(표준단가)'!I7 -> L002 | F4: ='내역서(표준단가)'!M7 -> 3
