Workbook

Sheet PR당사안
A3: 見 積 書
A4: 수 신: LG에너지솔루션
B5: 대전 업무지원팀 / 김규환님 귀하
A7: 견 적 일 자 | D7: 2026 | E7: 년 | F7: 6 | G7: 월 | H7: 1 | I7: 일 | K7: 공 급 자 | L7: 등록번호 | M7: 707-86-02-404 | N7: 전 화 | O7: 02-6924-5539
A8: 견 적 담 당 | D8: 이종근 | H8: 파트너 | L8: 상 호 | M8: ㈜에스앤아이코퍼레이션 | N8: 대 표 | O8: 서 현
A9: 견적유효기간 | D9: 견적 제출 후 30일 까지 | L9: 주 소 | M9: 서울특별시 강서구 마곡중앙로150
A10: 납 기 | D10: 발주 후 개별 협의 | L10: 업 태 | M10: 부동산, 서비스 | N10: 종 목 | O10: 임대 및 관리
B13: 사택 102-202 베란다 누수(전후면) | N13: 견적을 제출 합니다
B15: ="견 적 금 액 : 一金"&NUMBERSTRING(M32,1) & "원정""(\"& TEXT(M32,"#,###")&"원) [VAT 별도]" -> 견 적 금 액 : 一金일백사십육만사천일백오십원정"(\1,464,150원) [VAT 별도]
A17: NO | B17: 구 분 | H17: 수량 | I17: 단위 | J17: 금 액 | N17: 비 고
A18: 1 | B18: 재료비 | H18: 1 | I18: 식 | J18: =IFERROR(LOOKUP(2, 1/(TRIM('내역서(표준단가)'!K4:K100)<>""), '내역서(표준단가)'!K4:K100), "-") -> 159107.58
A19: 2 | B19: 노무비 | H19: 1 | I19: 식 | J19: =IFERROR(LOOKUP(2, 1/(TRIM('내역서(표준단가)'!M4:M100)<>""), '내역서(표준단가)'!M4:M100), "-") -> 979760.83
A20: 3 | B20: 경 비 | H20: 1 | I20: 식 | J20: =IFERROR(SUM(J21:M29),"-") -> 166583.14
C21: 기계 및 기타경비 | H21: 1 | I21: 식 | J21: =IFERROR(LOOKUP(2, 1/(TRIM('내역서(표준단가)'!O4:O100)<>""), '내역서(표준단가)'!O4:O100) + LOOKUP(2, 1/(TRIM('내역서(표준단가)'!Q4:Q100)<>""), '내역서(표준단가)'!Q4:Q100), "-") -> 0 | N21: 중장비 사용 등
C22: 안전관리비 | H22: 3.11 | I22: % | J22: =IFERROR((J18+J19)*H22%,"-") -> 35418.808 | N22: (재료비+노무비)*3.11%
C23: 산재 보험료 | H23: 3.56 | I23: % | J23: =IFERROR(J19*H23%,"-") -> 34879.486 | N23: 노무비*3.56%
C24: 고용보험료 | H24: 1.01 | I24: % | J24: =IFERROR(J19*H24%,"-") -> 9895.5844 | N24: 노무비*1.01%
C25: 국민건강 보험료 | H25: 3.595 | I25: % | J25: =IFERROR(J19*H25%,"-") -> 35222.402 | N25: 노무비*3.595%
C26: 국민연금 보험료 | H26: 4.75 | I26: % | J26: =IFERROR(J19*H26%,"-") -> 46538.639 | N26: 노무비*4.75%
C27: 노인장기요양 보험료 | H27: 13.14 | I27: % | J27: =IFERROR($H$27*J25%,"-") -> 4628.2236 | N27: 건강보험료*13.14%
C28: 하도급대금지급보증증권 | H28: 0.081 | I28: % | J28: =IFERROR(IF(SUM(J21:J27,J18:J19)>=10000000,SUM(J21:J27,J18:J19)*H28%,"-"),"-") -> - | N28: 1천만원 이상 공사시 적용
C29: 폐기물처리 부담금 | H29: 1 | I29: 식 | J29: =34*0 -> 0 | N29: 폐기물발생 시 적용 (kg당 34원)
A30: 4 | C30: 일반관리비 | H30: 5 | I30: % | J30: =IFERROR(IF(ISNUMBER(H30), SUM(J18:M20) * (H30 / 100), "-"), "-") -> 65272.578 | N30: (재료비 + 노무비 + 경비)*5%
A31: 5 | C31: 이 윤 | H31: 7.5 | I31: % | J31: =IFERROR(SUM(J18:M20, J30) * (H31 / 100), "-")+-9378 -> 93426.31 | N31: (재료비+노무비+경비+일반관리비)*7.5%
A32: 공사금액 | M32: =IFERROR(ROUNDDOWN(SUM(J18:M20)+J30+J31,0),"-") -> 1464150
A33: *유첨 : 견적서 내역서 1부 ─ 끝 ─

Sheet 내역서(표준단가)
K1: ▼낙찰율 | M1: ▼낙찰율 | O1: ▼낙찰율 | Q1: ▼낙찰율
K2: 0.835 | M2: 0.835 | O2: 0.835 | Q2: 0.835
B3: ▶ 표준 Code(표준단가/품셈/물정/노임) 순서별 입력(Upload 자동반영) | F3: 주요내역 | H3: 단위 | I3: 수량 | J3: 재료비 | L3: 노무비 | N3: 기계경비 | P3: 기타경비(부자재비) | R3: 합계 | S3: 노무비 할증 | T3: 할증기준
A4: 합계 | B4: 표준단가 D | C4: 표준품셈 E | D4: 물가정보 M | E4: 노임단가 L | F4: 품목 | G4: 규격 | J4: 품셈/표단 | K4: 금액 | L4: 단가 | M4: 금액 | N4: 단가 | O4: 금액 | P4: 단가 | Q4: 금액
A5: =B5&C5&D5&E5 -> L002 | E5: L002 | F5: 자재운반 가공, 폐기물처비 포함 | G5: 시중노임단가, 보통인부 | H5: 인 | I5: 0.5 | K5: =SUM(J5:J5)*I5*$K$2 -> 0 | L5: 171037 | M5: =I5*L5 -> 85518.5 | O5: =N5*I5*$O$2 -> 0 | Q5: =P5*I5*$Q$2 -> 0 | R5: =SUM(K5+M5)+O5+Q5 -> 85518.5
A6: =B6&C6&D6&E6 -> E00000803073010104 | C6: E00000803073010104 | F6: 바탕처리 | G6: 불량 - 수직부 | H6: (㎡ 당) | I6: 4 | K6: =SUM(J6:J6)*I6*$K$2 -> 0 | L6: 11955 | M6: =(L6*I6)*$M$2 -> 39929.7 | O6: =N6*I6*$O$2 -> 0 | Q6: =P6*I6*$Q$2 -> 0 | R6: =SUM(K6+M6)+O6+Q6 -> 39929.7
A7: =B7&C7&D7&E7 -> E00000803073021001 | C7: E00000803073021001 | F7: 시멘트 혼입 폴리머계 도막 방수 바름 | G7: 노출공법 | H7: (㎡ 당) | I7: 4 | J7: 1037 | K7: =SUM(J7:J7)*I7*$K$2 -> 3463.58 | L7: 34592 | M7: =(L7*I7)*$M$2 -> 115537.28 | O7: =N7*I7*$O$2 -> 0 | Q7: =P7*I7*$Q$2 -> 0 | R7: =SUM(K7+M7)+O7+Q7 -> 119000.86
A8: =B8&C8&D8&E8 -> E00000803073030101 | C8: E00000803073030101 | F8: 수밀 코킹 | H8: (m 당) | I8: 15 | K8: =SUM(J8:J8)*I8*$K$2 -> 0 | L8: 5214 | M8: =(L8*I8)*$M$2 -> 65305.35 | O8: =N8*I8*$O$2 -> 0 | Q8: =P8*I8*$Q$2 -> 0 | R8: =SUM(K8+M8)+O8+Q8 -> 65305.35
A9: =B9&C9&D9&E9 -> M020251411760101 | D9: M020251411760101 | F9: 다우실 MS 704 | G9: 1액형 변성 실리콘, 크랙 보수용, 비오염성, 방수씰링 | H9: 270㎖ | I9: 8 | J9: 5000 | K9: =SUM(J9:J9)*I9*$K$2 -> 33400 | M9: =(L9*I9)*$M$2 -> 0 | O9: =N9*I9*$O$2 -> 0 | Q9: =P9*I9*$Q$2 -> 0 | R9: =SUM(K9+M9)+O9+Q9 -> 33400
A10: =B10&C10&D10&E10 -> M060302210060101 | D10: M060302210060101 | F10: PVC평판(회색) | G10: 1,000×2,000×10㎜ | H10: 매 | I10: 1 | J10: 146400 | K10: =SUM(J10:J10)*I10*$K$2 -> 122244 | M10: =(L10*I10)*$M$2 -> 0 | O10: =N10*I10*$O$2 -> 0 | Q10: =P10*I10*$Q$2 -> 0 | R10: =SUM(K10+M10)+O10+Q10 -> 122244
A11: =B11&C11&D11&E11 -> L003 | E11: L003 | F11: 특별인부 | G11: 시중노임단가 | H11: 인 | I11: 2 | K11: =SUM(J11:J11)*I11*$K$2 -> 0 | L11: 224490 | M11: =I11*L11 -> 448980 | O11: =N11*I11*$O$2 -> 0 | Q11: =P11*I11*$Q$2 -> 0 | R11: =SUM(K11+M11)+O11+Q11 -> 448980
A12: =B12&C12&D12&E12 -> L003 | E12: L003 | F12: 특별인부 | G12: 시중노임단가 | H12: 인 | I12: 1 | K12: =SUM(J12:J12)*I12*$K$2 -> 0 | L12: 224490 | M12: =I12*L12 -> 224490 | O12: =N12*I12*$O$2 -> 0 | Q12: =P12*I12*$Q$2 -> 0 | R12: =SUM(K12+M12)+O12+Q12 -> 224490
K13: =SUM(K5:K12) -> 159107.58 | M13: =SUM(M5:M12) -> 979760.83 | O13: =SUM(O5:O12) -> 0 | Q13: =SUM(Q5:Q12) -> 0 | R13: =SUM(R5:R12) -> 1138868.4

Sheet Upload
A1: 구분 | B1: 표준단가 | C1: 표준품셈 | D1: 물가정보 | E1: 노임단가 | F1: 수량
A2: ='내역서(표준단가)'!A5 -> L002 | B2: ='내역서(표준단가)'!B5 -> 0 | C2: ='내역서(표준단가)'!C5 -> 0 | D2: ='내역서(표준단가)'!D5 -> 0 | E2: ='내역서(표준단가)'!E5 -> L002 | F2: ='내역서(표준단가)'!I5 -> 0.5
A3: ='내역서(표준단가)'!A6 -> E00000803073010104 | B3: ='내역서(표준단가)'!B6 -> 0 | C3: ='내역서(표준단가)'!C6 -> E00000803073010104 | D3: ='내역서(표준단가)'!D6 -> 0 | E3: ='내역서(표준단가)'!E6 -> 0 | F3: ='내역서(표준단가)'!I6 -> 4
A4: ='내역서(표준단가)'!A7 -> E00000803073021001 | B4: ='내역서(표준단가)'!B7 -> 0 | C4: ='내역서(표준단가)'!C7 -> E00000803073021001 | D4: ='내역서(표준단가)'!D7 -> 0 | E4: ='내역서(표준단가)'!E7 -> 0 | F4: ='내역서(표준단가)'!I7 -> 4
A5: ='내역서(표준단가)'!A8 -> E00000803073030101 | B5: ='내역서(표준단가)'!B8 -> 0 | C5: ='내역서(표준단가)'!C8 -> E00000803073030101 | D5: ='내역서(표준단가)'!D8 -> 0 | E5: ='내역서(표준단가)'!E8 -> 0 | F5: ='내역서(표준단가)'!I8 -> 15
A6: ='내역서(표준단가)'!A9 -> M020251411760101 | B6: ='내역서(표준단가)'!B9 -> 0 | C6: ='내역서(표준단가)'!C9 -> 0 | D6: ='내역서(표준단가)'!D9 -> M020251411760101 | E6: ='내역서(표준단가)'!E9 -> 0 | F6: ='내역서(표준단가)'!I9 -> 8
A7: ='내역서(표준단가)'!A10 -> M060302210060101 | B7: ='내역서(표준단가)'!B10 -> 0 | C7: ='내역서(표준단가)'!C10 -> 0 | D7: ='내역서(표준단가)'!D10 -> M060302210060101 | E7: ='내역서(표준단가)'!E10 -> 0 | F7: ='내역서(표준단가)'!I10 -> 1
A8: ='내역서(표준단가)'!A11 -> L003 | B8: ='내역서(표준단가)'!B11 -> 0 | C8: ='내역서(표준단가)'!C11 -> 0 | D8: ='내역서(표준단가)'!D11 -> 0 | E8: ='내역서(표준단가)'!E11 -> L003 | F8: ='내역서(표준단가)'!I11 -> 2
A9: ='내역서(표준단가)'!A12 -> L003 | B9: ='내역서(표준단가)'!B12 -> 0 | C9: ='내역서(표준단가)'!C12 -> 0 | D9: ='내역서(표준단가)'!D12 -> 0 | E9: ='내역서(표준단가)'!E12 -> L003 | F9: ='내역서(표준단가)'!I12 -> 1
