Workbook

Sheet 갑지
A2: 견 적 서
A5: 수신인 : 주식회사 에스엔아이 코퍼레이션 | F5: 등록번호 | G5: 314-86-35718
F6: 상 호 | G6: ㈜일성건축
A7: 공사명 : 사택 2동 지붕 전면 배수로 기와교체 외 | F7: 대표 이사 | G7: 상 석 희
F8: 사업장 | G8: 대전 서구 도마6길 107 (도마동)
A9: 견적일 : 2025년 05월 28일 | F9: 업 태 | G9: 건설업
F10: 종 목 | G10: 실내건축,인테리어공사
F11: TEL, FAX | G11: 042)527-0995, 042)527-0996
A12: 금액: | B12: =NUMBERSTRING(F31,1) -> 일천육십팔만육천 | D12: 원정
A14: NO | B14: 품명 | C14: 규격 | D14: 수량 | E14: 단위 | F14: 금액 | G14: 비고
B15: 직접비
B16: 재료비 | F16: ='내역서(표준단가)'!O18 -> 495054.8
B17: 노무비 | F17: ='내역서(표준단가)'!Q18 -> 5471548.5
B18: 기계/기타경비 | F18: ='내역서(표준단가)'!S18+'내역서(표준단가)'!U18 -> 3500000
B19: 소계 | F19: =F16+F17+F18 -> 9466603.3
B20: 간접비
B21: 국민연금 | C21: 노무비*4.5% | D21: 1 | E21: 식 | F21: =F17*4.5% -> 246219.68 | G21: 모든공사에 적용
B22: 건강보험료 | C22: 노무비*3.545% | D22: 1 | E22: 식 | F22: =F17*3.545% -> 193966.39 | G22: 모든공사에 적용
B23: 장기요양보험료 | C23: 건강보험료*12.95% | D23: 1 | E23: 식 | F23: =F22*12.95% -> 25118.648 | G23: 모든공사에 적용
B24: 고용보험료 | C24: 노무비*1.01% | D24: 1 | E24: 식 | F24: =F17*1.01% -> 55262.64 | G24: 모든공사에 적용
B25: 산재보험료 | C25: 노무비*3.56% | D25: 1 | E25: 식 | F25: =F17*3.56% -> 194787.13 | G25: 모든공사에 적용
B26: 산업안전보건관리비 | C26: (재료비+노무비)*3.11% | D26: 1 | E26: 식 | F26: =(F16+F17)*3.11% -> 185561.36 | G26: 모든공사에 적용
B27: 일반관리비/이윤 | C27: (노무비+간접공사비)*5% | D27: 1 | E27: 식 | F27: =SUM(F17+F21+F22+F23+F24+F25+F26)*5% -> 318623.22
B28: 소계 | F28: =F21+F22+F23+F24+F25+F26+F27 -> 1219539.1
F30: =F19+F28+F29 -> 10686142
B31: 합계(단수조정) | F31: =ROUNDDOWN(F30,-3) -> 10686000
B32: VAT별도

Sheet 내역서(표준단가)
O1: ▼낙찰율 | Q1: ▼낙찰율 | S1: ▼낙찰율 | U1: ▼낙찰율
O2: 0.835 | Q2: 0.835 | S2: 0.835 | U2: 0.835
F3: ▶ 표준 Code(표준단가/품셈/물정/노임) 순서별 입력(Upload 자동반영) | J3: 주요내역 | L3: 단위 | M3: 수량 | N3: 재료비 | P3: 노무비 | R3: 기계경비 | T3: 기타경비(부자재비) | V3: 합계 | W3: 노무비 할증 | X3: 할증기준
A4: 합계 | F4: 표준단가 D | G4: 표준품셈 E | H4: 물가정보 M | I4: 노임단가 L | J4: 품목 | K4: 규격 | N4: 품셈/표단 | O4: 금액 | P4: 단가 | Q4: 금액 | R4: 단가 | S4: 금액 | T4: 단가 | U4: 금액
A5: =F5&G5&H5&I5 -> E00000801011510201 | G5: E00000801011510201 | J5: 건출물 현장정리 | K5: 철근콘크리트조·철골·철근콘크리트조 | L5: (연면적 ㎡ 당) | M5: 20 | O5: =SUM(N5:N5)*M5*$O$2 -> 0 | P5: 21520 | Q5: =(P5*M5)*$Q$2 -> 359384 | S5: =R5*M5*$S$2 -> 0 | U5: =T5*M5*$U$2 -> 0 | V5: =SUM(O5+Q5)+S5+U5 -> 359384
A6: =F6&G6&H6&I6 -> M010551316300101 | H6: M010551316300101 | J6: 석재용에폭시본드 | K6: 석재용, 앙카용 타일 접착제(주제 10㎏+ 경화제 10㎏) | L6: Set | M6: 1 | N6: 55000 | O6: =SUM(N6:N6)*M6*$O$2 -> 45925 | V6: =SUM(O6+Q6)+S6+U6 -> 45925
A7: =F7&G7&H7&I7 -> M020412613720101 | H7: M020412613720101 | J7: 슬레이트기와용 페인트 | K7: KSM-6020, (4종), 주홍색 | L7: 18ℓ | M7: 0.5 | N7: 91800 | O7: =SUM(N7:N7)*M7*$O$2 -> 38326.5 | V7: =SUM(O7+Q7)+S7+U7 -> 38326.5
A8: =F8&G8&H8&I8 -> M010550114050101 | H8: M010550114050101 | J8: REMIFLOW | K8: REMIFLOW FS100, 일반 바닥미장용 | L8: 40㎏/포 | M8: 1 | N8: 6500 | O8: =SUM(N8:N8)*M8*$O$2 -> 5427.5 | V8: =SUM(O8+Q8)+S8+U8 -> 5427.5
A9: =F9&G9&H9&I9 -> M020251411630101 | H9: M020251411630101 | J9: 다우실 988 | K9: 1액형 실리콘, 비오염성 실리콘, 석재 조인트용 | L9: 270㎖ | M9: 15 | N9: 6000 | O9: =SUM(N9:N9)*M9*$O$2 -> 75150 | V9: =SUM(O9+Q9)+S9+U9 -> 75150
A10: =F10&G10&H10&I10 -> M020412114290101 | H10: M020412114290101 | J10: 숲으로에이스 외부용 | K10: KSM6010-1종-2급, 백색, 콘크리트 시멘트몰탈내 외부 18ℓ | L10: 통 | M10: 0.5 | N10: 88500 | O10: =SUM(N10:N10)*M10*$O$2 -> 36948.75 | V10: =SUM(O10+Q10)+S10+U10 -> 36948.75
A11: =F11&G11&H11&I11 -> M020413111390101 | H11: M020413111390101 | J11: 발수재 | K11: 믹싱리퀴드100, 수성도료용 하도 | L11: 18ℓ | M11: 0.5 | N11: 89200 | O11: =SUM(N11:N11)*M11*$O$2 -> 37241 | V11: =SUM(O11+Q11)+S11+U11 -> 37241
A12: =F12&G12&H12&I12 -> M020412311620102 | H12: M020412311620102 | J12: 숲으로 퍼티 | K12: 외부용 | L12: 5㎏ | M12: 1 | N12: 6630 | O12: =SUM(N12:N12)*M12*$O$2 -> 5536.05 | V12: =SUM(O12+Q12)+S12+U12 -> 5536.05
A13: =F13&G13&H13&I13 -> L003 | I13: L003 | J13: 시중노임단가 | K13: 특별인부, 3인*5일 작업=15인, 고소할증 적용 | L13: 인 | M13: 15 | O13: =SUM(N13:N13)*M13*$O$2 -> 0 | P13: 219321 | Q13: =(M13*P13)*130% -> 4276759.5 | V13: =SUM(O13+Q13)+S13+U13 -> 4276759.5 | W13: 고소 30% 할증
A14: =F14&G14&H14&I14 -> L002 | I14: L002 | J14: 시중노임단가 | K14: 보통인부, 1인*5일=5인 | L14: 인 | M14: 5 | O14: =SUM(N14:N14)*M14*$O$2 -> 0 | P14: 167081 | Q14: =M14*P14 -> 835405 | V14: =SUM(O14+Q14)+S14+U14 -> 835405
A15: =F15&G15&H15&I15 -> M020806810430101 | H15: M020806810430101 | J15: 산업폐기물처리비=기와 폐기물 적용 | K15: STEEL CONCORE PANEL 기준, (소운반비별도), 적용 | L15: TON | M15: 2 | N15: 150000 | O15: =SUM(N15:N15)*M15*$O$2 -> 250500 | Q15: =M15*P15 -> 0 | S15: =R15*M15*$S$2 -> 0 | U15: =T15*M15*$U$2 -> 0 | V15: =SUM(O15+Q15)+S15+U15 -> 250500
J16: 스카이, 5일 작업 | K16: 5톤 2023년 전문업체 견적서 첨부 | L16: 일 | M16: 5 | R16: 700000 | S16: =M16*R16 -> 3500000 | V16: =SUM(O16+Q16)+S16+U16 -> 3500000
A17: =F17&G17&H17&I17 | O17: =SUM(N17:N17)*M17*$O$2 -> 0 | V17: =SUM(O17+Q17)+S17+U17 -> 0
O18: =SUM(O5:O17) -> 495054.8 | Q18: =SUM(Q5:Q17) -> 5471548.5 | S18: =SUM(S5:S17) -> 3500000 | U18: =SUM(U5:U17) -> 0 | V18: =SUM(V5:V17) -> 9466603.3

Sheet 시중가 근거서류
A25: ■ 사다리차 전문업체 견적서(999999)
A26: 코드 | B26: 품목 | C26: 규격 | D26: 단가 | E26: 적용기준
A27: 999999 | B27: 스카이 임대 | C27: 5ton | D27: 700000 | E27: 시중가

Sheet Upload
A1: 표준내역코드 | B1: 세부공종 | C1: 품명 | D1: 규격 | E1: 단위 | F1: 수량 | G1: 재료비단가 | H1: 재료비소계 | I1: 노무비단가 | J1: 노무비소계 | K1: 기계경비단가 | L1: 기계경비소계 | M1: 기타경비단가 | N1: 기타경비소계 | O1: 할증코드 | P1: 재료비할증율 | Q1: 노무비할증율 | R1: 할증내용
A2: 999999 | B2: 영선, 건축 | C2: 스카이, 5일 작업 | D2: 5톤 2023년 전문업체 견적서 첨부 | E2: 대 | F2: 5 | K2: 700000

Sheet Upload-RS
A1: 구분 | B1: 표준단가 | C1: 표준품셈 | D1: 물가정보 | E1: 노임단가 | F1: 수량
A2: ='내역서(표준단가)'!A5 -> E00000801011510201 | B2: ='내역서(표준단가)'!F5 -> 0 | C2: ='내역서(표준단가)'!G5 -> E00000801011510201 | D2: ='내역서(표준단가)'!H5 -> 0 | E2: ='내역서(표준단가)'!I5 -> 0 | F2: ='내역서(표준단가)'!M5 -> 20
A3: ='내역서(표준단가)'!A6 -> M010551316300101 | B3: ='내역서(표준단가)'!F6 -> 0 | C3: ='내역서(표준단가)'!G6 -> 0 | D3: ='내역서(표준단가)'!H6 -> M010551316300101 | E3: ='내역서(표준단가)'!I6 -> 0 | F3: ='내역서(표준단가)'!M6 -> 1
A4: ='내역서(표준단가)'!A7 -> M020412613720101 | B4: ='내역서(표준단가)'!F7 -> 0 | C4: ='내역서(표준단가)'!G7 -> 0 | D4: ='내역서(표준단가)'!H7 -> M020412613720101 | E4: ='내역서(표준단가)'!I7 -> 0 | F4: ='내역서(표준단가)'!M7 -> 0.5
A5: ='내역서(표준단가)'!A8 -> M010550114050101 | B5: ='내역서(표준단가)'!F8 -> 0 | C5: ='내역서(표준단가)'!G8 -> 0 | D5: ='내역서(표준단가)'!H8 -> M010550114050101 | E5: ='내역서(표준단가)'!I8 -> 0 | F5: ='내역서(표준단가)'!M8 -> 1
A6: ='내역서(표준단가)'!A9 -> M020251411630101 | B6: ='내역서(표준단가)'!F9 -> 0 | C6: ='내역서(표준단가)'!G9 -> 0 | D6: ='내역서(표준단가)'!H9 -> M020251411630101 | E6: ='내역서(표준단가)'!I9 -> 0 | F6: ='내역서(표준단가)'!M9 -> 15
A7: ='내역서(표준단가)'!A10 -> M020412114290101 | B7: ='내역서(표준단가)'!F10 -> 0 | C7: ='내역서(표준단가)'!G10 -> 0 | D7: ='내역서(표준단가)'!H10 -> M020412114290101 | E7: ='내역서(표준단가)'!I10 -> 0 | F7: ='내역서(표준단가)'!M10 -> 0.5
A8: ='내역서(표준단가)'!A11 -> M020413111390101 | B8: ='내역서(표준단가)'!F11 -> 0 | C8: ='내역서(표준단가)'!G11 -> 0 | D8: ='내역서(표준단가)'!H11 -> M020413111390101 | E8: ='내역서(표준단가)'!I11 -> 0 | F8: ='내역서(표준단가)'!M11 -> 0.5
A9: ='내역서(표준단가)'!A12 -> M020412311620102 | B9: ='내역서(표준단가)'!F12 -> 0 | C9: ='내역서(표준단가)'!G12 -> 0 | D9: ='내역서(표준단가)'!H12 -> M020412311620102 | E9: ='내역서(표준단가)'!I12 -> 0 | F9: ='내역서(표준단가)'!M12 -> 1
A10: ='내역서(표준단가)'!A13 -> L003 | B10: ='내역서(표준단가)'!F13 -> 0 | C10: ='내역서(표준단가)'!G13 -> 0 | D10: ='내역서(표준단가)'!H13 -> 0 | E10: ='내역서(표준단가)'!I13 -> L003 | F10: ='내역서(표준단가)'!M13 -> 15
A11: ='내역서(표준단가)'!A14 -> L002 | B11: ='내역서(표준단가)'!F14 -> 0 | C11: ='내역서(표준단가)'!G14 -> 0 | D11: ='내역서(표준단가)'!H14 -> 0 | E11: ='내역서(표준단가)'!I14 -> L002 | F11: ='내역서(표준단가)'!M14 -> 5
A12: ='내역서(표준단가)'!A15 -> M020806810430101 | B12: ='내역서(표준단가)'!F15 -> 0 | C12: ='내역서(표준단가)'!G15 -> 0 | D12: ='내역서(표준단가)'!H15 -> M020806810430101 | E12: ='내역서(표준단가)'!I15 -> 0 | F12: ='내역서(표준단가)'!M15 -> 2
