Workbook

Sheet PR당사안
A3: 見 積 書
A4: 수 신: LG에너지솔루션
B5: 대전 업무지원팀 / 김규환님 귀하
A7: 견 적 일 자 | D7: 2026 | E7: 년 | F7: 6 | G7: 월 | H7: 23 | I7: 일 | K7: 공 급 자 | L7: 등록번호 | M7: 707-86-02-404 | N7: 전 화 | O7: 02-6924-5539
A8: 견 적 담 당 | D8: 이종근 | H8: 파트너 | L8: 상 호 | M8: ㈜에스앤아이코퍼레이션 | N8: 대 표 | O8: 서 현
A9: 견적유효기간 | D9: 견적 제출 후 30일 까지 | L9: 주 소 | M9: 서울특별시 강서구 마곡중앙로150
A10: 납 기 | D10: 발주 후 개별 협의 | L10: 업 태 | M10: 부동산, 서비스 | N10: 종 목 | O10: 임대 및 관리
B13: 기숙사 A동 202-4호외 5세대 친환경 도장 | N13: 견적을 제출 합니다
B15: ="견 적 금 액 : 一金"&NUMBERSTRING(M32,1) & "원정""(\"& TEXT(M32,"#,###")&"원) [VAT 별도]" -> 견 적 금 액 : 一金구십육만육천사백이십오원정"(\966,425원) [VAT 별도]
A17: NO | B17: 구 분 | H17: 수량 | I17: 단위 | J17: 금 액 | N17: 비 고
A18: 1 | B18: 재료비 | H18: 1 | I18: 식 | J18: =IFERROR(LOOKUP(2, 1/(TRIM('내역서(표준단가)'!K4:K100)<>""), '내역서(표준단가)'!K4:K100), "-") -> 268118.5
A19: 2 | B19: 노무비 | H19: 1 | I19: 식 | J19: =IFERROR(LOOKUP(2, 1/(TRIM('내역서(표준단가)'!M4:M100)<>""), '내역서(표준단가)'!M4:M100), "-") -> 509033.37
A20: 3 | B20: 경 비 | H20: 1 | I20: 식 | J20: =IFERROR(SUM(J21:M29),"-") -> 92315.67
C21: 기계 및 기타경비 | H21: 1 | I21: 식 | J21: =IFERROR(LOOKUP(2, 1/(TRIM('내역서(표준단가)'!O4:O100)<>""), '내역서(표준단가)'!O4:O100) + LOOKUP(2, 1/(TRIM('내역서(표준단가)'!Q4:Q100)<>""), '내역서(표준단가)'!Q4:Q100), "-") -> 0 | N21: 중장비 사용 등
C22: 안전관리비 | H22: 3.11 | I22: % | J22: =IFERROR((J18+J19)*H22%,"-") -> 24169.423 | N22: (재료비+노무비)*3.11%
C23: 산재 보험료 | H23: 3.56 | I23: % | J23: =IFERROR(J19*H23%,"-") -> 18121.588 | N23: 노무비*3.56%
C24: 고용보험료 | H24: 1.01 | I24: % | J24: =IFERROR(J19*H24%,"-") -> 5141.237 | N24: 노무비*1.01%
C25: 국민건강 보험료 | H25: 3.595 | I25: % | J25: =IFERROR(J19*H25%,"-") -> 18299.75 | N25: 노무비*3.595%
C26: 국민연금 보험료 | H26: 4.75 | I26: % | J26: =IFERROR(J19*H26%,"-") -> 24179.085 | N26: 노무비*4.75%
C27: 노인장기요양 보험료 | H27: 13.14 | I27: % | J27: =IFERROR($H$27*J25%,"-") -> 2404.5871 | N27: 건강보험료*13.14%
C28: 하도급대금지급보증증권 | H28: 0.081 | I28: % | J28: =IFERROR(IF(SUM(J21:J27,J18:J19)>=10000000,SUM(J21:J27,J18:J19)*H28%,"-"),"-") -> - | N28: 1천만원 이상 공사시 적용
C29: 폐기물처리 부담금 | H29: 1 | I29: 식 | J29: =34*0 -> 0 | N29: 폐기물발생 시 적용 (kg당 34원)
A30: 4 | C30: 일반관리비 | H30: 5 | I30: % | J30: =IFERROR(IF(ISNUMBER(H30), SUM(J18:M20) * (H30 / 100), "-"), "-") -> 43473.377 | N30: (재료비 + 노무비 + 경비)*5%
A31: 5 | C31: 이 윤 | H31: 7.5 | I31: % | J31: =IFERROR(SUM(J18:M20, J30) * (H31 / 100), "-")+-14986 -> 53484.569 | N31: (재료비+노무비+경비+일반관리비)*7.5%
A32: 공사금액 | M32: =IFERROR(ROUNDDOWN(SUM(J18:M20)+J30+J31,0),"-") -> 966425
A33: *유첨 : 견적서 내역서 1부 ─ 끝 ─

Sheet 내역서(표준단가)
K1: ▼낙찰율 | M1: ▼낙찰율 | O1: ▼낙찰율 | Q1: ▼낙찰율
K2: 0.835 | M2: 0.835 | O2: 0.835 | Q2: 0.835
B3: ▶ 표준 Code(표준단가/품셈/물정/노임) 순서별 입력(Upload 자동반영) | F3: 주요내역 | H3: 단위 | I3: 수량 | J3: 재료비 | L3: 노무비 | N3: 기계경비 | P3: 기타경비(부자재비) | R3: 합계 | S3: 노무비할증 | T3: 할증기준
A4: 합계 | B4: 표준단가 D | C4: 표준품셈 E | D4: 물가정보 M | E4: 노임단가 L | F4: 품목 | G4: 규격 | J4: 품셈/표단 | K4: 금액 | L4: 단가 | M4: 금액 | N4: 단가 | O4: 금액 | P4: 단가 | Q4: 금액
A5: =B5&C5&D5&E5 -> M020414115290101 | D5: M020414115290101 | F5: 도배 내부용, 친환경페인트 | G5: 새잎새골드(백색), 친환경 고기능성 수성코팅재, 고급 실내거주용, 1ℓ 도색량= 2평(1회칠 기준6.6㎡), 11.52/6.6=1.7454ℓ | H5: ℓ | I5: 20 | J5: 15400 | K5: =SUM(J5:J5)*I5*$K$2 -> 257180 | M5: =(L5*I5)*$M$2 -> 0 | O5: =N5*I5*$O$2 -> 0 | Q5: =P5*I5*$Q$2 -> 0 | R5: =SUM(K5+M5)+O5+Q5 -> 257180
A6: =B6&C6&D6&E6 -> E00000803061300101 | C6: E00000803061300101 | F6: 실내 벽면 2회칠, 수성페인트 롤러칠 | G6: 29㎡*2회칠=58, (2.4*2.4)*2회칠=11.52 | H6: (㎡ 당) | I6: 96 | K6: =SUM(J6:J6)*I6*$K$2 -> 0 | L6: 3442 | M6: =(L6*I6)*$M$2 -> 275910.72 | O6: =N6*I6*$O$2 -> 0 | Q6: =P6*I6*$Q$2 -> 0 | R6: =SUM(K6+M6)+O6+Q6 -> 275910.72
A7: =B7&C7&D7&E7 -> E00000803061300101 | C7: E00000803061300101 | F7: 실내 천정면 2회칠, 수성페인트 롤러칠 | G7: 천정 11㎡*천정할증20%=13.2, 13.2*2회칠=26.4 | H7: (㎡ 당) | I7: 26.4 | K7: =SUM(J7:J7)*I7*$K$2 -> 0 | L7: 3442 | M7: =(L7*I7)*$M$2 -> 75875.448 | O7: =N7*I7*$O$2 -> 0 | Q7: =P7*I7*$Q$2 -> 0 | R7: =SUM(K7+M7)+O7+Q7 -> 75875.448
A8: =B8&C8&D8&E8 -> M020412614110102 | D8: M020412614110102 | F8: 합성수지에멀션페인트 | G8: KSM-6010 내부용, 2급, 백색 | H8: 18ℓ | I8: 0.2 | J8: 65500 | K8: =SUM(J8:J8)*I8*$K$2 -> 10938.5 | R8: =SUM(K8+M8)+O8+Q8 -> 10938.5
A9: =B9&C9&D9&E9 -> E00000803061120402 | C9: E00000803061120402 | F9: 석고보드면 바탕만들기 | G9: 줄퍼티 | H9: (㎡ 당) | I9: 11 | K9: =SUM(J9:J9)*I9*$K$2 -> 0 | L9: 10752 | M9: =(L9*I9)*$M$2 -> 98757.12 | O9: =N9*I9*$O$2 -> 0 | Q9: =P9*I9*$Q$2 -> 0 | R9: =SUM(K9+M9)+O9+Q9 -> 98757.12
A10: =B10&C10&D10&E10 -> E00000803061300201 | C10: E00000803061300201 | F10: 수성페인트 붓칠 | G10: 1회칠 | H10: (㎡ 당) | I10: 11 | K10: =SUM(J10:J10)*I10*$K$2 -> 0 | L10: 6368 | M10: =(L10*I10)*$M$2 -> 58490.08 | O10: =N10*I10*$O$2 -> 0 | Q10: =P10*I10*$Q$2 -> 0 | R10: =SUM(K10+M10)+O10+Q10 -> 58490.08
K11: =SUM(K5:K10) -> 268118.5 | M11: =SUM(M5:M10) -> 509033.37 | O11: =SUM(O5:O10) -> 0 | Q11: =SUM(Q5:Q10) -> 0 | R11: =SUM(R5:R10) -> 777151.87

Sheet 상세내역
A1: 내 역 서
A2: 기숙사 A동 504-3호외 4세대 친환경 부분도장 재료비 산정⇒1면 기준(2.4*2.4)*2회칠=11.52, 재료비 1ℓ 도색량= 2평(1회칠 기준6.6㎡), 11.52/6.6=1.7454L 1면 도장 재료 수량(손실포함)=2L
A3: 작업요청번호 | B3: 호실 및 품명 | C3: 규 격 | D3: 재료비 수량(L) | E3: 노무비 수량(㎡) | F3: 재 료 비 | H3: 노 무 비 | J3: 기계경비 | L3: 기타경비(부자재비) | N3: 합 계 | P3: 비 고
F4: 단 가 | G4: 금 액 | H4: 단 가 | I4: 금 액 | L4: 단 가 | M4: 금 액 | N4: 단 가 | O4: 금 액
A5: 99 | B5: A동 202-4호 | C5: 벽면(1,2,3번 면) | D5: 6 | E5: 36 | F5: 12859 | G5: =D5*F5 -> 77154 | H5: 2874 | I5: =E5*H5 -> 103464 | O5: =G5+I5+K5+M5 -> 180618
A6: 139 | B6: A동 504-3호 실내 | C6: 벽면(2번 면) | D6: 2 | E6: 12 | F6: 12859 | G6: =D6*F6 -> 25718 | H6: 2874 | I6: =E6*H6 -> 34488 | O6: =G6+I6+K6+M6 -> 60206 | P6: 도배전환검토
B7: 베란다 전체 도장 | C7: KSM-6010 내부용, 2급, 백색 | D7: 18ℓ | E7: 0.2 | F7: 54693 | G7: =E7*F7 -> 10938.6 | O7: =G7+I7+K7+M7 -> 10938.6
C8: 석고보드면 바탕만들기(줄퍼티) | D8: ㎡ | E8: 11 | G8: =E8*F8 -> 0 | H8: 8978 | I8: =E8*H8 -> 98758 | O8: =G8+I8+K8+M8 -> 98758
C9: 붓칠,내벽 | D9: ㎡ | E9: 11 | G9: =E9*F9 -> 0 | H9: 5317 | I9: =E9*H9 -> 58487 | O9: =G9+I9+K9+M9 -> 58487
A10: 138 | B10: A동 703-2호 | C10: 벽면(3번 면) | D10: 2 | E10: 12 | F10: 12859 | G10: =D10*F10 -> 25718 | H10: 2874 | I10: =E10*H10 -> 34488 | O10: =G10+I10+K10+M10 -> 60206
A11: 64 | B11: A동 902-2호 | C11: 벽면(3번 면) | D11: 2 | E11: 12 | F11: 12859 | G11: =D11*F11 -> 25718 | H11: 2874 | I11: =E11*H11 -> 34488 | O11: =G11+I11+K11+M11 -> 60206
C12: 천정면 | D12: 4 | E12: 26.4 | F12: 12859 | G12: =D12*F12 -> 51436 | H12: 2874 | I12: =E12*H12 -> 75873.6 | O12: =G12+I12+K12+M12 -> 127309.6 | P12: 도배전환검토
A13: 66 | B13: B동 903-3호 | C13: 벽면(3번 벽면) | D13: 2 | E13: 12 | F13: 12859 | G13: =D13*F13 -> 25718 | H13: 2874 | I13: =E13*H13 -> 34488 | O13: =G13+I13+K13+M13 -> 60206
C14: 단열재 들뜸 재시공-기타작업
A15: 140 | B15: B동 904-4호 | C15: 벽면(2번 면) | D15: 2 | E15: 12 | F15: 12859 | G15: =D15*F15 -> 25718 | H15: 2874 | I15: =E15*H15 -> 34488 | O15: =G15+I15+K15+M15 -> 60206
B16: 합 계 | G16: =SUM(G5:G15) -> 268118.6 | I16: =SUM(I5:I15) -> 509022.6 | K16: =#REF!+#REF!+#REF!+#REF! -> #REF! | M16: =#REF!+#REF!+#REF!+#REF! -> #REF! | O16: =SUM(O5:O15) -> 777141.2
D17: =D5+D6+D10+D11+D12+D13+D15 -> 20 | E17: =E5+E6+E10+E11+E13+E15 -> 96

Sheet Upload
A1: 구분 | B1: 표준단가 | C1: 표준품셈 | D1: 물가정보 | E1: 노임단가 | F1: 수량
A2: ='내역서(표준단가)'!A5 -> M020414115290101 | B2: ='내역서(표준단가)'!B5 -> 0 | C2: ='내역서(표준단가)'!C5 -> 0 | D2: ='내역서(표준단가)'!D5 -> M020414115290101 | E2: ='내역서(표준단가)'!E5 -> 0 | F2: ='내역서(표준단가)'!I5 -> 20
A3: ='내역서(표준단가)'!A6 -> E00000803061300101 | B3: ='내역서(표준단가)'!B6 -> 0 | C3: ='내역서(표준단가)'!C6 -> E00000803061300101 | D3: ='내역서(표준단가)'!D6 -> 0 | E3: ='내역서(표준단가)'!E6 -> 0 | F3: ='내역서(표준단가)'!I6 -> 96
A4: ='내역서(표준단가)'!A7 -> E00000803061300101 | B4: ='내역서(표준단가)'!B7 -> 0 | C4: ='내역서(표준단가)'!C7 -> E00000803061300101 | D4: ='내역서(표준단가)'!D7 -> 0 | E4: ='내역서(표준단가)'!E7 -> 0 | F4: ='내역서(표준단가)'!I7 -> 26.4
A5: ='내역서(표준단가)'!A8 -> M020412614110102 | B5: ='내역서(표준단가)'!B8 -> 0 | C5: ='내역서(표준단가)'!C8 -> 0 | D5: ='내역서(표준단가)'!D8 -> M020412614110102 | E5: ='내역서(표준단가)'!E8 -> 0 | F5: ='내역서(표준단가)'!I8 -> 0.2
A6: ='내역서(표준단가)'!A9 -> E00000803061120402 | B6: ='내역서(표준단가)'!B9 -> 0 | C6: ='내역서(표준단가)'!C9 -> E00000803061120402 | D6: ='내역서(표준단가)'!D9 -> 0 | E6: ='내역서(표준단가)'!E9 -> 0 | F6: ='내역서(표준단가)'!I9 -> 11
A7: ='내역서(표준단가)'!A10 -> E00000803061300201 | B7: ='내역서(표준단가)'!B10 -> 0 | C7: ='내역서(표준단가)'!C10 -> E00000803061300201 | D7: ='내역서(표준단가)'!D10 -> 0 | E7: ='내역서(표준단가)'!E10 -> 0 | F7: ='내역서(표준단가)'!I10 -> 11

Sheet 도면

Sheet 참고자료
