Workbook

Sheet 갑지
A2: 견 적 서
A5: 수신인 : 주식회사 에스엔아이 코퍼레이션 | F5: 등록번호 | G5: 314-86-35718
F6: 상 호 | G6: ㈜일성건축
A7: 공사명 : 사택 102-403 단열작업(주방 우측방- 열반사+이보드) | F7: 대표 이사 | G7: 상 석 희
F8: 사업장 | G8: 대전 서구 도마6길 107 (도마동)
A9: 견적일 : 2025년 11월 06일 | F9: 업 태 | G9: 건설업
F10: 종 목 | G10: 실내건축,인테리어공사
F11: TEL, FAX | G11: 042)527-0995, 042)527-0996
A12: 금액: | B12: =NUMBERSTRING(F31,1) -> 칠십사만사천 | D12: 원정
A14: NO | B14: 품명 | C14: 규격 | D14: 수량 | E14: 단위 | F14: 금액 | G14: 비고
B15: 직접비
B16: 재료비 | F16: ='내역서(표준단가)'!O12 -> 171667.65
B17: 노무비 | F17: ='내역서(표준단가)'!Q12 -> 464940.97
B18: 기계/기타경비 | F18: ='내역서(표준단가)'!S12+'내역서(표준단가)'!U12 -> 0
B19: 소계 | F19: =F16+F17+F18 -> 636608.62
B20: 간접비
B21: 국민연금 | C21: 노무비*4.5% | D21: 1 | E21: 식 | F21: =F17*4.5% -> 20922.343 | G21: 모든공사에 적용
B22: 건강보험료 | C22: 노무비*3.545% | D22: 1 | E22: 식 | F22: =F17*3.545% -> 16482.157 | G22: 모든공사에 적용
B23: 장기요양보험료 | C23: 건강보험료*12.95% | D23: 1 | E23: 식 | F23: =F22*12.95% -> 2134.4394 | G23: 모든공사에 적용
B24: 고용보험료 | C24: 노무비*1.01% | D24: 1 | E24: 식 | F24: =F17*1.01% -> 4695.9037 | G24: 모든공사에 적용
B25: 산재보험료 | C25: 노무비*3.56% | D25: 1 | E25: 식 | F25: =F17*3.56% -> 16551.898 | G25: 모든공사에 적용
B26: 산업안전보건관리비 | C26: (재료비+노무비)*3.11% | D26: 1 | E26: 식 | F26: =(F16+F17)*3.11% -> 19798.528 | G26: 모든공사에 적용
B27: 일반관리비/이윤 | C27: (노무비+간접공사비)*5% | D27: 1 | E27: 식 | F27: =SUM(F17+F21+F22+F23+F24+F25+F26)*5% -> 27276.312
B28: 소계 | F28: =F21+F22+F23+F24+F25+F26+F27 -> 107861.58
F30: =F19+F28+F29 -> 744470.2
B31: 합계(단수조정) | F31: =ROUNDDOWN(F30,-3) -> 744000
B32: VAT별도

Sheet 내역서(표준단가)
O1: ▼낙찰율 | Q1: ▼낙찰율 | S1: ▼낙찰율 | U1: ▼낙찰율
O2: 0.835 | Q2: 0.835 | S2: 0.835 | U2: 0.835
F3: ▶ 표준 Code(표준단가/품셈/물정/노임) 순서별 입력(Upload 자동반영) | J3: 주요내역 | L3: 단위 | M3: 수량 | N3: 재료비 | P3: 노무비 | R3: 기계경비 | T3: 기타경비(부자재비) | V3: 합계 | W3: 노무비 할증 | X3: 할증기준
A4: 합계 | F4: 표준단가 D | G4: 표준품셈 E | H4: 물가정보 M | I4: 노임단가 L | J4: 품목 | K4: 규격 | N4: 품셈/표단 | O4: 금액 | P4: 단가 | Q4: 금액 | R4: 단가 | S4: 금액 | T4: 단가 | U4: 금액
A5: =F5&G5&H5&I5 -> E00000801011510201 | G5: E00000801011510201 | J5: 건출물 현장정리 | K5: 철근콘크리트조·철골·철근콘크리트조 | L5: (연면적 ㎡ 당) | M5: 4 | O5: =SUM(N5:N5)*M5*$O$2 -> 0 | P5: 21520 | Q5: =(P5*M5)*$Q$2 -> 71876.8 | S5: =R5*M5*$S$2 -> 0 | U5: =T5*M5*$U$2 -> 0 | V5: =SUM(O5+Q5)+S5+U5 -> 71876.8
A6: =F6&G6&H6&I6 -> M020750510120102 | H6: M020750510120102 | J6: 에너폴(태화론 TW-06, 6㎜×1M×50M단면-점착 대체) | K6: 900 X 1800X40, 3호(비중0.020) | L6: 매 | M6: 10 | N6: 6400 | O6: =SUM(N6:N6)*M6*$O$2 -> 53440 | Q6: =(P6*M6)*$Q$2 -> 0 | S6: =R6*M6*$S$2 -> 0 | U6: =T6*M6*$U$2 -> 0 | V6: =SUM(O6+Q6)+S6+U6 -> 53440
A7: =F7&G7&H7&I7 -> E00000803066520103 | G7: E00000803066520103 | J7: 석고판 설치(나사 고정) | K7: 바탕용(2겹) (시공량 : 30㎡),시공총량20/일당30=0.6667 | L7: (일당) | M7: 0.6667 | O7: =SUM(N7:N7)*M7*$O$2 -> 0 | P7: 652621 | Q7: =(P7*M7)*$Q$2 -> 363310.52 | S7: =R7*M7*$S$2 -> 0 | U7: =T7*M7*$U$2 -> 0 | V7: =SUM(O7+Q7)+S7+U7 -> 363310.52
A8: =F8&G8&H8&I8 -> M020531910380101 | H8: M020531910380101 | J8: 연질/러버베이스 적용 (합성수지류,걸레받이 대체) | K8: 100h, 2.5t | L8: m | M8: 9 | N8: 3510 | O8: =SUM(N8:N8)*M8*$O$2 -> 26377.65 | Q8: =(P8*M8)*$Q$2 -> 0 | S8: =R8*M8*$S$2 -> 0 | U8: =T8*M8*$U$2 -> 0 | V8: =SUM(O8+Q8)+S8+U8 -> 26377.65
A9: =F9&G9&H9&I9 -> E00000803066520502 | G9: E00000803066520502 | J9: 걸레받이 설치, 종합적산정보 389p | K9: 중밀도섬유판(시공량 : 165m), 설치수량 9m, /165=0.0546 | L9: (일당) | M9: 0.0546 | O9: =SUM(N9:N9)*M9*$O$2 -> 0 | P9: 652621 | Q9: =(P9*M9)*$Q$2 -> 29753.644 | S9: =R9*M9*$S$2 -> 0 | U9: =T9*M9*$U$2 -> 0 | V9: =SUM(O9+Q9)+S9+U9 -> 29753.644
A10: =F10&G10&H10&I10 -> M020750510130102 | H10: M020750510130102 | J10: 에너폴(이보드, 1000*1000*13T, 대체) | K10: 900 X 1800X50, 3호(비중0.020) | L10: 매 | M10: 10 | N10: 8000 | O10: =SUM(N10:N10)*M10*$O$2 -> 66800 | Q10: =(P10*M10)*$Q$2 -> 0 | S10: =R10*M10*$S$2 -> 0 | U10: =T10*M10*$U$2 -> 0 | V10: =SUM(O10+Q10)+S10+U10 -> 66800
A11: =F11&G11&H11&I11 -> M020806810430101 | H11: M020806810430101 | J11: 산업폐기물처리비=내부창호폐기물 적용 | K11: STEEL CONCORE PANEL 기준, (소운반비별도), 적용 | L11: TON | M11: 0.2 | N11: 150000 | O11: =SUM(N11:N11)*M11*$O$2 -> 25050 | U11: =T11*M11*$U$2 -> 0 | V11: =SUM(O11+Q11)+S11+U11 -> 25050
O12: =SUM(O5:O11) -> 171667.65 | Q12: =SUM(Q5:Q11) -> 464940.97 | S12: =SUM(S5:S11) -> 0 | U12: =SUM(U5:U11) -> 0 | V12: =SUM(V5:V11) -> 636608.62

Sheet 상세내역
A1: 내 역 서
A2: 품 명 | B2: 규 격 | C2: 단위 | D2: 수 량 | E2: 재 료 비 | G2: 노 무 비 | I2: 기계경비 | K2: 기타경비 | M2: 합 계
E3: 단 가 | F3: 금 액 | G3: 단 가 | H3: 금 액 | I3: 단 가 | J3: 금 액 | K3: 단 가 | L3: 금 액 | M3: 단 가 | N3: 금 액
A4: 사택 102-403 단열작업(주방 우측방- 열반사+이보드) | N4: =F4+H4+J4+L4 -> 0
A5: 1.건축물 현장정리 | B5: 기존 단열재 철거 포함 | C5: ㎡ | D5: 4 | F5: =D5*E5 -> 0 | G5: 17969 | H5: =D5*G5 -> 71876 | N5: =F5+H5+J5+L5 -> 71876
A6: 2.작은방1 | B6: (전체면적 3.7*h:2.5)=9.25 | F6: =D6*E6 -> 0 | N6: =F6+H6+J6+L6 -> 0
A7: 열반사 단열재 | B7: 단면접착, 6*1000*1000 | C7: M2 | D7: 10 | E7: 5344 | F7: =D7*E7 -> 53440 | N7: =F7+H7+J7+L7 -> 53440
A8: 이보드 | B8: 이보드13t*2700*h:2400 | C8: M2 | D8: 10 | E8: 6680 | F8: =D8*E8 -> 66800 | H8: =D8*G8 -> 0 | N8: =F8+H8+J8+L8 -> 66800
A9: 석고판 나사고정 | B9: 바탕용*2겹 | C9: M2 | D9: 20 | F9: =D9*E9 -> 0 | G9: 18165 | H9: =D9*G9 -> 363300 | N9: =F9+H9+J9+L9 -> 363300
A10: 조이너 및 몰딩 | B10: 몰딩 | C10: m | D10: 9 | E10: 2931 | F10: =D10*E10 -> 26379 | G10: 3302 | H10: =D10*G10 -> 29718 | N10: =F10+H10+J10+L10 -> 56097
A11: 3.폐기물 처리 | B11: 혼합건설 폐기물, 운반비 포함 | C11: TON | D11: 0.2 | E11: 125250 | F11: =D11*E11 -> 25050 | J11: =D11*I11 -> 0 | N11: =F11+H11+J11+L11 -> 25050
A12: 합 계 | F12: =SUM(F5:F11) -> 171669 | H12: =SUM(H5:H11) -> 464894 | J12: =SUM(J5:J11) -> 0 | L12: =SUM(L5:L11) -> 0 | N12: =SUM(N5:N11) -> 636563

Sheet Upload
A1: 구분 | B1: 표준단가 | C1: 표준품셈 | D1: 물가정보 | E1: 노임단가 | F1: 수량
A2: ='내역서(표준단가)'!A5 -> E00000801011510201 | B2: ='내역서(표준단가)'!F5 -> 0 | C2: ='내역서(표준단가)'!G5 -> E00000801011510201 | D2: ='내역서(표준단가)'!H5 -> 0 | E2: ='내역서(표준단가)'!I5 -> 0 | F2: ='내역서(표준단가)'!M5 -> 4
A3: ='내역서(표준단가)'!A6 -> M020750510120102 | B3: ='내역서(표준단가)'!F6 -> 0 | C3: ='내역서(표준단가)'!G6 -> 0 | D3: ='내역서(표준단가)'!H6 -> M020750510120102 | E3: ='내역서(표준단가)'!I6 -> 0 | F3: ='내역서(표준단가)'!M6 -> 10
A4: ='내역서(표준단가)'!A7 -> E00000803066520103 | B4: ='내역서(표준단가)'!F7 -> 0 | C4: ='내역서(표준단가)'!G7 -> E00000803066520103 | D4: ='내역서(표준단가)'!H7 -> 0 | E4: ='내역서(표준단가)'!I7 -> 0 | F4: ='내역서(표준단가)'!M7 -> 0.6667
A5: ='내역서(표준단가)'!A8 -> M020531910380101 | B5: ='내역서(표준단가)'!F8 -> 0 | C5: ='내역서(표준단가)'!G8 -> 0 | D5: ='내역서(표준단가)'!H8 -> M020531910380101 | E5: ='내역서(표준단가)'!I8 -> 0 | F5: ='내역서(표준단가)'!M8 -> 9
A6: ='내역서(표준단가)'!A9 -> E00000803066520502 | B6: ='내역서(표준단가)'!F9 -> 0 | C6: ='내역서(표준단가)'!G9 -> E00000803066520502 | D6: ='내역서(표준단가)'!H9 -> 0 | E6: ='내역서(표준단가)'!I9 -> 0 | F6: ='내역서(표준단가)'!M9 -> 0.0546
A7: ='내역서(표준단가)'!A10 -> M020750510130102 | B7: ='내역서(표준단가)'!F10 -> 0 | C7: ='내역서(표준단가)'!G10 -> 0 | D7: ='내역서(표준단가)'!H10 -> M020750510130102 | E7: ='내역서(표준단가)'!I10 -> 0 | F7: ='내역서(표준단가)'!M10 -> 10
A8: ='내역서(표준단가)'!A11 -> M020806810430101 | B8: ='내역서(표준단가)'!F11 -> 0 | C8: ='내역서(표준단가)'!G11 -> 0 | D8: ='내역서(표준단가)'!H11 -> M020806810430101 | E8: ='내역서(표준단가)'!I11 -> 0 | F8: ='내역서(표준단가)'!M11 -> 0.2
