Workbook

Sheet 갑지
A2: 견 적 서
A5: 수신인 : 주식회사 에스엔아이 코퍼레이션 | F5: 등록번호 | G5: 314-86-35718
F6: 상 호 | G6: ㈜일성건축
A7: 공사명 : 사택 지반 침하 보수작업 | F7: 대표 이사 | G7: 상 석 희
F8: 사업장 | G8: 대전 서구 도마6길 107 (도마동)
A9: 견적일 : 2025년 07월 09일 | F9: 업 태 | G9: 건설업
F10: 종 목 | G10: 실내건축,인테리어공사
F11: TEL, FAX | G11: 042)527-0995, 042)527-0996
A12: 금액: | B12: =NUMBERSTRING(F31,1) -> 사백일십만팔천 | D12: 원정
A14: NO | B14: 품명 | C14: 규격 | D14: 수량 | E14: 단위 | F14: 금액 | G14: 비고
B15: 직접비
B16: 재료비 | F16: ='내역서(표준단가)'!O15 -> 1127028.5
B17: 노무비 | F17: ='내역서(표준단가)'!Q15 -> 2414033
B18: 기계/기타경비 | F18: ='내역서(표준단가)'!S15+'내역서(표준단가)'!U15 -> 0
B19: 소계 | F19: =SUM(F16:F18) -> 3541061.5
B20: 간접비
B21: 국민연금 | C21: 노무비*4.5% | D21: 1 | E21: 식 | F21: =F17*4.5% -> 108631.49 | G21: 모든공사에 적용
B22: 건강보험료 | C22: 노무비*3.545% | D22: 1 | E22: 식 | F22: =F17*3.545% -> 85577.47 | G22: 모든공사에 적용
B23: 장기요양보험료 | C23: 건강보험료*12.95% | D23: 1 | E23: 식 | F23: =F22*12.95% -> 11082.282 | G23: 모든공사에 적용
B24: 고용보험료 | C24: 노무비*1.01% | D24: 1 | E24: 식 | F24: =F17*1.01% -> 24381.733 | G24: 모든공사에 적용
B25: 산재보험료 | C25: 노무비*3.56% | D25: 1 | E25: 식 | F25: =F17*3.56% -> 85939.575 | G25: 모든공사에 적용
B26: 산업안전보건관리비 | C26: (재료비+노무비)*3.11% | D26: 1 | E26: 식 | F26: =(F16+F17)*3.11% -> 110127.01 | G26: 모든공사에 적용
B27: 일반관리비/이윤 | C27: (노무비+간접공사비)*5% | D27: 1 | E27: 식 | F27: =SUM(F17+F21+F22+F23+F24+F25+F26)*5% -> 141988.63
B28: 소계 | F28: =F21+F22+F23+F24+F25+F26+F27 -> 567728.19
F30: =F19+F28+F29 -> 4108789.7
B31: 합계(단수조정) | F31: =ROUNDDOWN(F30,-3) -> 4108000
B32: VAT별도

Sheet 내역서(표준단가)
O1: ▼낙찰율 | Q1: ▼낙찰율 | S1: ▼낙찰율 | U1: ▼낙찰율
O2: 0.835 | Q2: 0.835 | S2: 0.835 | U2: 0.835
F3: ▶ 표준 Code(표준단가/품셈/물정/노임) 순서별 입력(Upload 자동반영) | J3: 주요내역 | L3: 단위 | M3: 수량 | N3: 재료비 | P3: 노무비 | R3: 기계경비 | T3: 기타경비(부자재비) | V3: 합계 | W3: 노무비 할증 | X3: 할증기준
A4: 합계 | F4: 표준단가 D | G4: 표준품셈 E | H4: 물가정보 M | I4: 노임단가 L | J4: 품목 | K4: 규격 | N4: 품셈/표단 | O4: 금액 | P4: 단가 | Q4: 금액 | R4: 단가 | S4: 금액 | T4: 단가 | U4: 금액
A5: =F5&G5&H5&I5 -> E00000801011510201 | G5: E00000801011510201 | J5: 건출물 현장정리 | K5: 철근콘크리트조·철골·철근콘크리트조 | L5: (연면적 ㎡ 당) | M5: 20 | O5: =SUM(N5:N5)*M5*$O$2 -> 0 | P5: 21520 | Q5: =(P5*M5)*$Q$2 -> 359384 | S5: =R5*M5*$S$2 -> 0 | U5: =T5*M5*$U$2 -> 0 | V5: =SUM(O5+Q5)+S5+U5 -> 359384
A6: =F6&G6&H6&I6 -> M010550114750101 | H6: M010550114750101 | J6: REMICOAT, 일반용 | K6: 조적용 레미탈, 시멘트벽돌, 블록 조적용 | L6: 40㎏/포 | M6: 10 | N6: 5900 | O6: =SUM(N6:N6)*M6*$O$2 -> 49265 | Q6: =M6*P6 -> 0 | S6: =R6*M6*$S$2 -> 0 | U6: =T6*M6*$U$2 -> 0 | V6: =SUM(O6+Q6)+S6+U6 -> 49265
A7: =F7&G7&H7&I7 -> M01525GR10610101 | H7: M01525GR10610101 | J7: 멀티코트 B | K7: 아스팔트 프라이머 | L7: Can | M7: 0.5 | N7: 76200 | O7: =SUM(N7:N7)*M7*$O$2 -> 31813.5 | Q7: =M7*P7 -> 0 | S7: =R7*M7*$S$2 -> 0 | U7: =T7*M7*$U$2 -> 0 | V7: =SUM(O7+Q7)+S7+U7 -> 31813.5
A8: =F8&G8&H8&I8 -> M015333017540101 | H8: M015333017540101 | J8: 상온아스콘(긴급도로보수용) | K8: CAPS CON(20kg) | L8: 포 | M8: 14 | N8: 30000 | O8: =SUM(N8:N8)*M8*$O$2 -> 350700 | Q8: =M8*P8 -> 0 | S8: =R8*M8*$S$2 -> 0 | U8: =T8*M8*$U$2 -> 0 | V8: =SUM(O8+Q8)+S8+U8 -> 350700
A9: =F9&G9&H9&I9 -> M020806810430101 | H9: M020806810430101 | J9: 산업폐기물처리비 | K9: STEEL CONCORE PANEL 기준, (소운반비별도) | L9: Ton | M9: 1 | N9: 150000 | O9: =SUM(N9:N9)*M9*$O$2 -> 125250 | Q9: =M9*P9 -> 0 | S9: =R9*M9*$S$2 -> 0 | U9: =T9*M9*$U$2 -> 0 | V9: =SUM(O9+Q9)+S9+U9 -> 125250
A10: =F10&G10&H10&I10 -> L003 | I10: L003 | J10: 침하부위 커팅 및 제거, 모르터 타설, 양생후 아스콘 포설 ,2명*3일 작업 | K10: 시중노임단가, 특별인부 | L10: 인 | M10: 6 | O10: =SUM(N10:N10)*M10*$O$2 -> 0 | P10: 219321 | Q10: =M10*P10 -> 1315926 | S10: =R10*M10*$S$2 -> 0 | U10: =T10*M10*$U$2 -> 0 | V10: =SUM(O10+Q10)+S10+U10 -> 1315926
A11: =F11&G11&H11&I11 -> L009 | I11: L009 | J11: 그레이팅 하부보강용 설치, 1일 작업 | K11: 시중노임단가, 철공 | L11: 인 | M11: 1 | P11: 237480 | Q11: =M11*P11 -> 237480 | S11: =R11*M11*$S$2 -> 0 | U11: =T11*M11*$U$2 -> 0 | V11: =SUM(O11+Q11)+S11+U11 -> 237480
A12: =F12&G12&H12&I12 -> L002 | I12: L002 | J12: 신호수 ,1명*3일 작업 | K12: 시중노임단가, 보통인부 | L12: 인 | M12: 3 | O12: =SUM(N12:N12)*M12*$O$2 -> 0 | P12: 167081 | Q12: =M12*P12 -> 501243 | S12: =R12*M12*$S$2 -> 0 | U12: =T12*M12*$U$2 -> 0 | V12: =SUM(O12+Q12)+S12+U12 -> 501243
A13: 999999 | J13: 그레이팅 하부보강용 각관제작, 설치 | K13: 시중가. 건문업체 견적서 참조, 세금계산서 첨부 예정 | L13: 일 | M13: 1 | N13: 500000 | O13: =M13*N13 -> 500000 | Q13: =M13*P13 -> 0 | S13: =R13*M13*$S$2 -> 0 | U13: =T13*M13*$U$2 -> 0 | V13: =SUM(O13+Q13)+S13+U13 -> 500000
A14: 999999 | J14: 아스콘 다짐 콤팩트 렌탈 1일 | K14: 시중가. 세금계산서 첨부 예정 | L14: 일 | M14: 1 | N14: 70000 | O14: =M14*N14 -> 70000 | Q14: =M14*P14 -> 0 | S14: =R14*M14*$S$2 -> 0 | U14: =T14*M14*$U$2 -> 0 | V14: =SUM(O14+Q14)+S14+U14 -> 70000
O15: =SUM(O5:O14) -> 1127028.5 | Q15: =SUM(Q5:Q14) -> 2414033 | S15: =SUM(S5:S14) -> 0 | U15: =SUM(U5:U14) -> 0 | V15: =SUM(V5:V14) -> 3541061.5

Sheet upload
A1: 표준내역코드 | B1: 세부공종 | C1: 품명 | D1: 규격 | E1: 단위 | F1: 수량 | G1: 재료비단가 | H1: 재료비소계 | I1: 노무비단가 | J1: 노무비소계 | K1: 기계경비단가 | L1: 기계경비소계 | M1: 기타경비단가 | N1: 기타경비소계 | O1: 할증코드 | P1: 재료비할증율 | Q1: 노무비할증율 | R1: 할증내용
A2: 999999 | B2: 영선,건축 | C2: 아스콘 콤팩트 렌탈, 1일 | D2: 시중가. 세금계산서 첨부 예정 | E2: 대 | F2: 1 | G2: 70000
A3: 999999 | B3: 영선,건축 | C3: 그레이팅 하부보강용 각관제작, 설치 | D3: 시중가. 건문업체 견적서 참조, 세금계산서 첨부 예정 | E3: SET | F3: 1 | G3: 500000

Sheet 시중가 근거서류

Sheet Upload_PO
A1: 구분 | B1: 표준단가 | C1: 표준품셈 | D1: 물가정보 | E1: 노임단가 | F1: 수량 | H1: ★ 작성방법
A2: ='내역서(표준단가)'!A5 -> E00000801011510201 | B2: ='내역서(표준단가)'!F5 -> 0 | C2: ='내역서(표준단가)'!G5 -> E00000801011510201 | D2: ='내역서(표준단가)'!H5 -> 0 | E2: ='내역서(표준단가)'!I5 -> 0 | F2: ='내역서(표준단가)'!M5 -> 20
A3: ='내역서(표준단가)'!A6 -> M010550114750101 | B3: ='내역서(표준단가)'!F6 -> 0 | C3: ='내역서(표준단가)'!G6 -> 0 | D3: ='내역서(표준단가)'!H6 -> M010550114750101 | E3: ='내역서(표준단가)'!I6 -> 0 | F3: ='내역서(표준단가)'!M6 -> 10
A4: ='내역서(표준단가)'!A7 -> M01525GR10610101 | B4: ='내역서(표준단가)'!F7 -> 0 | C4: ='내역서(표준단가)'!G7 -> 0 | D4: ='내역서(표준단가)'!H7 -> M01525GR10610101 | E4: ='내역서(표준단가)'!I7 -> 0 | F4: ='내역서(표준단가)'!M7 -> 0.5
A5: ='내역서(표준단가)'!A8 -> M015333017540101 | B5: ='내역서(표준단가)'!F8 -> 0 | C5: ='내역서(표준단가)'!G8 -> 0 | D5: ='내역서(표준단가)'!H8 -> M015333017540101 | E5: ='내역서(표준단가)'!I8 -> 0 | F5: ='내역서(표준단가)'!M8 -> 14
A6: ='내역서(표준단가)'!A9 -> M020806810430101 | B6: ='내역서(표준단가)'!F9 -> 0 | C6: ='내역서(표준단가)'!G9 -> 0 | D6: ='내역서(표준단가)'!H9 -> M020806810430101 | E6: ='내역서(표준단가)'!I9 -> 0 | F6: ='내역서(표준단가)'!M9 -> 1
A7: ='내역서(표준단가)'!A10 -> L003 | B7: ='내역서(표준단가)'!F10 -> 0 | C7: ='내역서(표준단가)'!G10 -> 0 | D7: ='내역서(표준단가)'!H10 -> 0 | E7: ='내역서(표준단가)'!I10 -> L003 | F7: ='내역서(표준단가)'!M10 -> 6
A8: ='내역서(표준단가)'!A11 -> L009 | B8: ='내역서(표준단가)'!F11 -> 0 | C8: ='내역서(표준단가)'!G11 -> 0 | D8: ='내역서(표준단가)'!H11 -> 0 | E8: ='내역서(표준단가)'!I11 -> L009 | F8: ='내역서(표준단가)'!M11 -> 1
A9: ='내역서(표준단가)'!A12 -> L002 | B9: ='내역서(표준단가)'!F12 -> 0 | C9: ='내역서(표준단가)'!G12 -> 0 | D9: ='내역서(표준단가)'!H12 -> 0 | E9: ='내역서(표준단가)'!I12 -> L002 | F9: ='내역서(표준단가)'!M12 -> 3

Sheet 위치
