Workbook

Sheet PR당사안
A3: 見 積 書
A4: 수 신: LG에너지솔루션
B5: 대전 업무지원팀 / 김규환님 귀하
A7: 견 적 일 자 | D7: 2025 | E7: 년 | F7: 4 | G7: 월 | H7: 28 | I7: 일 | K7: 공 급 자 | L7: 등록번호 | M7: 707-86-02-404 | N7: 전 화 | O7: 02-6924-5539
A8: 견 적 담 당 | D8: 이종근 | H8: 파트너 | L8: 상 호 | M8: ㈜에스앤아이코퍼레이션 | N8: 대 표 | O8: 형원준
A9: 견적유효기간 | D9: 견적 제출 후 30일 까지 | L9: 주 소 | M9: 서울특별시 강서구 마곡중앙로150
A10: 납 기 | D10: 발주 후 개별 협의 | L10: 업 태 | M10: 부동산, 서비스 | N10: 종 목 | O10: 임대 및 관리
B13: 사택 7-303 방1-2 천장 도배 작업 | N13: 견적을 제출 합니다
B15: ="견 적 금 액 : 一金"&NUMBERSTRING(M32,1) & "원정""(\"& TEXT(M32,"#,###")&"원) [VAT 별도]" -> 견 적 금 액 : 一金삼십이만육천팔백원정"(\326,800원) [VAT 별도]
A17: NO | B17: 구 분 | H17: 수량 | I17: 단위 | J17: 금 액 | N17: 비 고
A18: 1 | B18: 재료비 | H18: 1 | I18: 식 | J18: =IFERROR(LOOKUP(2, 1/(TRIM('내역서(표준단가)'!O4:O100)<>""), '내역서(표준단가)'!O4:O100), "-") -> 21116.315
A19: 2 | B19: 노무비 | H19: 1 | I19: 식 | J19: =IFERROR(LOOKUP(2, 1/(TRIM('내역서(표준단가)'!Q4:Q100)<>""), '내역서(표준단가)'!Q4:Q100), "-") -> 231823.82
A20: 3 | B20: 경 비 | H20: 1 | I20: 식 | J20: =IFERROR(SUM(J21:M29),"-") -> 38175.264
C21: 기계 및 기타경비 | H21: 1 | I21: 식 | J21: =IFERROR(LOOKUP(2, 1/(TRIM('내역서(표준단가)'!S4:S100)<>""), '내역서(표준단가)'!S4:S100) + LOOKUP(2, 1/(TRIM('내역서(표준단가)'!U4:U100)<>""), '내역서(표준단가)'!U4:U100), "-") -> 0 | N21: 중장비 사용 등
C22: 안전관리비 | H22: 3.11 | I22: % | J22: =IFERROR((J18+J19)*H22%,"-") -> 7866.4383 | N22: (재료비+노무비)*3.11%
C23: 산재 보험료 | H23: 3.56 | I23: % | J23: =IFERROR(J19*H23%,"-") -> 8252.9281 | N23: 노무비*3.56%
C24: 고용보험료 | H24: 1.01 | I24: % | J24: =IFERROR(J19*H24%,"-") -> 2341.4206 | N24: 노무비*1.01%
C25: 국민건강 보험료 | H25: 3.545 | I25: % | J25: =IFERROR(J19*H25%,"-") -> 8218.1545 | N25: 노무비*3.545%
C26: 국민연금 보험료 | H26: 4.5 | I26: % | J26: =IFERROR(J19*H26%,"-") -> 10432.072 | N26: 노무비*4.5%
C27: 노인장기요양 보험료 | H27: 12.95 | I27: % | J27: =IFERROR($H$27*J25%,"-") -> 1064.251 | N27: 건강보험료*12.95%
C28: 하도급대금지급보증증권 | H28: 0.081 | I28: % | J28: =IFERROR(IF(SUM(J21:J27,J18:J19)>=10000000,SUM(J21:J27,J18:J19)*H28%,"-"),"-") -> - | N28: 1천만원 이상 공사시 적용
C29: 폐기물처리 부담금 | H29: 1 | I29: 식 | J29: =34*0 -> 0 | N29: 폐기물발생 시 적용 (kg당 34원)
A30: 4 | C30: 일반관리비 | H30: 5 | I30: % | J30: =IFERROR(IF(ISNUMBER(H30), SUM(J18:M20) * (H30 / 100), "-"), "-") -> 14555.77 | N30: (재료비 + 노무비 + 경비)*5%
A31: 5 | C31: 이 윤 | H31: 7.5 | I31: % | J31: =IFERROR(SUM(J18:M20, J30) * (H31 / 100), "-")+-1796 -> 21129.338 | N31: (재료비+노무비+경비+일반관리비)*7.5%
A32: 공사금액 | M32: =IFERROR(ROUNDDOWN(SUM(J18:M20)+J30+J31,0),"-") -> 326800
A33: *유첨 : 견적서 내역서 1부 ─ 끝 ─

Sheet 내역서(표준단가)
O1: ▼낙찰율 | Q1: ▼낙찰율 | S1: ▼낙찰율 | U1: ▼낙찰율
O2: 0.835 | Q2: 0.835 | S2: 0.835 | U2: 0.835
F3: ▶ 표준 Code(표준단가/품셈/물정/노임) 순서별 입력(Upload 자동반영) | J3: 주요내역 | L3: 단위 | M3: 수량 | N3: 재료비 | P3: 노무비 | R3: 기계경비 | T3: 기타경비(부자재비) | V3: 합계 | W3: 노무비 할증 | X3: 할증기준
A4: 합계 | F4: 표준단가 D | G4: 표준품셈 E | H4: 물가정보 M | I4: 노임단가 L | J4: 품목 | K4: 규격 | N4: 품셈/표단 | O4: 금액 | P4: 단가 | Q4: 금액 | R4: 단가 | S4: 금액 | T4: 단가 | U4: 금액
A5: =F5&G5&H5&I5 -> M020853710050101 | H5: M020853710050101 | J5: 아이리스 | K5: 합지벽지 1R/L=93㎝(고정)×17.75m=16.51㎡, 소요량20/16.51=1.21R/L | L5: R/L | M5: 1.21 | N5: 20900 | O5: =SUM(N5:N5)*M5*$O$2 -> 21116.315 | Q5: =(P5*M5)*$Q$2 -> 0 | S5: =R5*M5*$S$2 -> 0 | U5: =T5*M5*$U$2 -> 0 | V5: =SUM(O5+Q5)+S5+U5 -> 21116.315
A6: =F6&G6&H6&I6 -> E00000803071260301 | G6: E00000803071260301 | J6: 도배 교체(천장) | K6: 일당 시공량-천장 35㎡ 적산정보 500p 참조, 시공총량20/일당35=0.57 | L6: (일당) | M6: 0.57 | O6: =SUM(N6:N6)*M6*$O$2 -> 0 | P6: 487076 | Q6: =(P6*M6)*$Q$2 -> 231823.82 | S6: =R6*M6*$S$2 -> 0 | U6: =T6*M6*$U$2 -> 0 | V6: =SUM(O6+Q6)+S6+U6 -> 231823.82
O7: =SUM(O5:O6) -> 21116.315 | Q7: =SUM(Q5:Q6) -> 231823.82 | S7: =SUM(S5:S6) -> 0 | U7: =SUM(U5:U6) -> 0 | V7: =SUM(V5:V6) -> 252940.14

Sheet 상세내역
A1: 내 역 서
A2: 품 명 | B2: 규 격 | C2: 단위 | D2: 수 량 | E2: 재 료 비 | G2: 노 무 비 | I2: 기계경비 | K2: 기타경비(부자재비) | M2: 합 계 | O2: 비 고
E3: 단 가 | F3: 금 액 | G3: 단 가 | H3: 금 액 | K3: 단 가 | L3: 금 액 | M3: 단 가 | N3: 금 액
A4: 7-303 방1,2 천장 도배보수
A5: 1.도배 | B5: 거실 벽면 | C5: ㎡
B6: 거실 천정 | C6: ㎡
B7: 방A 벽면 | C7: ㎡
B8: 방A 천정 | C8: ㎡ | D8: =12-0.2 -> 11.8 | E8: 1057 | F8: =D8*E8 -> 12472.6 | G8: 11617.4 | H8: =D8*G8 -> 137085.32 | N8: =F8+H8+J8+L8 -> 149557.92
B9: 방B 벽면 | C9: ㎡
B10: 방B 천정 | C10: ㎡ | D10: =12-3.9 -> 8.1 | E10: 1057 | F10: =D10*E10 -> 8561.7 | G10: 11617.4 | H10: =D10*G10 -> 94100.94 | N10: =F10+H10+J10+L10 -> 102662.64
A11: 소 계 | D11: =SUM(D5:D10) -> 19.9 | F11: =SUM(F5:F10) -> 21034.3 | H11: =SUM(H5:H10) -> 231186.26 | J11: =SUM(J5:J10) -> 0 | L11: =SUM(L5:L10) -> 0 | N11: =SUM(N5:N10) -> 252220.56
A12: 2.바닥재 | B12: 거실 바닥 | C12: ㎡
B13: 방A 바닥 | C13: ㎡
B14: 방B 바닥 | C14: ㎡
A15: 소 계 | D15: =SUM(D12:D14) -> 0 | F15: =SUM(F12:F14) -> 0 | H15: =SUM(H12:H14) -> 0 | J15: =SUM(J12:J14) -> 0 | L15: =SUM(L12:L14) -> 0 | N15: =SUM(N12:N14) -> 0
A16: 3.도장
A17: 수성페인트 | B17: KSM-6010 내부용, 2급, 백색 | C17: 18ℓ
A18: 베란다 수성페인트(전면) | B18: 석고보드면 바탕만들기(줄퍼티) | C18: ㎡
B19: 붓칠,내벽 | C19: ㎡
A20: 베란다 수성페인트(후면) | B20: 석고보드면 바탕만들기(줄퍼티) | C20: ㎡
B21: 붓칠,내벽 | C21: ㎡
A22: 조합페인트 | B22: 백색 무광 | C22: 18ℓ
A23: 내부(문,틀,몰딩,기타) | B23: 철재면 청소(휘발유사용) | C23: ㎡
B24: 유성페인트 롤러칠(석고보드면) | C24: ㎡
A25: 방화도어 내부 | B25: 철재면 청소(휘발유사용) | C25: ㎡
B26: 유성페인트 롤러칠(철재면) | C26: ㎡
A27: 소 계 | F27: =SUM(F16:F26) -> 0 | H27: =SUM(H16:H26) -> 0 | J27: =SUM(J16:J26) -> 0 | L27: =SUM(L16:L26) -> 0 | N27: =SUM(N16:N26) -> 0
A28: 4.청소 | B28: 준공청소(특별인부) | C28: ㎡
A29: 소 계 | H29: =SUM(H28:H28) -> 0 | J29: =SUM(J28:J28) -> 0 | L29: =SUM(L28:L28) -> 0 | N29: =SUM(N28:N28) -> 0
A30: 합 계 | F30: =F11+F15+F27+F29 -> 21034.3 | H30: =H11+H15+H27+H29 -> 231186.26 | J30: =J11+J15+J27+J29 -> 0 | L30: =L11+L15+L27+L29 -> 0 | N30: =N11+N15+N27+N29 -> 252220.56

Sheet Upload
A1: 구분 | B1: 표준단가 | C1: 표준품셈 | D1: 물가정보 | E1: 노임단가 | F1: 수량
A2: ='내역서(표준단가)'!A5 -> M020853710050101 | B2: ='내역서(표준단가)'!F5 -> 0 | C2: ='내역서(표준단가)'!G5 -> 0 | D2: ='내역서(표준단가)'!H5 -> M020853710050101 | E2: ='내역서(표준단가)'!I5 -> 0 | F2: ='내역서(표준단가)'!M5 -> 1.21
A3: ='내역서(표준단가)'!A6 -> E00000803071260301 | B3: ='내역서(표준단가)'!F6 -> 0 | C3: ='내역서(표준단가)'!G6 -> E00000803071260301 | D3: ='내역서(표준단가)'!H6 -> 0 | E3: ='내역서(표준단가)'!I6 -> 0 | F3: ='내역서(표준단가)'!M6 -> 0.57

Sheet 1,2,7동 도면
