Workbook

Sheet 갑지
A2: 견 적 서
A5: 수신인 : 주식회사 에스엔아이 코퍼레이션 | F5: 등록번호 | G5: 314-86-35718
F6: 상 호 | G6: ㈜일성건축
A7: 공사명 : 사택 103-406 단열작업(작은방, 열반사+이보드) | F7: 대표 이사 | G7: 상 석 희
F8: 사업장 | G8: 대전 서구 도마6길 107 (도마동)
A9: 견적일 : 2025년 01월 25일 | F9: 업 태 | G9: 건설업
F10: 종 목 | G10: 실내건축,인테리어공사
F11: TEL, FAX | G11: 042)527-0995, 042)527-0996
A12: 금액: | B12: =NUMBERSTRING(F31,1) -> 일백삼십칠만사천 | D12: 원정
A14: NO | B14: 품명 | C14: 규격 | D14: 수량 | E14: 단위 | F14: 금액 | G14: 비고
B15: 직접비
B16: 재료비 | F16: ='내역서(표준단가)'!O13 -> 242644.32
B17: 노무비 | F17: ='내역서(표준단가)'!Q13 -> 922804.96
B18: 기계/기타경비 | F18: ='내역서(표준단가)'!S13+'내역서(표준단가)'!U13 -> 0
B19: 소계 | F19: =F16+F17+F18 -> 1165449.3
B20: 간접비
B21: 국민연금 | C21: 노무비*4.5% | D21: 1 | E21: 식 | F21: =F17*4.5% -> 41526.223 | G21: 모든공사에 적용
B22: 건강보험료 | C22: 노무비*3.545% | D22: 1 | E22: 식 | F22: =F17*3.545% -> 32713.436 | G22: 모든공사에 적용
B23: 장기요양보험료 | C23: 건강보험료*12.95% | D23: 1 | E23: 식 | F23: =F22*12.95% -> 4236.3899 | G23: 모든공사에 적용
B24: 고용보험료 | C24: 노무비*1.01% | D24: 1 | E24: 식 | F24: =F17*1.01% -> 9320.3301 | G24: 모든공사에 적용
B25: 산재보험료 | C25: 노무비*3.56% | D25: 1 | E25: 식 | F25: =F17*3.56% -> 32851.857 | G25: 모든공사에 적용
B26: 산업안전보건관리비 | C26: (재료비+노무비)*2.93% | D26: 1 | E26: 식 | F26: =(F16+F17)*2.93% -> 34147.664 | G26: 모든공사에 적용
B27: 일반관리비/이윤 | C27: (노무비+간접공사비)*5% | D27: 1 | E27: 식 | F27: =SUM(F17+F21+F22+F23+F24+F25+F26)*5% -> 53880.043
B28: 소계 | F28: =F21+F22+F23+F24+F25+F26+F27 -> 208675.94
F30: =F19+F28+F29 -> 1374125.2
B31: 합계(단수조정) | F31: =ROUNDDOWN(F30,-3) -> 1374000
B32: VAT별도

Sheet 내역서(표준단가)
O1: ▼낙찰율 | Q1: ▼낙찰율 | S1: ▼낙찰율 | U1: ▼낙찰율
O2: 0.835 | Q2: 0.835 | S2: 0.835 | U2: 0.835
F3: ▶ 표준 Code(표준단가/품셈/물정/노임) 순서별 입력(Upload 자동반영) | J3: 주요내역 | L3: 단위 | M3: 수량 | N3: 재료비 | P3: 노무비 | R3: 기계경비 | T3: 기타경비(부자재비) | V3: 합계 | W3: 노무비 할증 | X3: 할증기준
A4: 합계 | F4: 표준단가 D | G4: 표준품셈 E | H4: 물가정보 M | I4: 노임단가 L | J4: 품목 | K4: 규격 | N4: 품셈/표단 | O4: 금액 | P4: 단가 | Q4: 금액 | R4: 단가 | S4: 금액 | T4: 단가 | U4: 금액
A5: =F5&G5&H5&I5 -> L003 | I5: L003 | J5: 철거 및 보양 청소, 폐기물 포함, | K5: 특별인부 | L5: 인 | M5: 1 | O5: =SUM(N5:N5)*M5*$O$2 -> 0 | P5: 208527 | Q5: =M5*P5 -> 208527 | S5: =R5*M5*$S$2 -> 0 | U5: =T5*M5*$U$2 -> 0 | V5: =SUM(O5+Q5)+S5+U5 -> 208527
A6: =F6&G6&H6&I6 -> L002 | I6: L002 | J6: 철거 및 보양 청소, 폐기물 포함, | K6: 보통인부 | L6: 인 | M6: 0.5 | O6: =SUM(N6:N6)*M6*$O$2 -> 0 | P6: 161858 | Q6: =M6*P6 -> 80929 | S6: =R6*M6*$S$2 -> 0 | U6: =T6*M6*$U$2 -> 0 | V6: =SUM(O6+Q6)+S6+U6 -> 80929
A7: =F7&G7&H7&I7 -> M011902400300101 | H7: M011902400300101 | J7: 태화론 TW-06(단면) | K7: 6㎜×1M×50M 건축용단열재, | L7: ㎡ | M7: 16 | N7: 5900 | O7: =SUM(N7:N7)*M7*$O$2 -> 78824 | Q7: =(P7*M7)*$Q$2 -> 0 | S7: =R7*M7*$S$2 -> 0 | U7: =T7*M7*$U$2 -> 0 | V7: =SUM(O7+Q7)+S7+U7 -> 78824
A8: =F8&G8&H8&I8 -> D02620 | F8: D02620 | J8: 제 2호표 석고판(나사고정) 설치 | K8: 바탕용 2겹 붙임 | L8: ㎡ | M8: 32 | N8: 125 | O8: =SUM(N8:N8)*M8*$O$2 -> 3340 | P8: 14590 | Q8: =(P8*M8)*$Q$2 -> 389844.8 | S8: =R8*M8*$S$2 -> 0 | U8: =T8*M8*$U$2 -> 0 | V8: =SUM(O8+Q8)+S8+U8 -> 393184.8
A9: =F9&G9&H9&I9 -> D02639 | F9: D02639 | J9: 제 2호표 걸레받이 설치 | K9: 합성수지류 | L9: m | M9: 12 | N9: 2966 | O9: =SUM(N9:N9)*M9*$O$2 -> 29719.32 | P9: 3158 | Q9: =(P9*M9)*$Q$2 -> 31643.16 | S9: =R9*M9*$S$2 -> 0 | U9: =T9*M9*$U$2 -> 0 | V9: =SUM(O9+Q9)+S9+U9 -> 61362.48
A10: =F10&G10&H10&I10 -> M011902401200101 | H10: M011902401200101 | J10: 태화론 TW-10(양면-점착) | K10: 10㎜×1M×25M 건축용단열재, | L10: ㎡ | M10: 16 | N10: 8000 | O10: =SUM(N10:N10)*M10*$O$2 -> 106880 | Q10: =(P10*M10)*$Q$2 -> 0 | S10: =R10*M10*$S$2 -> 0 | U10: =T10*M10*$U$2 -> 0 | V10: =SUM(O10+Q10)+S10+U10 -> 106880
A11: =F11&G11&H11&I11 -> L031 | I11: L031 | J11: 도배 노무비, 최소 인건비 적용 | K11: 시중노임단가 | L11: 인 | M11: 1 | O11: =SUM(N11:N11)*M11*$O$2 -> 0 | P11: 211861 | Q11: =M11*P11 -> 211861 | S11: =R11*M11*$S$2 -> 0 | U11: =T11*M11*$U$2 -> 0 | V11: =SUM(O11+Q11)+S11+U11 -> 211861
J12: ="시중가_"&K12&")" -> 시중가_합지벽지(LG하우시스 휘앙세)) | K12: 합지벽지(LG하우시스 휘앙세) | L12: ㎡ | M12: 22 | N12: 1300 | O12: =SUM(N12:N12)*M12*$O$2 -> 23881 | Q12: =(P12*M12)*$Q$2 -> 0 | S12: =R12*M12*$S$2 -> 0 | U12: =T12*M12*$U$2 -> 0 | V12: =SUM(O12+Q12)+S12+U12 -> 23881
O13: =SUM(O5:O12) -> 242644.32 | Q13: =SUM(Q5:Q12) -> 922804.96 | S13: =SUM(S5:S12) -> 0 | U13: =SUM(U5:U12) -> 0 | V13: =SUM(V5:V12) -> 1165449.3

Sheet 상세내역
A1: 내 역 서
A2: 품 명 | B2: 규 격 | C2: 단위 | D2: 수 량 | E2: 재 료 비 | G2: 노 무 비 | I2: 기계경비 | K2: 기타경비 | M2: 합 계
E3: 단 가 | F3: 금 액 | G3: 단 가 | H3: 금 액 | I3: 단 가 | J3: 금 액 | K3: 단 가 | L3: 금 액 | M3: 단 가 | N3: 금 액
A4: 사택 103-406 단열작업(작은방, 열반사+이보드) | N4: =F4+H4+J4+L4 -> 0
A5: 1.가구이동 재배치 | B5: 철거 및 보양, 폐기물 포함, 특별인부 | C5: 인 | D5: 1 | F5: =D5*E5 -> 0 | G5: 208527 | H5: =D5*G5 -> 208527 | N5: =F5+H5+J5+L5 -> 208527
B6: 철거 및 보양, 폐기물 포함, 보통인부 | C6: 인 | D6: 0.5 | G6: 161858 | H6: =D6*G6 -> 80929 | N6: =F6+H6+J6+L6 -> 80929
A7: 2.작은방 단열 | B7: 3.15+2.9+0.3=6.35, 6.35*2.4=15.24
A8: 열반사 단열재 | B8: 단면접착, 6*1000*1000 | C8: M2 | D8: 16 | E8: 4927 | F8: =D8*E8 -> 78832 | N8: =F8+H8+J8+L8 -> 78832
A9: 이보드 | B9: 이보드13t*2700*h:2400 | C9: M2 | D9: 16 | E9: 6680 | F9: =D9*E9 -> 106880 | H9: =D9*G9 -> 0 | N9: =F9+H9+J9+L9 -> 106880
A10: 석고판 나사고정 | B10: 바탕용*2겹 | C10: M2 | D10: 32 | E10: 104 | F10: =D10*E10 -> 3328 | G10: 12183 | H10: =D10*G10 -> 389856 | N10: =F10+H10+J10+L10 -> 393184
A11: 조이너 및 몰딩 | B11: 몰딩 | C11: m | D11: 12 | E11: 2477 | F11: =D11*E11 -> 29724 | G11: 2637 | H11: =D11*G11 -> 31644 | N11: =F11+H11+J11+L11 -> 61368
A12: 도배 | B12: 벽면(3.15+2.9+3.15)*h:2.4=22 | C12: ㎡ | D12: 22 | E12: 1086 | F12: =D12*E12 -> 23892 | H12: =D12*G12 -> 0 | N12: =F12+H12+J12+L12 -> 23892
B13: 도배 노무비, 최소 인건비 적용 | C13: 인 | D13: 1 | F13: =D13*E13 -> 0 | G13: 211861 | H13: =D13*G13 -> 211861 | N13: =F13+H13+J13+L13 -> 211861
A14: 합 계 | F14: =SUM(F5:F13) -> 242656 | H14: =SUM(H5:H13) -> 922817 | J14: =SUM(J5:J13) -> 0 | L14: =SUM(L5:L13) -> 0 | N14: =F14+H14+J14+L14 -> 1165473

Sheet 시중가 근거서류
A18: ■ 벽지 자재비 근거서류(999999)
A19: 코드 | B19: 품목 | C19: 규격 | D19: 단가(m2) | E19: 적용기준
A20: 999999 | B20: 벽지(LG 휘앙세) | C20: 장폭합지 | D20: 1300 | E20: 물가자료 2023.11

Sheet Upload
A1: 표준내역코드 | B1: 세부공종 | C1: 품명 | D1: 규격 | E1: 단위 | F1: 수량 | G1: 재료비단가 | H1: 재료비소계 | I1: 노무비단가 | J1: 노무비소계 | K1: 기계경비단가 | L1: 기계경비소계 | M1: 기타경비단가 | N1: 기타경비소계 | O1: 할증코드 | P1: 재료비할증율 | Q1: 노무비할증율 | R1: 할증내용
A2: 999999 | B2: 영선,건축 | C2: 합지벽지, 23년 11월 물가자료 | D2: LX하우시스, 휘앙세 93*17.75, M2당 | E2: ㎡ | F2: 22 | G2: 1086

Sheet Upload-sss
A1: 구분 | B1: 표준단가 | C1: 표준품셈 | D1: 물가정보 | E1: 노임단가 | F1: 수량
A2: ='내역서(표준단가)'!A5 -> L003 | B2: ='내역서(표준단가)'!F5 -> 0 | C2: ='내역서(표준단가)'!G5 -> 0 | D2: ='내역서(표준단가)'!H5 -> 0 | E2: ='내역서(표준단가)'!I5 -> L003 | F2: ='내역서(표준단가)'!M5 -> 1
A3: ='내역서(표준단가)'!A6 -> L002 | B3: ='내역서(표준단가)'!F6 -> 0 | C3: ='내역서(표준단가)'!G6 -> 0 | D3: ='내역서(표준단가)'!H6 -> 0 | E3: ='내역서(표준단가)'!I6 -> L002 | F3: ='내역서(표준단가)'!M6 -> 0.5
A4: ='내역서(표준단가)'!A7 -> M011902400300101 | B4: ='내역서(표준단가)'!F7 -> 0 | C4: ='내역서(표준단가)'!G7 -> 0 | D4: ='내역서(표준단가)'!H7 -> M011902400300101 | E4: ='내역서(표준단가)'!I7 -> 0 | F4: ='내역서(표준단가)'!M7 -> 16
A5: ='내역서(표준단가)'!A8 -> D02620 | B5: ='내역서(표준단가)'!F8 -> D02620 | C5: ='내역서(표준단가)'!G8 -> 0 | D5: ='내역서(표준단가)'!H8 -> 0 | E5: ='내역서(표준단가)'!I8 -> 0 | F5: ='내역서(표준단가)'!M8 -> 32
A6: ='내역서(표준단가)'!A9 -> D02639 | B6: ='내역서(표준단가)'!F9 -> D02639 | C6: ='내역서(표준단가)'!G9 -> 0 | D6: ='내역서(표준단가)'!H9 -> 0 | E6: ='내역서(표준단가)'!I9 -> 0 | F6: ='내역서(표준단가)'!M9 -> 12
A7: ='내역서(표준단가)'!A10 -> M011902401200101 | B7: ='내역서(표준단가)'!F10 -> 0 | C7: ='내역서(표준단가)'!G10 -> 0 | D7: ='내역서(표준단가)'!H10 -> M011902401200101 | E7: ='내역서(표준단가)'!I10 -> 0 | F7: ='내역서(표준단가)'!M10 -> 16
A8: ='내역서(표준단가)'!A11 -> L031 | B8: ='내역서(표준단가)'!F11 -> 0 | C8: ='내역서(표준단가)'!G11 -> 0 | D8: ='내역서(표준단가)'!H11 -> 0 | E8: ='내역서(표준단가)'!I11 -> L031 | F8: ='내역서(표준단가)'!M11 -> 1
