Workbook

Sheet PR당사안
A3: 見 積 書
A4: 수 신: LG에너지솔루션
B5: 대전 업무지원팀 / 김규환님 귀하
A7: 견 적 일 자 | D7: 2026 | E7: 년 | F7: 1 | G7: 월 | H7: 17 | I7: 일 | K7: 공 급 자 | L7: 등록번호 | M7: 707-86-02-404 | N7: 전 화 | O7: 02-6924-5539
A8: 견 적 담 당 | D8: 이종근 | H8: 파트너 | L8: 상 호 | M8: ㈜에스앤아이코퍼레이션 | N8: 대 표 | O8: 서 현
A9: 견적유효기간 | D9: 견적 제출 후 30일 까지 | L9: 주 소 | M9: 서울특별시 강서구 마곡중앙로150
A10: 납 기 | D10: 발주 후 개별 협의 | L10: 업 태 | M10: 부동산, 서비스 | N10: 종 목 | O10: 임대 및 관리
B13: 사택 103-103 단열작업 | N13: 견적을 제출 합니다
B15: ="견 적 금 액 : 一金"&NUMBERSTRING(M32,1) & "원정""(\"& TEXT(M32,"#,###")&"원) [VAT 별도]" -> 견 적 금 액 : 一金일백사십칠만칠천오십원정"(\1,477,050원) [VAT 별도]
A17: NO | B17: 구 분 | H17: 수량 | I17: 단위 | J17: 금 액 | N17: 비 고
A18: 1 | B18: 재료비 | H18: 1 | I18: 식 | J18: =IFERROR(LOOKUP(2, 1/(TRIM('내역서(표준단가)'!O4:O100)<>""), '내역서(표준단가)'!O4:O100), "-") -> 325950.6
A19: 2 | B19: 노무비 | H19: 1 | I19: 식 | J19: =IFERROR(LOOKUP(2, 1/(TRIM('내역서(표준단가)'!Q4:Q100)<>""), '내역서(표준단가)'!Q4:Q100), "-") -> 850484.39
A20: 3 | B20: 경 비 | H20: 1 | I20: 식 | J20: =IFERROR(SUM(J21:M29),"-") -> 147780.12
C21: 기계 및 기타경비 | H21: 1 | I21: 식 | J21: =IFERROR(LOOKUP(2, 1/(TRIM('내역서(표준단가)'!S4:S100)<>""), '내역서(표준단가)'!S4:S100) + LOOKUP(2, 1/(TRIM('내역서(표준단가)'!U4:U100)<>""), '내역서(표준단가)'!U4:U100), "-") -> 0 | N21: 중장비 사용 등
C22: 안전관리비 | H22: 3.11 | I22: % | J22: =IFERROR((J18+J19)*H22%,"-") -> 36587.128 | N22: (재료비+노무비)*3.11%
C23: 산재 보험료 | H23: 3.56 | I23: % | J23: =IFERROR(J19*H23%,"-") -> 30277.244 | N23: 노무비*3.56%
C24: 고용보험료 | H24: 1.01 | I24: % | J24: =IFERROR(J19*H24%,"-") -> 8589.8923 | N24: 노무비*1.01%
C25: 국민건강 보험료 | H25: 3.545 | I25: % | J25: =IFERROR(J19*H25%,"-") -> 30149.671 | N25: 노무비*3.545%
C26: 국민연금 보험료 | H26: 4.5 | I26: % | J26: =IFERROR(J19*H26%,"-") -> 38271.797 | N26: 노무비*4.5%
C27: 노인장기요양 보험료 | H27: 12.95 | I27: % | J27: =IFERROR($H$27*J25%,"-") -> 3904.3825 | N27: 건강보험료*12.95%
C28: 하도급대금지급보증증권 | H28: 0.081 | I28: % | J28: =IFERROR(IF(SUM(J21:J27,J18:J19)>=10000000,SUM(J21:J27,J18:J19)*H28%,"-"),"-") -> - | N28: 1천만원 이상 공사시 적용
C29: 폐기물처리 부담금 | H29: 1 | I29: 식 | J29: =34*0 -> 0 | N29: 폐기물발생 시 적용 (kg당 34원)
A30: 4 | C30: 일반관리비 | H30: 5 | I30: % | J30: =IFERROR(IF(ISNUMBER(H30), SUM(J18:M20) * (H30 / 100), "-"), "-") -> 66210.755 | N30: (재료비 + 노무비 + 경비)*5%
A31: 5 | C31: 이 윤 | H31: 7.5 | I31: % | J31: =IFERROR(SUM(J18:M20, J30) * (H31 / 100), "-")+-17657 -> 86624.939 | N31: (재료비+노무비+경비+일반관리비)*7.5%
A32: 공사금액 | M32: =IFERROR(ROUNDDOWN(SUM(J18:M20)+J30+J31,0),"-") -> 1477050
A33: *유첨 : 견적서 내역서 1부 ─ 끝 ─

Sheet 내역서(표준단가)
O1: ▼낙찰율 | Q1: ▼낙찰율 | S1: ▼낙찰율 | U1: ▼낙찰율
O2: 0.835 | Q2: 0.835 | S2: 0.835 | U2: 0.835
F3: ▶ 표준 Code(표준단가/품셈/물정/노임) 순서별 입력(Upload 자동반영) | J3: 주요내역 | L3: 단위 | M3: 수량 | N3: 재료비 | P3: 노무비 | R3: 기계경비 | T3: 기타경비(부자재비) | V3: 합계 | W3: 노무비 할증 | X3: 할증기준
E4: 합계 | F4: 표준단가 D | G4: 표준품셈 E | H4: 물가정보 M | I4: 노임단가 L | J4: 품목 | K4: 규격 | N4: 품셈/표단 | O4: 금액 | P4: 단가 | Q4: 금액 | R4: 단가 | S4: 금액 | T4: 단가 | U4: 금액
E5: =F5&G5&H5&I5 -> E00000801011510201 | G5: E00000801011510201 | J5: 건출물 현장정리 | K5: 철근콘크리트조·철골·철근콘크리트조 | L5: (연면적 ㎡ 당) | M5: 8 | O5: =SUM(N5:N5)*M5*$O$2 -> 0 | P5: 21520 | Q5: =(P5*M5)*$Q$2 -> 143753.6 | S5: =R5*M5*$S$2 -> 0 | U5: =T5*M5*$U$2 -> 0 | V5: =SUM(O5+Q5)+S5+U5 -> 143753.6
E6: =F6&G6&H6&I6 -> M020750510120102 | H6: M020750510120102 | J6: 에너폴(태화론 TW-06, 6㎜×1M×50M단면-점착 대체) | K6: 900 X 1800X40, 3호(비중0.020) | L6: 매 | M6: 18 | N6: 6400 | O6: =SUM(N6:N6)*M6*$O$2 -> 96192 | Q6: =(P6*M6)*$Q$2 -> 0 | S6: =R6*M6*$S$2 -> 0 | U6: =T6*M6*$U$2 -> 0 | V6: =SUM(O6+Q6)+S6+U6 -> 96192
E7: =F7&G7&H7&I7 -> E00000803066520103 | G7: E00000803066520103 | J7: 석고판 설치(나사 고정) | K7: 바탕용(2겹) (시공량 : 30㎡),시공총량36/일당30=1.2 | L7: (일당) | M7: 1.2 | O7: =SUM(N7:N7)*M7*$O$2 -> 0 | P7: 652621 | Q7: =(P7*M7)*$Q$2 -> 653926.24 | S7: =R7*M7*$S$2 -> 0 | U7: =T7*M7*$U$2 -> 0 | V7: =SUM(O7+Q7)+S7+U7 -> 653926.24
E8: =F8&G8&H8&I8 -> M020531910380101 | H8: M020531910380101 | J8: 연질/러버베이스 적용 (합성수지류,걸레받이 대체) | K8: 100h, 2.5t | L8: m | M8: 16 | N8: 3510 | O8: =SUM(N8:N8)*M8*$O$2 -> 46893.6 | Q8: =(P8*M8)*$Q$2 -> 0 | S8: =R8*M8*$S$2 -> 0 | U8: =T8*M8*$U$2 -> 0 | V8: =SUM(O8+Q8)+S8+U8 -> 46893.6
E9: =F9&G9&H9&I9 -> E00000803066520502 | G9: E00000803066520502 | J9: 걸레받이 설치, 종합적산정보 389p | K9: 중밀도섬유판(시공량 : 165m), 설치수량m, 16/165=0.0969 | L9: (일당) | M9: 0.0969 | O9: =SUM(N9:N9)*M9*$O$2 -> 0 | P9: 652621 | Q9: =(P9*M9)*$Q$2 -> 52804.544 | S9: =R9*M9*$S$2 -> 0 | U9: =T9*M9*$U$2 -> 0 | V9: =SUM(O9+Q9)+S9+U9 -> 52804.544
E10: =F10&G10&H10&I10 -> M020750510130102 | H10: M020750510130102 | J10: 에너폴(이보드, 1000*1000*13T, 대체) | K10: 900 X 1800X50, 3호(비중0.020) | L10: 매 | M10: 18 | N10: 8000 | O10: =SUM(N10:N10)*M10*$O$2 -> 120240 | Q10: =(P10*M10)*$Q$2 -> 0 | S10: =R10*M10*$S$2 -> 0 | U10: =T10*M10*$U$2 -> 0 | V10: =SUM(O10+Q10)+S10+U10 -> 120240
E11: =F11&G11&H11&I11 -> M020806810430101 | H11: M020806810430101 | J11: 산업폐기물처리비=내부창호폐기물 적용(1세대) | K11: STEEL CONCORE PANEL 기준, (소운반비별도), 적용 | L11: TON | M11: 0.5 | N11: 150000 | O11: =SUM(N11:N11)*M11*$O$2 -> 62625 | U11: =T11*M11*$U$2 -> 0 | V11: =SUM(O11+Q11)+S11+U11 -> 62625
O12: =SUM(O5:O11) -> 325950.6 | Q12: =SUM(Q5:Q11) -> 850484.39 | S12: =SUM(S5:S11) -> 0 | U12: =SUM(U5:U11) -> 0 | V12: =SUM(V5:V11) -> 1176435

Sheet 상세내역
A1: 내 역 서
A2: 품 명 | B2: 규 격 | C2: 단위 | D2: 수 량 | E2: 재 료 비 | G2: 노 무 비 | I2: 기계경비 | K2: 기타경비 | M2: 합 계
E3: 단 가 | F3: 금 액 | G3: 단 가 | H3: 금 액 | I3: 단 가 | J3: 금 액 | K3: 단 가 | L3: 금 액 | M3: 단 가 | N3: 금 액
A4: 공사명 : 사택 103-103 단열작업(안방,작은방1,2- 열반사+이보드) | N4: =F4+H4+J4+L4 -> 0
A5: 1.건축물 현장정리 | B5: 기존 단열재 철거 포함 | C5: ㎡ | D5: 8 | F5: =D5*E5 -> 0 | G5: 17969 | H5: =D5*G5 -> 143752 | N5: =F5+H5+J5+L5 -> 143752 | O5: =D5 -> 8
A6: 2.작은방1 | B6: (전체면적 3.4*h:2.5)=8.5 | F6: =D6*E6 -> 0 | N6: =F6+H6+J6+L6 -> 0
A7: 열반사 단열재 | B7: 단면접착, 6*1000*1000 | C7: M2 | D7: 9 | E7: 5344 | F7: =D7*E7 -> 48096 | N7: =F7+H7+J7+L7 -> 48096 | O7: =D7+D12 -> 18
A8: 이보드 | B8: 이보드13t*2700*h:2400 | C8: M2 | D8: 9 | E8: 6680 | F8: =D8*E8 -> 60120 | H8: =D8*G8 -> 0 | N8: =F8+H8+J8+L8 -> 60120 | O8: =D8+D13 -> 18
A9: 석고판 나사고정 | B9: 바탕용*2겹 | C9: M2 | D9: 18 | F9: =D9*E9 -> 0 | G9: 18165 | H9: =D9*G9 -> 326970 | N9: =F9+H9+J9+L9 -> 326970 | O9: =D9+D14 -> 36
A10: 조이너 및 몰딩 | B10: 몰딩 | C10: m | D10: 8 | E10: 2931 | F10: =D10*E10 -> 23448 | G10: 3302 | H10: =D10*G10 -> 26416 | N10: =F10+H10+J10+L10 -> 49864 | O10: =D10+D15 -> 16
A11: 3.작은방2 | B11: (전체면적 3.4*h:2.5)=8.5 | F11: =D11*E11 -> 0 | N11: =F11+H11+J11+L11 -> 0
A12: 열반사 단열재 | B12: 단면접착, 6*1000*1000 | C12: M2 | D12: 9 | E12: 5344 | F12: =D12*E12 -> 48096 | N12: =F12+H12+J12+L12 -> 48096
A13: 이보드 | B13: 이보드13t*2700*h:2400 | C13: M2 | D13: 9 | E13: 6680 | F13: =D13*E13 -> 60120 | H13: =D13*G13 -> 0 | N13: =F13+H13+J13+L13 -> 60120
A14: 석고판 나사고정 | B14: 바탕용*2겹 | C14: M2 | D14: 18 | F14: =D14*E14 -> 0 | G14: 18165 | H14: =D14*G14 -> 326970 | N14: =F14+H14+J14+L14 -> 326970
A15: 조이너 및 몰딩 | B15: 몰딩 | C15: m | D15: 8 | E15: 2931 | F15: =D15*E15 -> 23448 | G15: 3302 | H15: =D15*G15 -> 26416 | N15: =F15+H15+J15+L15 -> 49864
A16: 4.폐기물 처리 | B16: 혼합건설 폐기물, 운반비 포함 | C16: TON | D16: 0.5 | E16: 125250 | F16: =D16*E16 -> 62625 | J16: =D16*I16 -> 0 | N16: =F16+H16+J16+L16 -> 62625 | O16: =D16 -> 0.5
A17: 합 계 | F17: =SUM(F5:F16) -> 325953 | H17: =SUM(H5:H16) -> 850524 | J17: =SUM(J5:J16) -> 0 | L17: =SUM(L5:L16) -> 0 | N17: =SUM(N5:N16) -> 1176477

Sheet Upload
A1: 구분 | B1: 표준단가 | C1: 표준품셈 | D1: 물가정보 | E1: 노임단가 | F1: 수량
A2: ='내역서(표준단가)'!E5 -> E00000801011510201 | B2: ='내역서(표준단가)'!F5 -> 0 | C2: ='내역서(표준단가)'!G5 -> E00000801011510201 | D2: ='내역서(표준단가)'!H5 -> 0 | E2: ='내역서(표준단가)'!I5 -> 0 | F2: ='내역서(표준단가)'!M5 -> 8
A3: ='내역서(표준단가)'!E6 -> M020750510120102 | B3: ='내역서(표준단가)'!F6 -> 0 | C3: ='내역서(표준단가)'!G6 -> 0 | D3: ='내역서(표준단가)'!H6 -> M020750510120102 | E3: ='내역서(표준단가)'!I6 -> 0 | F3: ='내역서(표준단가)'!M6 -> 18
A4: ='내역서(표준단가)'!E7 -> E00000803066520103 | B4: ='내역서(표준단가)'!F7 -> 0 | C4: ='내역서(표준단가)'!G7 -> E00000803066520103 | D4: ='내역서(표준단가)'!H7 -> 0 | E4: ='내역서(표준단가)'!I7 -> 0 | F4: ='내역서(표준단가)'!M7 -> 1.2
A5: ='내역서(표준단가)'!E8 -> M020531910380101 | B5: ='내역서(표준단가)'!F8 -> 0 | C5: ='내역서(표준단가)'!G8 -> 0 | D5: ='내역서(표준단가)'!H8 -> M020531910380101 | E5: ='내역서(표준단가)'!I8 -> 0 | F5: ='내역서(표준단가)'!M8 -> 16
A6: ='내역서(표준단가)'!E9 -> E00000803066520502 | B6: ='내역서(표준단가)'!F9 -> 0 | C6: ='내역서(표준단가)'!G9 -> E00000803066520502 | D6: ='내역서(표준단가)'!H9 -> 0 | E6: ='내역서(표준단가)'!I9 -> 0 | F6: ='내역서(표준단가)'!M9 -> 0.0969
A7: ='내역서(표준단가)'!E10 -> M020750510130102 | B7: ='내역서(표준단가)'!F10 -> 0 | C7: ='내역서(표준단가)'!G10 -> 0 | D7: ='내역서(표준단가)'!H10 -> M020750510130102 | E7: ='내역서(표준단가)'!I10 -> 0 | F7: ='내역서(표준단가)'!M10 -> 18
A8: ='내역서(표준단가)'!E11 -> M020806810430101 | B8: ='내역서(표준단가)'!F11 -> 0 | C8: ='내역서(표준단가)'!G11 -> 0 | D8: ='내역서(표준단가)'!H11 -> M020806810430101 | E8: ='내역서(표준단가)'!I11 -> 0 | F8: ='내역서(표준단가)'!M11 -> 0.5
