Workbook

Sheet 갑지
A2: 견 적 서
A5: 수신인 : 주식회사 에스엔아이 코퍼레이션 | F5: 등록번호 | G5: 513-81-40808
F6: 상 호
A7: 공사명 : | B7: 사택 9-501 누수탐지 및 바닥 매립배관 보수 | F7: 대표 이사 | G7: 이 성 철
F8: 사업장 | G8: 경북 칠곡군 석적읍 동중리1길(중리 97-2)
A9: 견적일 : | B9: 2024 년 12 월 12 일 | F9: 업 태 | G9: 건설업/제조업/도매및소매업
F10: 종 목 | G10: 기계설비공사/플랜트구조물,철구조물/금속구조물,창호
F11: TEL, FAX | G11: ☏(054)977-8100 FAX(054)977-8102
A12: 금액: | B12: =NUMBERSTRING(F31,1) -> 일백칠만 | D12: 원정
A14: NO | B14: 품명 | C14: 규격 | D14: 수량 | E14: 단위 | F14: 금액 | G14: 비고
B15: 직접비
B16: 재료비 | F16: ='내역서(표준단가)'!O11 -> 0
B17: 노무비 | F17: ='내역서(표준단가)'!Q11 -> 386067
B18: 기계/기타경비 | F18: ='내역서(표준단가)'!S11+'내역서(표준단가)'!U11 -> 600000
B19: 소계 | F19: =F16+F17+F18 -> 986067
B20: 간접비
B21: 국민연금 | C21: 노무비*4.5% | D21: 1 | E21: 식 | F21: =F17*4.5% -> 17373.015 | G21: 모든공사에 적용
B22: 건강보험료 | C22: 노무비*3.545% | D22: 1 | E22: 식 | F22: =F17*3.545% -> 13686.075 | G22: 모든공사에 적용
B23: 장기요양보험료 | C23: 건강보험료*12.95% | D23: 1 | E23: 식 | F23: =F22*12.95% -> 1772.3467 | G23: 모든공사에 적용
B24: 고용보험료 | C24: 노무비*1.01% | D24: 1 | E24: 식 | F24: =F17*1.01% -> 3899.2767 | G24: 모든공사에 적용
B25: 산재보험료 | C25: 노무비*3.56% | D25: 1 | E25: 식 | F25: =F17*3.56% -> 13743.985 | G25: 모든공사에 적용
B26: 산업안전보건관리비 | C26: (재료비+노무비)*2.93% | D26: 1 | E26: 식 | F26: =(F16+F17)*2.93% -> 11311.763 | G26: 모든공사에 적용
B27: 일반관리비/이윤 | C27: (노무비+간접공사비)*5% | D27: 1 | E27: 식 | F27: =SUM(F17+F21+F22+F23+F24+F25+F26)*5% -> 22392.673
B28: 소계 | F28: =F21+F22+F23+F24+F25+F26+F27 -> 84179.135
F30: =F19+F28+F29 -> 1070246.1
B31: 합계(단수조정) | F31: =ROUNDDOWN(F30,-3) -> 1070000
B32: VAT별도

Sheet 내역서(표준단가)
E1: =F1&G1&H1&I1 | O1: ▼낙찰율 | Q1: ▼낙찰율 | S1: ▼낙찰율 | U1: ▼낙찰율
O2: 0.88 | Q2: 0.78 | S2: 1 | U2: 1
F3: ▶ 표준 Code(표준단가/품셈/물정/노임) 순서별 입력(Upload 자동반영) | J3: 주요내역 | L3: 단위 | M3: 수량 | N3: 재료비 | P3: 노무비 | R3: 기계경비 | T3: 기타경비(부자재비) | V3: 합계 | W3: 노무비 할증 | X3: 할증기준
E4: 합계 | F4: 표준단가 D | G4: 표준품셈 E | H4: 물가정보 M | I4: 노임단가 L | J4: 품목 | K4: 규격 | N4: 품셈/표단 | O4: 금액 | P4: 단가 | Q4: 금액 | R4: 단가 | S4: 금액 | T4: 단가 | U4: 금액
E5: =F5&G5&H5&I5 | J5: =갑지!B7 -> 사택 9-501 누수탐지 및 바닥 매립배관 보수
E6: =F6&G6&H6&I6 | J6: - 9동 501호 주방 씽크대 앞 바닥누수 점검 및 보수 | O6: =ROUND(N6*100%*M6,0) -> 0 | Q6: =ROUND(P6*Q$2*M6*W6,0) -> 0 | S6: =ROUND(R6*S$2*M6,0) -> 0 | U6: =ROUND(T6*U$2*M6,0) -> 0 | V6: =U6+S6+Q6+O6 -> 0
E7: =F7&G7&H7&I7 -> L039 | I7: L039 | J7: 배관공 | K7: 최소인건비 | L7: 인 | M7: 1 | O7: =ROUND(N7*100%*M7,0) -> 0 | P7: 224209 | Q7: =ROUND(P7*M7*W7,0) -> 224209 | U7: =T7*M7*$U$2 -> 0 | V7: =SUM(O7+Q7)+S7+U7 -> 224209 | W7: 1
E8: =F8&G8&H8&I8 -> L002 | I8: L002 | J8: 보통인부 | K8: 최소인건비 | L8: 인 | M8: 1 | O8: =ROUND(N8*O$2*M8,0) -> 0 | P8: 161858 | Q8: =ROUND(P8*M8*W8,0) -> 161858 | S8: =R8*M8*$V$2 -> 0 | U8: =T8*M8*$U$2 -> 0 | V8: =SUM(O8+Q8)+S8+U8 -> 161858 | W8: 1
E9: =F9&G9&H9&I9 -> E999999 | I9: E999999 | J9: 누수탐지 | K9: 누수탐지 작업 및 보수 | L9: 식 | M9: 1 | O9: =ROUND(N9*O$2*M9,0) -> 0 | Q9: =(P9*M9*W9)*$T$2 -> 0 | S9: =R9*M9*$V$2 -> 0 | T9: 600000 | U9: =T9*M9*$U$2 -> 600000 | V9: =SUM(O9+Q9)+S9+U9 -> 600000
E11: =F11&G11&H11&I11 | K11: 합 계 | O11: =SUM(O6:O10) -> 0 | Q11: =SUM(Q6:Q10) -> 386067 | S11: =SUM(S6:S10) -> 0 | U11: =SUM(U6:U10) -> 600000 | V11: =SUM(V6:V10) -> 986067
E12: =F12&G12&H12&I12
E13: =F13&G13&H13&I13
E14: =F14&G14&H14&I14
E15: =F15&G15&H15&I15
E16: =F16&G16&H16&I16
E17: =F17&G17&H17&I17
E18: =F18&G18&H18&I18
E19: =F19&G19&H19&I19
E20: =F20&G20&H20&I20
E21: =F21&G21&H21&I21
E22: =F22&G22&H22&I22
E23: =F23&G23&H23&I23
... E92: =F92&G92&H92&I92

Sheet Upload
A1: 구분 | B1: 표준단가 | C1: 표준품셈 | D1: 물가정보 | E1: 노임단가 | F1: 수량 | H1: ★ 작성방법
A2: ='내역서(표준단가)'!E7 -> L039 | B2: ='내역서(표준단가)'!F7 -> 0 | C2: ='내역서(표준단가)'!G7 -> 0 | D2: ='내역서(표준단가)'!H7 -> 0 | E2: ='내역서(표준단가)'!I7 -> L039 | F2: ='내역서(표준단가)'!M7 -> 1 | H2: ② 일부항목 미입력시 업로드 안됨
A3: ='내역서(표준단가)'!E8 -> L002 | B3: ='내역서(표준단가)'!F8 -> 0 | C3: ='내역서(표준단가)'!G8 -> 0 | D3: ='내역서(표준단가)'!H8 -> 0 | E3: ='내역서(표준단가)'!I8 -> L002 | F3: ='내역서(표준단가)'!M8 -> 1 | H3: ② 일부항목 미입력시 업로드 안됨

Sheet Upload(시중가)-별도입력
A1: 표준내역코드 | B1: 세부공종 | C1: 품명 | D1: 규격 | E1: 단위 | F1: 수량 | G1: 재료비단가 | H1: 재료비소계 | I1: 노무비단가 | J1: 노무비소계 | K1: 기계경비단가 | L1: 기계경비소계 | M1: 기타경비단가 | N1: 기타경비소계 | O1: 할증코드 | P1: 재료비할증율 | Q1: 노무비할증율 | R1: 할증내용
A2: E999999 | C2: 누수탐지 | D2: 누수탐지 작업 및 보수 | E2: 식 | F2: 1 | H2: =F2*G2 -> 0 | M2: 600000 | N2: =M2*F2 -> 600000 | R2: 기 실적가

Sheet 공사수립계획서
B1: 공사수립계획서
B4: 업 체 명 | C4: ㈜아트이엔지 | D4: 견적일시 | E4: =갑지!B9 -> 2024 년 12 월 12 일
B5: 공 사 명 | C5: =갑지!B7 -> 사택 9-501 누수탐지 및 바닥 매립배관 보수
B6: 공사 업체 | C6: ■ 공사기간 : 입찰시스템 계약기간에 준함
C7: ■ 인원투입계획 : 총 0 명(주말 : 0 명)
C8: ■ 시공방법
C9: -. 바닥 장판 철거
C10: -. 바닥 누수부 탐지작업
C11: -. 누수부 바닥 헐기 및 누수부분 찾기
C12: -. 바닥 누수부 확인 후 누수조치 동관누수시 산소 용접작업
C13: -. 바닥 누수조치 Leak 확인 후 바닥 마감작업
C14: -. 작업장 정리정돈 및 자재 반출
C18: ■ 위험작업 유무 : 무( 일반작업(중량물 작업) ), 유( 화기작업(산소용접접합) )
C19: ■ 안전확보 방안 :
C20: -. 작업전 작업내용 숙지 및 작업 순서 확인.
C21: -. 개인 안전보호구 착용 철저
... C31: -
B34: ㈜아트이엔지 | C34: 성명 : 김 영 배 | D34: (인감/서명)
B35: ㈜ S&I | C35: 성명 : | D35: 서명
