Workbook

Sheet 갑지
A2: 견 적 서
A5: 수신인 : 주식회사 에스엔아이 코퍼레이션 | F5: 등록번호 | G5: 314-86-35718
F6: 상 호 | G6: ㈜일성건축
A7: 공사명 : 사택 어린이집 햇님반 천장 누수 유도 | F7: 대표 이사 | G7: 상 석 희
F8: 사업장 | G8: 대전 서구 도마6길 107 (도마동)
A9: 견적일 : 2026년 05월 06일 | F9: 업 태 | G9: 건설업
F10: 종 목 | G10: 실내건축,인테리어공사
F11: TEL, FAX | G11: 042)527-0995, 042)527-0996
A12: 금액: | B12: =NUMBERSTRING(F31,1) -> 일백일십사만삼천 | D12: 원정
A14: NO | B14: 품명 | C14: 규격 | D14: 수량 | E14: 단위 | F14: 금액 | G14: 비고
B15: 직접비
B16: 재료비 | F16: ='내역서(표준단가)'!K9 -> 5594.5
B17: 노무비 | F17: ='내역서(표준단가)'!M9 -> 930025.5
B18: 기계/기타경비 | F18: ='내역서(표준단가)'!O9+'내역서(표준단가)'!Q9 -> 0
B19: 소계 | F19: =F16+F17+F18 -> 935620
B20: 간접비
B21: 국민연금 | C21: 노무비*4.75% | D21: 1 | E21: 식 | F21: =F17*4.75% -> 44176.211 | G21: 모든공사에 적용
B22: 건강보험료 | C22: 노무비*3.595% | D22: 1 | E22: 식 | F22: =F17*3.595% -> 33434.417 | G22: 모든공사에 적용
B23: 장기요양보험료 | C23: 건강보험료*13.14% | D23: 1 | E23: 식 | F23: =F22*13.14% -> 4393.2824 | G23: 모든공사에 적용
B24: 고용보험료 | C24: 노무비*1.01% | D24: 1 | E24: 식 | F24: =F17*1.01% -> 9393.2576 | G24: 모든공사에 적용
B25: 산재보험료 | C25: 노무비*3.56% | D25: 1 | E25: 식 | F25: =F17*3.56% -> 33108.908 | G25: 모든공사에 적용
B26: 산업안전보건관리비 | C26: (재료비+노무비)*3.11% | D26: 1 | E26: 식 | F26: =(F16+F17)*3.11% -> 29097.782 | G26: 모든공사에 적용
B27: 일반관리비/이윤 | C27: (노무비+간접공사비)*5% | D27: 1 | E27: 식 | F27: =SUM(F17+F21+F22+F23+F24+F25+F26)*5% -> 54181.468
B28: 소계 | F28: =F21+F22+F23+F24+F25+F26+F27 -> 207785.33
F30: =F19+F28+F29 -> 1143405.3
B31: 합계(단수조정) | F31: =ROUNDDOWN(F30,-3) -> 1143000
B32: VAT별도

Sheet 내역서(표준단가)
K1: ▼낙찰율 | M1: ▼낙찰율 | O1: ▼낙찰율 | Q1: ▼낙찰율
K2: 0.835 | M2: 0.835 | O2: 0.835 | Q2: 0.835
B3: ▶ 표준 Code(표준단가/품셈/물정/노임) 순서별 입력(Upload 자동반영) | F3: 주요내역 | H3: 단위 | I3: 수량 | J3: 재료비 | L3: 노무비 | N3: 기계경비 | P3: 기타경비(부자재비) | R3: 합계 | S3: 노무비 할증 | T3: 할증기준
A4: 합계 | B4: 표준단가 D | C4: 표준품셈 E | D4: 물가정보 M | E4: 노임단가 L | F4: 품목 | G4: 규격 | J4: 품셈/표단 | K4: 금액 | L4: 단가 | M4: 금액 | N4: 단가 | O4: 금액 | P4: 단가 | Q4: 금액
A5: =B5&C5&D5&E5 -> L003 | E5: L003 | F5: 누수 유도 작업 | G5: 특별인부 2인, 주말할증 | H5: 인 | I5: 2 | K5: =SUM(J5:J5)*I5*$K$2 -> 0 | L5: 224490 | M5: =(I5*L5)*1.5 -> 673470 | O5: =N5*I5*$O$2 -> 0 | Q5: =P5*I5*$Q$2 -> 0 | R5: =SUM(K5+M5)+O5+Q5 -> 673470
A6: =B6&C6&D6&E6 -> L003 | E6: L003 | F6: 누수 유도 작업, 사다리보조자 | G6: 보통인부 1인, 주말할증 | H6: 인 | I6: 1 | K6: =SUM(J6:J6)*I6*$K$2 -> 0 | L6: 171037 | M6: =(I6*L6)*1.5 -> 256555.5 | O6: =N6*I6*$O$2 -> 0 | Q6: =P6*I6*$Q$2 -> 0 | R6: =SUM(K6+M6)+O6+Q6 -> 256555.5
A7: =B7&C7&D7&E7 -> M020611010430101 | D7: M020611010430101 | F7: AL개폐식점검구 | G7: 450×450 | H7: 개 | I7: 1 | J7: 6700 | K7: =SUM(J7:J7)*I7*$K$2 -> 5594.5 | M7: =I7*L7*$M$2 -> 0 | O7: =N7*I7*$O$2 -> 0 | Q7: =P7*I7*$Q$2 -> 0 | R7: =SUM(K7+M7)+O7+Q7 -> 5594.5
A8: =B8&C8&D8&E8 | K8: =SUM(J8:J8)*I8*$K$2 -> 0 | M8: =I8*L8 -> 0 | O8: =N8*I8*$O$2 -> 0 | Q8: =P8*I8*$Q$2 -> 0 | R8: =SUM(K8+M8)+O8+Q8 -> 0
K9: =SUM(K5:K8) -> 5594.5 | M9: =SUM(M5:M8) -> 930025.5 | O9: =SUM(O5:O8) -> 0 | Q9: =SUM(Q5:Q8) -> 0 | R9: =SUM(R5:R8) -> 935620
F10: *작업위치 및 일정

Sheet Upload
A1: 구분 | B1: 표준단가 | C1: 표준품셈 | D1: 물가정보 | E1: 노임단가 | F1: 수량
A2: ='내역서(표준단가)'!A5 -> L003 | C2: ='내역서(표준단가)'!C5 -> 0 | D2: ='내역서(표준단가)'!D5 -> 0 | E2: ='내역서(표준단가)'!E5 -> L003 | F2: ='내역서(표준단가)'!I5 -> 2
A3: ='내역서(표준단가)'!A6 -> L003 | C3: ='내역서(표준단가)'!C6 -> 0 | D3: ='내역서(표준단가)'!D6 -> 0 | E3: ='내역서(표준단가)'!E6 -> L003 | F3: ='내역서(표준단가)'!I6 -> 1
A4: ='내역서(표준단가)'!A7 -> M020611010430101 | C4: ='내역서(표준단가)'!C7 -> 0 | D4: ='내역서(표준단가)'!D7 -> M020611010430101 | E4: ='내역서(표준단가)'!E7 -> 0 | F4: ='내역서(표준단가)'!I7 -> 1
