Workbook

Sheet 갑지
A2: 견 적 서
A5: 수신인 : 주식회사 에스엔아이 코퍼레이션 | F5: 등록번호 | G5: 314-86-35718
F6: 상 호 | G6: ㈜일성건축
A7: 공사명 : 사택 어린이집 햇님반 누수보수 | F7: 대표 이사 | G7: 상 석 희
F8: 사업장 | G8: 대전 서구 도마6길 107 (도마동)
A9: 견적일 : 2026년 06월 01일 | F9: 업 태 | G9: 건설업
F10: 종 목 | G10: 실내건축,인테리어공사
F11: TEL, FAX | G11: 042)527-0995, 042)527-0996
A12: 금액: | B12: =NUMBERSTRING(F31,1) -> 일백삼십칠만사천 | D12: 원정
A14: NO | B14: 품명 | C14: 규격 | D14: 수량 | E14: 단위 | F14: 금액 | G14: 비고
B15: 직접비
B16: 재료비 | F16: ='내역서(표준단가)'!K9 -> 865010
B17: 노무비 | F17: ='내역서(표준단가)'!M9 -> 395527
B18: 기계/기타경비 | F18: ='내역서(표준단가)'!O9+'내역서(표준단가)'!Q9 -> 0
B19: 소계 | F19: =F16+F17+F18 -> 1260537
B20: 간접비
B21: 국민연금 | C21: 노무비*4.75% | D21: 1 | E21: 식 | F21: =F17*4.75% -> 18787.533 | G21: 모든공사에 적용
B22: 건강보험료 | C22: 노무비*3.595% | D22: 1 | E22: 식 | F22: =F17*3.595% -> 14219.196 | G22: 모든공사에 적용
B23: 장기요양보험료 | C23: 건강보험료*12.95% | D23: 1 | E23: 식 | F23: =F22*12.95% -> 1841.3858 | G23: 모든공사에 적용
B24: 고용보험료 | C24: 노무비*1.01% | D24: 1 | E24: 식 | F24: =F17*1.01% -> 3994.8227 | G24: 모든공사에 적용
B25: 산재보험료 | C25: 노무비*3.56% | D25: 1 | E25: 식 | F25: =F17*3.56% -> 14080.761 | G25: 모든공사에 적용
B26: 산업안전보건관리비 | C26: (재료비+노무비)*2.93% | D26: 1 | E26: 식 | F26: =(F16+F17)*2.93% -> 36933.734 | G26: 모든공사에 적용
B27: 일반관리비/이윤 | C27: (노무비+간접공사비)*5% | D27: 1 | E27: 식 | F27: =SUM(F17+F21+F22+F23+F24+F25+F26)*5% -> 24269.222
B28: 소계 | F28: =F21+F22+F23+F24+F25+F26+F27 -> 114126.65
F30: =F19+F28+F29 -> 1374663.7
B31: 합계(단수조정) | F31: =ROUNDDOWN(F30,-3) -> 1374000
B32: VAT별도

Sheet 내역서(표준단가)
K1: ▼낙찰율 | M1: ▼낙찰율 | O1: ▼낙찰율 | Q1: ▼낙찰율
K2: 0.835 | M2: 0.835 | O2: 0.835 | Q2: 0.835
B3: ▶ 표준 Code(표준단가/품셈/물정/노임) 순서별 입력(Upload 자동반영) | F3: 주요내역 | H3: 단위 | I3: 수량 | J3: 재료비 | L3: 노무비 | N3: 기계경비 | P3: 기타경비(부자재비) | R3: 합계 | S3: 노무비 할증 | T3: 할증기준
A4: 합계 | B4: 표준단가 D | C4: 표준품셈 E | D4: 물가정보 M | E4: 노임단가 L | F4: 품목 | G4: 규격 | J4: 품셈/표단 | K4: 금액 | L4: 단가 | M4: 금액 | N4: 단가 | O4: 금액 | P4: 단가 | Q4: 금액
A5: =B5&C5&D5&E5 -> M020251411630101 | D5: M020251411630101 | F5: 다우실 988 | G5: 1액형 실리콘, 비오염성 실리콘, 석재 조인트용 | H5: 270㎖ | I5: 1 | J5: 6000 | K5: =SUM(J5:J5)*I5*$K$2 -> 5010 | M5: =(L5*I5)*$M$2 -> 0 | O5: =N5*I5*$O$2 -> 0 | Q5: =P5*I5*$Q$2 -> 0 | R5: =SUM(K5+M5)+O5+Q5 -> 5010
A6: =B6&C6&D6&E6 -> L003 | E6: L003 | F6: 외벽 누수보수 | G6: 특별인부 | H6: 인 | I6: 1 | L6: 224490 | M6: =I6*L6 -> 224490 | O6: =N6*I6*$O$2 -> 0 | Q6: =P6*I6*$Q$2 -> 0 | R6: =SUM(K6+M6)+O6+Q6 -> 224490
A7: =B7&C7&D7&E7 -> L002 | E7: L002 | F7: 외벽 누수보수 | G7: 사다리 보조자, 보통인부 | H7: 인 | I7: 1 | L7: 171037 | M7: =I7*L7 -> 171037 | O7: =N7*I7*$O$2 -> 0 | Q7: =P7*I7*$Q$2 -> 0 | R7: =SUM(K7+M7)+O7+Q7 -> 171037
A8: 999999 | F8: 외벽 대리석 2개소 교체 | G8: 전문업체 견적서 첨부 | H8: Set | I8: 1 | J8: 860000 | K8: =I8*J8 -> 860000 | O8: =I8*N8 -> 0 | R8: =SUM(K8+M8)+O8+Q8 -> 860000
K9: =SUM(K5:K8) -> 865010 | M9: =SUM(M5:M8) -> 395527 | O9: =SUM(O5:O8) -> 0 | Q9: =SUM(Q5:Q8) -> 0 | R9: =SUM(R5:R8) -> 1260537

Sheet 시중가 근거서류

Sheet Upload(시중가)
A1: 표준내역코드 | B1: 세부공종 | C1: 품명 | D1: 규격 | E1: 단위 | F1: 수량 | G1: 재료비단가 | H1: 재료비소계 | I1: 노무비단가 | J1: 노무비소계 | K1: 기계경비단가 | L1: 기계경비소계 | M1: 기타경비단가 | N1: 기타경비소계 | O1: 할증코드 | P1: 재료비할증율 | Q1: 노무비할증율 | R1: 할증내용
A2: 999999 | B2: 영선, 건축 | C2: 외벽 대리석 2개소 교체 | D2: 전문업체 견적서 첨부 | E2: Set | F2: 1 | G2: 860000

Sheet Upload
A1: 구분 | B1: 표준단가 | C1: 표준품셈 | D1: 물가정보 | E1: 노임단가 | F1: 수량
A2: ='내역서(표준단가)'!A5 -> M020251411630101 | B2: ='내역서(표준단가)'!B5 -> 0 | C2: ='내역서(표준단가)'!C5 -> 0 | D2: ='내역서(표준단가)'!D5 -> M020251411630101 | E2: ='내역서(표준단가)'!E5 -> 0 | F2: ='내역서(표준단가)'!I5 -> 1
A3: ='내역서(표준단가)'!A6 -> L003 | B3: ='내역서(표준단가)'!B6 -> 0 | C3: ='내역서(표준단가)'!C6 -> 0 | D3: ='내역서(표준단가)'!D6 -> 0 | E3: ='내역서(표준단가)'!E6 -> L003 | F3: ='내역서(표준단가)'!I6 -> 1
A4: ='내역서(표준단가)'!A7 -> L002 | B4: ='내역서(표준단가)'!B7 -> 0 | C4: ='내역서(표준단가)'!C7 -> 0 | D4: ='내역서(표준단가)'!D7 -> 0 | E4: ='내역서(표준단가)'!E7 -> L002 | F4: ='내역서(표준단가)'!I7 -> 1
