Workbook

Sheet 갑지
A2: 견 적 서
A5: 수신인 : 주식회사 에스엔아이 코퍼레이션 | F5: 등록번호 | G5: 314-86-35718
F6: 상 호 | G6: ㈜일성건축
A7: 공사명 : 임차사택 수장작업 박교리책임(건식전극) | F7: 대표 이사 | G7: 상 석 희
F8: 사업장 | G8: 대전 서구 도마6길 107 (도마동)
A9: 견적일 : 2026년 07월 13일 | F9: 업 태 | G9: 건설업
F10: 종 목 | G10: 실내건축,인테리어공사
F11: TEL, FAX | G11: 042)527-0995, 042)527-0996
A12: 금액: | B12: =NUMBERSTRING(F31,1) -> 삼백삼십사만사천 | D12: 원정
A14: NO | B14: 품명 | C14: 규격 | D14: 수량 | E14: 단위 | F14: 금액 | G14: 비고
B15: 직접비
B16: 재료비 | F16: ='내역서(표준단가)'!K10 -> 654731.52
B17: 노무비 | F17: ='내역서(표준단가)'!M10 -> 2181517.3
B18: 기계/기타경비 | F18: ='내역서(표준단가)'!O10+'내역서(표준단가)'!Q10 -> 0
B19: 소계 | F19: =F16+F17+F18 -> 2836248.8
B20: 간접비
B21: 국민연금 | C21: 노무비*4.75% | D21: 1 | E21: 식 | F21: =F17*4.75% -> 103622.07 | G21: 모든공사에 적용
B22: 건강보험료 | C22: 노무비*3.595% | D22: 1 | E22: 식 | F22: =F17*3.595% -> 78425.547 | G22: 모든공사에 적용
B23: 장기요양보험료 | C23: 건강보험료*12.95% | D23: 1 | E23: 식 | F23: =F22*12.95% -> 10156.108 | G23: 모든공사에 적용
B24: 고용보험료 | C24: 노무비*1.01% | D24: 1 | E24: 식 | F24: =F17*1.01% -> 22033.325 | G24: 모든공사에 적용
B25: 산재보험료 | C25: 노무비*3.56% | D25: 1 | E25: 식 | F25: =F17*3.56% -> 77662.016 | G25: 모든공사에 적용
B26: 산업안전보건관리비 | C26: (재료비+노무비)*3.11% | D26: 1 | E26: 식 | F26: =(F16+F17)*3.11% -> 88207.338 | G26: 모든공사에 적용
B27: 일반관리비/이윤 | C27: (노무비+간접공사비)*5% | D27: 1 | E27: 식 | F27: =SUM(F17+F21+F22+F23+F24+F25+F26)*5% -> 128081.18
B28: 소계 | F28: =F21+F22+F23+F24+F25+F26+F27 -> 508187.59
F30: =F19+F28+F29 -> 3344436.4
B31: 합계(단수조정) | F31: =ROUNDDOWN(F30,-3) -> 3344000
B32: VAT별도

Sheet 내역서(표준단가)
K1: ▼낙찰율 | M1: ▼낙찰율 | O1: ▼낙찰율 | Q1: ▼낙찰율
K2: 0.835 | M2: 0.835 | O2: 0.835 | Q2: 0.835
B3: ▶ 표준 Code(표준단가/품셈/물정/노임) 순서별 입력(Upload 자동반영) | F3: 주요내역 | H3: 단위 | I3: 수량 | J3: 재료비 | L3: 노무비 | N3: 기계경비 | P3: 기타경비(부자재비) | R3: 합계 | S3: 노무비 할증 | T3: 할증기준
A4: 합계 | B4: 표준단가 D | C4: 표준품셈 E | D4: 물가정보 M | E4: 노임단가 L | F4: 품목 | G4: 규격 | J4: 품셈/표단 | K4: 금액 | L4: 단가 | M4: 금액 | N4: 단가 | O4: 금액 | P4: 단가 | Q4: 금액
A5: =B5&C5&D5&E5 -> M020853710050101 | D5: M020853710050101 | F5: 아이리스 | G5: 합지벽지 1R/L=93㎝(고정)×17.75m=16.51㎡, 소요량184/16.51=11.144R/L | H5: R/L | I5: 11.144 | J5: 20900 | K5: =SUM(J5:J5)*I5*$K$2 -> 194479.52 | M5: =(L5*I5)*$M$2 -> 0 | O5: =N5*I5*$O$2 -> 0 | Q5: =P5*I5*$Q$2 -> 0 | R5: =SUM(K5+M5)+O5+Q5 -> 194479.52
A6: =B6&C6&D6&E6 -> E00000803071260301 | C6: E00000803071260301 | F6: 도배 교체(벽) | G6: 일당 시공량-벽 46㎡, 적산정보 500p 참조,시공총량122/일당46=2.652, | H6: (일당) | I6: 2.652 | K6: =SUM(J6:J6)*I6*$K$2 -> 0 | L6: 510462 | M6: =(L6*I6)*$M$2 -> 1130377.3 | O6: =N6*I6*$O$2 -> 0 | Q6: =P6*I6*$Q$2 -> 0 | R6: =SUM(K6+M6)+O6+Q6 -> 1130377.3
A7: =B7&C7&D7&E7 -> E00000803071260301 | C7: E00000803071260301 | F7: 도배 교체(천장) | G7: 일당 시공량-천장 35㎡ 적산정보 500p 참조, 시공총량62/일당35=1.771, | H7: (일당) | I7: 1.771 | K7: =SUM(J7:J7)*I7*$K$2 -> 0 | L7: 510462 | M7: =(L7*I7)*$M$2 -> 754863.55 | O7: =N7*I7*$O$2 -> 0 | Q7: =P7*I7*$Q$2 -> 0 | R7: =SUM(K7+M7)+O7+Q7 -> 754863.55
A8: =B8&C8&D8&E8 -> M020809012520101 | D8: M020809012520101 | F8: 비닐시트바닥재 | G8: 데코리아 다솜(륨) 1.8T×1,830㎜ | H8: ㎡ | I8: 42.4 | J8: 13000 | K8: =SUM(J8:J8)*I8*$K$2 -> 460252 | M8: =(L8*I8)*$M$2 -> 0 | O8: =N8*I8*$O$2 -> 0 | Q8: =P8*I8*$Q$2 -> 0 | R8: =SUM(K8+M8)+O8+Q8 -> 460252
A9: =B9&C9&D9&E9 -> E00000803071260401 | C9: E00000803071260401 | F9: PVC계바닥재 교체 | G9: 일당 시공량-61㎡ 적산정보 500p 참조,시공총량42.4/일당61=0.8443 | H9: (일당) | I9: 0.6951 | K9: =SUM(J9:J9)*I9*$K$2 -> 0 | L9: 510462 | M9: =(L9*I9)*$M$2 -> 296276.48 | O9: =N9*I9*$O$2 -> 0 | Q9: =P9*I9*$Q$2 -> 0 | R9: =SUM(K9+M9)+O9+Q9 -> 296276.48
K10: =SUM(K5:K9) -> 654731.52 | M10: =SUM(M5:M9) -> 2181517.3 | O10: =SUM(O5:O9) -> 0 | Q10: =SUM(Q5:Q9) -> 0 | R10: =SUM(R5:R9) -> 2836248.8

Sheet 상세내역
A1: 내 역 서
A2: 품 명 | B2: 규 격 | C2: 단위 | D2: 수량 | E2: 재 료 비 | G2: 노 무 비 | I2: 기계경비 | K2: 기타경비(부자재비) | M2: 합 계 | O2: 비 고
E3: 단 가 | F3: 금 액 | G3: 단 가 | H3: 금 액 | K3: 단 가 | L3: 금 액 | M3: 단 가 | N3: 금 액
A4: 임차사택 수장작업 박교리책임(건식전극)
A5: 1.도배 | B5: 거실 벽면 | C5: ㎡ | D5: 40 | E5: 1057 | F5: =D5*E5 -> 42280 | G5: 9266 | H5: =D5*G5 -> 370640 | N5: =F5+H5+J5+L5 -> 412920
B6: 거실 천정 | C6: ㎡ | D6: 24 | E6: 1057 | F6: =D6*E6 -> 25368 | G6: 12178 | H6: =D6*G6 -> 292272 | N6: =F6+H6+J6+L6 -> 317640
B7: 방A 벽면 | C7: ㎡ | D7: 32 | E7: 1057 | F7: =D7*E7 -> 33824 | G7: 9266 | H7: =D7*G7 -> 296512 | N7: =F7+H7+J7+L7 -> 330336
B8: 방A 천정 | C8: ㎡ | D8: 16 | E8: 1057 | F8: =D8*E8 -> 16912 | G8: 12178 | H8: =D8*G8 -> 194848 | N8: =F8+H8+J8+L8 -> 211760
B9: 방B 벽면 | C9: ㎡ | D9: 25 | E9: 1057 | F9: =D9*E9 -> 26425 | G9: 9266 | H9: =D9*G9 -> 231650 | N9: =F9+H9+J9+L9 -> 258075
B10: 방B 천정 | C10: ㎡ | D10: 11 | E10: 1057 | F10: =D10*E10 -> 11627 | G10: 12178 | H10: =D10*G10 -> 133958 | N10: =F10+H10+J10+L10 -> 145585
B11: 방C 벽면 | C11: ㎡ | D11: 25 | E11: 1057 | F11: =D11*E11 -> 26425 | G11: 9266 | H11: =D11*G11 -> 231650 | N11: =F11+H11+J11+L11 -> 258075
B12: 방C 천정 | C12: ㎡ | D12: 11 | E12: 1057 | F12: =D12*E12 -> 11627 | G12: 12178 | H12: =D12*G12 -> 133958 | N12: =F12+H12+J12+L12 -> 145585
A13: 소 계 | D13: 198 | F13: =SUM(F5:F12) -> 194488 | H13: =SUM(H5:H12) -> 1885488 | J13: =SUM(J5:J12) -> 0 | L13: =SUM(L5:L12) -> 0 | N13: =SUM(N5:N12) -> 2079976
A14: 2.바닥재 | B14: 거실 바닥 | C14: ㎡ | D14: 22.2 | E14: 10855 | F14: =D14*E14 -> 240981 | G14: 6987 | H14: =D14*G14 -> 155111.4 | N14: =F14+H14+J14+L14 -> 396092.4
B15: 방A 바닥 | C15: ㎡ | D15: 10.4 | E15: 10855 | F15: =D15*E15 -> 112892 | G15: 6987 | H15: =D15*G15 -> 72664.8 | N15: =F15+H15+J15+L15 -> 185556.8
B16: 방B 바닥 | C16: ㎡ | D16: 5.2 | E16: 10855 | F16: =D16*E16 -> 56446 | G16: 6987 | H16: =D16*G16 -> 36332.4 | N16: =F16+H16+J16+L16 -> 92778.4
B17: 방C 바닥 | C17: ㎡ | D17: 4.6 | E17: 10855 | F17: =D17*E17 -> 49933 | G17: 6987 | H17: =D17*G17 -> 32140.2 | N17: =F17+H17+J17+L17 -> 82073.2
A18: 소 계 | D18: =SUM(D14:D17) -> 42.4 | F18: =SUM(F14:F17) -> 460252 | H18: =SUM(H14:H17) -> 296248.8 | J18: =SUM(J14:J17) -> 0 | L18: =SUM(L14:L17) -> 0 | N18: =SUM(N14:N17) -> 756500.8
A19: 합 계 | F19: =F13+F18 -> 654740 | H19: =H13+H18 -> 2181736.8 | J19: =J13+J18 -> 0 | L19: =L13+L18 -> 0 | N19: =N13+N18 -> 2836476.8
A21: *외부 임차 사택공사와 관련하여, 견적서의 금액 \3,344,000원(내역서+부대비용)을 확인 후, 공사 하였기에 서명날인 합니다.
A22: 성명: 근무부서: 전화번호: 사택명:

Sheet Upload
A1: 구분 | B1: 표준단가 | C1: 표준품셈 | D1: 물가정보 | E1: 노임단가 | F1: 수량
A2: ='내역서(표준단가)'!A5 -> M020853710050101 | B2: ='내역서(표준단가)'!B5 -> 0 | C2: ='내역서(표준단가)'!C5 -> 0 | D2: ='내역서(표준단가)'!D5 -> M020853710050101 | E2: ='내역서(표준단가)'!E5 -> 0 | F2: ='내역서(표준단가)'!I5 -> 11.144
A3: ='내역서(표준단가)'!A6 -> E00000803071260301 | B3: ='내역서(표준단가)'!B6 -> 0 | C3: ='내역서(표준단가)'!C6 -> E00000803071260301 | D3: ='내역서(표준단가)'!D6 -> 0 | E3: ='내역서(표준단가)'!E6 -> 0 | F3: ='내역서(표준단가)'!I6 -> 2.652
A4: ='내역서(표준단가)'!A7 -> E00000803071260301 | B4: ='내역서(표준단가)'!B7 -> 0 | C4: ='내역서(표준단가)'!C7 -> E00000803071260301 | D4: ='내역서(표준단가)'!D7 -> 0 | E4: ='내역서(표준단가)'!E7 -> 0 | F4: ='내역서(표준단가)'!I7 -> 1.771
A5: ='내역서(표준단가)'!A8 -> M020809012520101 | B5: ='내역서(표준단가)'!B8 -> 0 | C5: ='내역서(표준단가)'!C8 -> 0 | D5: ='내역서(표준단가)'!D8 -> M020809012520101 | E5: ='내역서(표준단가)'!E8 -> 0 | F5: ='내역서(표준단가)'!I8 -> 42.4
A6: ='내역서(표준단가)'!A9 -> E00000803071260401 | B6: ='내역서(표준단가)'!B9 -> 0 | C6: ='내역서(표준단가)'!C9 -> E00000803071260401 | D6: ='내역서(표준단가)'!D9 -> 0 | E6: ='내역서(표준단가)'!E9 -> 0 | F6: ='내역서(표준단가)'!I9 -> 0.6951

Sheet 초원 23평 도면

Sheet Sheet1
