Workbook

Sheet 갑지
A2: 견 적 서
A5: 수신인: | B5: (주)에스앤아이코퍼레이션 | F5: 주 식 회 사 대 양 이 엔 씨 대 표 박 찬 현
A7: 공사명: | B7: 어린이집 어닝설치 전기공사 | F7: 대전광역시 대덕구 아리랑로 125번길 11
A9: 견적일: | B9: 2025년 09월 일 | F9: 전화 : 042-628-8301 /FAX : 042-628-8304
A12: 금액: | B12: =NUMBERSTRING(F31,1) -> 팔십일만사천 | D12: 원정
A14: NO | B14: 품명 | C14: 규격 | D14: 수량 | E14: 단위 | F14: 금액 | G14: 비고
B15: 직접비
B16: 재료비 | F16: ='내역서(표준단가)'!O10 -> 37658.76
B17: 노무비 | F17: ='내역서(표준단가)'!Q10 -> 635536
B18: 기계/기타경비
B19: 소계 | F19: =F16+F17+F18 -> 673194.76
B20: 간접비
B21: 안전관리비 | C21: (재료비+노무비)*3.11% | D21: 1 | E21: 식 | F21: =(F16+F17)*3.11% -> 20936.357 | G21: 모든공사에 적용
B22: 산재보험료 | C22: 노무비*3.56% | D22: 1 | E22: 식 | F22: =F17*3.56% -> 22625.082 | G22: 모든공사에 적용
B23: 고용보험료 | C23: 노무비*1.01% | D23: 1 | E23: 식 | F23: =F17*1.01% -> 6418.9136 | G23: 모든공사에 적용
B24: 국민건강 보험료 | C24: 노무비*3.545% | D24: 1 | E24: 식 | F24: =F17*3.545% -> 22529.751 | G24: 모든공사에 적용
B25: 국민연금 보험료 | C25: 노무비*4.5% | D25: 1 | E25: 식 | F25: =F17*4.5% -> 28599.12 | G25: 모든공사에 적용
B26: 노인장기요양 보험료 | C26: 국민건강보험료*12.95% | D26: 1 | E26: 식 | F26: =F24*12.95% -> 2917.6028 | G26: 모든공사에 적용
B27: 일반관리비/이윤 | C27: (노무비+간접공사비)*5% | D27: 1 | E27: 식 | F27: =SUM(F17+F21+F22+F23+F24+F25+F26)*5% -> 36978.141
B28: 소계 | F28: =F21+F22+F23+F24+F25+F26+F27 -> 141004.97
F30: =F19+F28+F29 -> 814199.73
B31: 합계(단수조정) | F31: =ROUNDDOWN(F30,-3) -> 814000
B32: VAT별도

Sheet 내역서(표준단가)
O1: ▼낙찰율 | Q1: ▼낙찰율 | S1: ▼낙찰율 | U1: ▼낙찰율 | W1: ▼할증율
I2: 공사명: | J2: 어린이집 어닝설치 전기공사 | O2: 0.83 | Q2: 0.4 | S2: 0.6 | U2: 0.6 | W2: 1 | X2: 기본
I3: 표준 Code | J3: 주요내역 | L3: 단위 | M3: 수량 | N3: 재료비 | P3: 노무비 | R3: 기계경비 | T3: 기타경비(부자재비) | V3: 합계 | W3: 비고
J4: 품목 | K4: 규격 | N4: 단가 | O4: 금액 | P4: 단가 | Q4: 금액 | R4: 단가 | S4: 금액 | T4: 단가 | U4: 금액 | W4: 할증율(%) | X4: 기준
I5: M045041310630101 | J5: FW-CV케이블 | K5: 0.6/1KV 3C 4㎟ | L5: m | M5: 12 | N5: 2846 | O5: =N5*O2*M5 -> 28346.16 | Q5: 0 | V5: =Q5+O5 -> 28346.16
I6: M045243710200101 | J6: 일반방수 | K6: GW-22, 내경(㎜) : 20.8, 외경(㎜) : 26.4 | L6: m | M6: 12 | N6: 935 | O6: =N6*M6*O2 -> 9312.6 | Q6: 0 | V6: =Q6+O6 -> 9312.6
I7: L002 | J7: 보통인부 | K7: 최소인건비 | M7: 1 | O7: 0 | P7: 167081 | Q7: =P7*M7 -> 167081 | V7: =Q7+O7 -> 167081
I8: L072 | J8: 저압케이블전공 | K8: 최소인건비 | M8: 1 | O8: 0 | P8: 301374 | Q8: =P8*M8 -> 301374 | V8: =Q8+O8 -> 301374
I9: L002 | J9: 보통인부 | K9: 사다리보조자 | M9: 1 | O9: 0 | P9: 167081 | Q9: =P9*M9 -> 167081 | V9: =Q9+O9 -> 167081
M10: . | O10: 37658.76 | Q10: 635536 | S10: 0 | V10: 673194.76

Sheet 공사수립계획서
B1: 공사수립계획서
B4: 업 체 명 | C4: 대양이엔씨 | D4: 일 시 | E4: =갑지!B9 -> 2025년 09월 일
B5: 공 사 명 | C5: =갑지!B7 -> 어린이집 어닝설치 전기공사
B6: 공사 업체 | C6: ■ 공사기간 : 입찰시스템 계약기간에 준함
C7: ■ 인원투입계획 : 총 4명(주말 : 명)
C8: ■ 시공방법
C12: 케이블 포설
C13: 전기연결
C20: ■ 위험작업 유무 : 고소작업.전기작업
C21: ■ 안전확보 방안 :
C22: -. 고소작업시 2인1조 작업
C23: -. 천정작업시 안전로프 설치
C24: -. 분전반 결선시 위험표지판 설치 및 차단기 락 설치
C25: ■ 주요 사용물질 :
B29: 대양이엔씨 | C29: 성명 : 홍정운 | D29: (인감/서명)
B30: ㈜ S&I Corp. | C30: 성명 : 이종근 | D30: 서명

Sheet 내역서업로드
G2: ▼낙찰율 | I2: ▼낙찰율 | K2: ▼낙찰율 | M2: ▼낙찰율
B3: ="공사명"&" "&":"&" "&갑지!B7 -> 공사명 : 어린이집 어닝설치 전기공사 | G3: % | I3: % | K3: 0.86 | M3: 0.8
A4: 표준 Code | B4: 주요내역 | D4: 단위 | E4: 수량 | F4: 재료비 | H4: 노무비 | J4: 기계경비 | L4: 기타경비(부자재비) | N4: 합계 | O4: 비고
B5: 품목 | C5: 규격 | F5: 단가 | G5: 금액 | H5: 단가 | I5: 금액 | J5: 단가 | K5: 금액 | L5: 단가 | M5: 금액 | O5: 할증율(%) | P5: 기준
J6: 197736
A7: M045041310630101 | B7: FW-CV케이블 | C7: 0.6/1KV 3C 4㎟ | D7: m | E7: 12 | J7: 295464.15
A8: M045243710200101 | B8: 일반방수 | C8: GW-22, 내경(㎜) : 20.8, 외경(㎜) : 26.4 | D8: m | E8: 12 | J8: 131653
A9: L002 | B9: 보통인부 | C9: 최소인건비 | E9: 1 | J9: 1909218
A10: L072 | B10: 저압케이블전공 | C10: 최소인건비 | E10: 1 | J10: -1044.4
A11: L002 | B11: 보통인부 | E11: 1 | J11: -178344

Sheet Upload
A1: 구분 | B1: 표준단가 | C1: 표준품셈 | D1: 물가정보 | E1: 노임단가 | F1: 수량
A2: =#REF! -> #REF! | B2: =#REF! -> #REF! | C2: =#REF! -> #REF! | D2: =#REF! -> #REF! | E2: =#REF! -> #REF! | F2: =#REF! -> #REF!
A3: =#REF! -> #REF! | B3: =#REF! -> #REF! | C3: =#REF! -> #REF! | D3: =#REF! -> #REF! | E3: =#REF! -> #REF! | F3: =#REF! -> #REF!
A4: =#REF! -> #REF! | B4: =#REF! -> #REF! | C4: =#REF! -> #REF! | D4: =#REF! -> #REF! | E4: =#REF! -> #REF! | F4: =#REF! -> #REF!
A5: =#REF! -> #REF! | B5: =#REF! -> #REF! | C5: =#REF! -> #REF! | D5: =#REF! -> #REF! | E5: =#REF! -> #REF! | F5: =#REF! -> #REF!
A6: =#REF! -> #REF! | B6: =#REF! -> #REF! | C6: =#REF! -> #REF! | D6: =#REF! -> #REF! | E6: =#REF! -> #REF! | F6: =#REF! -> #REF!
A7: =#REF! -> #REF! | B7: =#REF! -> #REF! | C7: =#REF! -> #REF! | D7: =#REF! -> #REF! | E7: =#REF! -> #REF! | F7: =#REF! -> #REF!
